warning[duplicate]: found 2 duplicate entries for crate 'base64'
   ┌─ /home/postfiatchad/repos/postfiatl1v2-release-20260915/Cargo.lock:25:1
   │  
25 │ ╭ base64 0.13.1 registry+https://github.com/rust-lang/crates.io-index
26 │ │ base64 0.22.1 registry+https://github.com/rust-lang/crates.io-index
   │ ╰───────────────────────────────────────────────────────────────────┘ lock entries
   │  
   ├ base64 v0.13.1
     └── svgbobdoc v0.3.0
         └── rlsf v0.2.2
             └── embedded-alloc v0.6.0
                 └── sp1-zkvm v6.3.1
                     ├── fips204 v0.4.6
                     │   └── postfiat-crypto-provider v0.1.0
                     │       ├── postfiat-bench v0.1.0
                     │       ├── postfiat-bridge v0.1.0
                     │       │   ├── postfiat-bench v0.1.0 (*)
                     │       │   ├── postfiat-execution v0.1.0
                     │       │   │   ├── postfiat-bench v0.1.0 (*)
                     │       │   │   ├── postfiat-fastpay-prototype v0.1.0
                     │       │   │   ├── postfiat-fuzz v0.1.0
                     │       │   │   ├── postfiat-node v0.1.0
                     │       │   │   │   ├── postfiat-cobalt-e2-harness v0.1.0
                     │       │   │   │   ├── postfiat-cobalt-e3-harness v0.1.0
                     │       │   │   │   └── postfiat-fuzz v0.1.0 (*)
                     │       │   │   └── postfiat-rpc-sdk v0.1.0
                     │       │   │       ├── postfiat-node v0.1.0 (*)
                     │       │   │       └── postfiat-wallet-wasm v0.1.0
                     │       │   ├── postfiat-fuzz v0.1.0 (*)
                     │       │   └── postfiat-node v0.1.0 (*)
                     │       ├── postfiat-cobalt-e2-harness v0.1.0 (*)
                     │       ├── postfiat-cobalt-e3-harness v0.1.0 (*)
                     │       ├── postfiat-consensus-cobalt v0.1.0
                     │       │   ├── postfiat-cobalt-e1-harness v0.1.0
                     │       │   ├── postfiat-cobalt-e2-harness v0.1.0 (*)
                     │       │   ├── postfiat-cobalt-e3-harness v0.1.0 (*)
                     │       │   ├── postfiat-fuzz v0.1.0 (*)
                     │       │   ├── postfiat-node v0.1.0 (*)
                     │       │   └── postfiat-pfusdc-proofs v0.1.0
                     │       │       └── postfiat-pftl-uniswap-proofs v0.1.0
                     │       │           └── postfiat-node v0.1.0 (*)
                     │       ├── postfiat-execution v0.1.0 (*)
                     │       ├── postfiat-fastpay-prototype v0.1.0 (*)
                     │       ├── postfiat-fuzz v0.1.0 (*)
                     │       ├── postfiat-mempool-dag v0.1.0
                     │       │   ├── postfiat-bench v0.1.0 (*)
                     │       │   ├── (dev) postfiat-consensus-cobalt v0.1.0 (*)
                     │       │   ├── postfiat-fuzz v0.1.0 (*)
                     │       │   ├── postfiat-node v0.1.0 (*)
                     │       │   └── postfiat-ordering-fast v0.1.0
                     │       │       ├── postfiat-bench v0.1.0 (*)
                     │       │       ├── postfiat-fuzz v0.1.0 (*)
                     │       │       ├── postfiat-node v0.1.0 (*)
                     │       │       └── postfiat-pfusdc-proofs v0.1.0 (*)
                     │       ├── postfiat-network v0.1.0
                     │       │   ├── postfiat-fuzz v0.1.0 (*)
                     │       │   └── postfiat-node v0.1.0 (*)
                     │       ├── postfiat-node v0.1.0 (*)
                     │       ├── postfiat-ordering-fast v0.1.0 (*)
                     │       ├── postfiat-pftl-uniswap-proofs v0.1.0 (*)
                     │       ├── postfiat-pfusdc-proofs v0.1.0 (*)
                     │       ├── postfiat-privacy v0.1.0
                     │       │   ├── postfiat-bench v0.1.0 (*)
                     │       │   ├── postfiat-fuzz v0.1.0 (*)
                     │       │   └── postfiat-node v0.1.0 (*)
                     │       ├── postfiat-privacy-orchard v0.1.0
                     │       │   ├── postfiat-fuzz v0.1.0 (*)
                     │       │   └── postfiat-node v0.1.0 (*)
                     │       ├── postfiat-proofs v0.1.0
                     │       │   ├── postfiat-bench v0.1.0 (*)
                     │       │   ├── postfiat-fuzz v0.1.0 (*)
                     │       │   └── postfiat-privacy v0.1.0 (*)
                     │       ├── postfiat-rpc-sdk v0.1.0 (*)
                     │       └── postfiat-wallet-wasm v0.1.0 (*)
                     └── postfiat-crypto-provider v0.1.0 (*)
   ├ base64 v0.22.1
     ├── arc-conformance v0.1.0
     ├── hyper-util v0.1.20
     │   ├── hyper-rustls v0.27.9
     │   │   └── reqwest v0.12.28
     │   │       └── arc-conformance v0.1.0 (*)
     │   └── reqwest v0.12.28 (*)
     ├── postfiat-node v0.1.0
     │   ├── postfiat-cobalt-e2-harness v0.1.0
     │   ├── postfiat-cobalt-e3-harness v0.1.0
     │   └── postfiat-fuzz v0.1.0
     ├── postfiat-rpc-sdk v0.1.0
     │   ├── postfiat-node v0.1.0 (*)
     │   └── postfiat-wallet-wasm v0.1.0
     └── reqwest v0.12.28 (*)

warning[duplicate]: found 2 duplicate entries for crate 'block-buffer'
   ┌─ /home/postfiatchad/repos/postfiatl1v2-release-20260915/Cargo.lock:33:1
   │  
33 │ ╭ block-buffer 0.10.4 registry+https://github.com/rust-lang/crates.io-index
34 │ │ block-buffer 0.12.0 registry+https://github.com/rust-lang/crates.io-index
   │ ╰─────────────────────────────────────────────────────────────────────────┘ lock entries
   │  
   ├ block-buffer v0.10.4
     └── digest v0.10.7
         ├── curve25519-dalek v4.1.3
         │   └── ed25519-dalek v2.2.0
         │       └── arc-conformance v0.1.0
         ├── ecdsa v0.16.9
         │   └── k256 v0.13.4
         │       └── postfiat-node v0.1.0
         │           ├── postfiat-cobalt-e2-harness v0.1.0
         │           ├── postfiat-cobalt-e3-harness v0.1.0
         │           └── postfiat-fuzz v0.1.0
         ├── elliptic-curve v0.13.8
         │   ├── ecdsa v0.16.9 (*)
         │   └── k256 v0.13.4 (*)
         ├── hmac v0.12.1
         │   └── rfc6979 v0.4.0
         │       └── ecdsa v0.16.9 (*)
         ├── sha2 v0.10.9
         │   ├── ed25519-dalek v2.2.0 (*)
         │   ├── fips204 v0.4.6
         │   │   └── postfiat-crypto-provider v0.1.0
         │   │       ├── postfiat-bench v0.1.0
         │   │       ├── postfiat-bridge v0.1.0
         │   │       │   ├── postfiat-bench v0.1.0 (*)
         │   │       │   ├── postfiat-execution v0.1.0
         │   │       │   │   ├── postfiat-bench v0.1.0 (*)
         │   │       │   │   ├── postfiat-fastpay-prototype v0.1.0
         │   │       │   │   ├── postfiat-fuzz v0.1.0 (*)
         │   │       │   │   ├── postfiat-node v0.1.0 (*)
         │   │       │   │   └── postfiat-rpc-sdk v0.1.0
         │   │       │   │       ├── postfiat-node v0.1.0 (*)
         │   │       │   │       └── postfiat-wallet-wasm v0.1.0
         │   │       │   ├── postfiat-fuzz v0.1.0 (*)
         │   │       │   └── postfiat-node v0.1.0 (*)
         │   │       ├── postfiat-cobalt-e2-harness v0.1.0 (*)
         │   │       ├── postfiat-cobalt-e3-harness v0.1.0 (*)
         │   │       ├── postfiat-consensus-cobalt v0.1.0
         │   │       │   ├── postfiat-cobalt-e1-harness v0.1.0
         │   │       │   ├── postfiat-cobalt-e2-harness v0.1.0 (*)
         │   │       │   ├── postfiat-cobalt-e3-harness v0.1.0 (*)
         │   │       │   ├── postfiat-fuzz v0.1.0 (*)
         │   │       │   ├── postfiat-node v0.1.0 (*)
         │   │       │   └── postfiat-pfusdc-proofs v0.1.0
         │   │       │       └── postfiat-pftl-uniswap-proofs v0.1.0
         │   │       │           └── postfiat-node v0.1.0 (*)
         │   │       ├── postfiat-execution v0.1.0 (*)
         │   │       ├── postfiat-fastpay-prototype v0.1.0 (*)
         │   │       ├── postfiat-fuzz v0.1.0 (*)
         │   │       ├── postfiat-mempool-dag v0.1.0
         │   │       │   ├── postfiat-bench v0.1.0 (*)
         │   │       │   ├── (dev) postfiat-consensus-cobalt v0.1.0 (*)
         │   │       │   ├── postfiat-fuzz v0.1.0 (*)
         │   │       │   ├── postfiat-node v0.1.0 (*)
         │   │       │   └── postfiat-ordering-fast v0.1.0
         │   │       │       ├── postfiat-bench v0.1.0 (*)
         │   │       │       ├── postfiat-fuzz v0.1.0 (*)
         │   │       │       ├── postfiat-node v0.1.0 (*)
         │   │       │       └── postfiat-pfusdc-proofs v0.1.0 (*)
         │   │       ├── postfiat-network v0.1.0
         │   │       │   ├── postfiat-fuzz v0.1.0 (*)
         │   │       │   └── postfiat-node v0.1.0 (*)
         │   │       ├── postfiat-node v0.1.0 (*)
         │   │       ├── postfiat-ordering-fast v0.1.0 (*)
         │   │       ├── postfiat-pftl-uniswap-proofs v0.1.0 (*)
         │   │       ├── postfiat-pfusdc-proofs v0.1.0 (*)
         │   │       ├── postfiat-privacy v0.1.0
         │   │       │   ├── postfiat-bench v0.1.0 (*)
         │   │       │   ├── postfiat-fuzz v0.1.0 (*)
         │   │       │   └── postfiat-node v0.1.0 (*)
         │   │       ├── postfiat-privacy-orchard v0.1.0
         │   │       │   ├── postfiat-fuzz v0.1.0 (*)
         │   │       │   └── postfiat-node v0.1.0 (*)
         │   │       ├── postfiat-proofs v0.1.0
         │   │       │   ├── postfiat-bench v0.1.0 (*)
         │   │       │   ├── postfiat-fuzz v0.1.0 (*)
         │   │       │   └── postfiat-privacy v0.1.0 (*)
         │   │       ├── postfiat-rpc-sdk v0.1.0 (*)
         │   │       └── postfiat-wallet-wasm v0.1.0 (*)
         │   ├── fips204 v0.4.6
         │   │   └── (dev) postfiat-crypto-provider v0.1.0 (*)
         │   ├── k256 v0.13.4 (*)
         │   ├── postfiat-bench v0.1.0 (*)
         │   ├── postfiat-cobalt-adversarial-oracle v0.1.0
         │   │   └── postfiat-cobalt-e1-harness v0.1.0 (*)
         │   ├── postfiat-cobalt-decision-oracle v0.1.0
         │   │   └── postfiat-cobalt-e1-harness v0.1.0 (*)
         │   ├── postfiat-cobalt-e1-harness v0.1.0 (*)
         │   ├── postfiat-cobalt-e2-harness v0.1.0 (*)
         │   ├── postfiat-cobalt-e3-harness v0.1.0 (*)
         │   ├── postfiat-node v0.1.0 (*)
         │   ├── postfiat-types v0.1.0
         │   │   ├── postfiat-bench v0.1.0 (*)
         │   │   ├── postfiat-bridge v0.1.0 (*)
         │   │   ├── postfiat-consensus-cobalt v0.1.0 (*)
         │   │   ├── postfiat-execution v0.1.0 (*)
         │   │   ├── postfiat-fastpay-prototype v0.1.0 (*)
         │   │   ├── postfiat-fuzz v0.1.0 (*)
         │   │   ├── postfiat-mempool-dag v0.1.0 (*)
         │   │   ├── postfiat-nav-reserve-protocol v0.1.0
         │   │   │   └── postfiat-execution v0.1.0 (*)
         │   │   ├── postfiat-node v0.1.0 (*)
         │   │   ├── postfiat-ordering-fast v0.1.0 (*)
         │   │   ├── postfiat-pftl-uniswap-proofs v0.1.0 (*)
         │   │   ├── postfiat-pfusdc-proofs v0.1.0 (*)
         │   │   ├── postfiat-privacy v0.1.0 (*)
         │   │   ├── postfiat-rpc-sdk v0.1.0 (*)
         │   │   ├── postfiat-storage v0.1.0
         │   │   │   ├── postfiat-bench v0.1.0 (*)
         │   │   │   └── postfiat-node v0.1.0 (*)
         │   │   └── postfiat-wallet-wasm v0.1.0 (*)
         │   ├── sp1-primitives v6.3.1
         │   │   ├── sp1-hypercube v6.3.1
         │   │   │   ├── (build) sp1-recursion-executor v6.3.1
         │   │   │   │   ├── (build) sp1-recursion-machine v6.3.1
         │   │   │   │   │   └── sp1-verifier v6.3.1
         │   │   │   │   │       └── postfiat-execution v0.1.0 (*)
         │   │   │   │   └── sp1-verifier v6.3.1 (*)
         │   │   │   ├── (build) sp1-recursion-machine v6.3.1 (*)
         │   │   │   └── sp1-verifier v6.3.1 (*)
         │   │   ├── sp1-lib v6.3.1
         │   │   │   └── sp1-zkvm v6.3.1
         │   │   │       ├── fips204 v0.4.6 (*)
         │   │   │       └── postfiat-crypto-provider v0.1.0 (*)
         │   │   ├── (build) sp1-recursion-machine v6.3.1 (*)
         │   │   ├── sp1-verifier v6.3.1 (*)
         │   │   └── sp1-zkvm v6.3.1 (*)
         │   ├── sp1-verifier v6.3.1 (*)
         │   └── sp1-zkvm v6.3.1 (*)
         ├── sha3 v0.10.9
         │   ├── alloy-primitives v1.5.7
         │   │   ├── alloy-sol-types v1.5.7
         │   │   │   └── arc-conformance v0.1.0 (*)
         │   │   ├── alloy-trie v0.9.5
         │   │   │   └── arc-conformance v0.1.0 (*)
         │   │   └── arc-conformance v0.1.0 (*)
         │   ├── alloy-sol-macro-expander v1.5.7
         │   │   └── alloy-sol-macro v1.5.7
         │   │       ├── alloy-sol-types v1.5.7 (*)
         │   │       └── arc-conformance v0.1.0 (*)
         │   ├── fips204 v0.4.6 (*)
         │   └── fips204 v0.4.6 (*)
         └── signature v2.2.0
             ├── ecdsa v0.16.9 (*)
             ├── ed25519 v2.2.3
             │   └── ed25519-dalek v2.2.0 (*)
             └── k256 v0.13.4 (*)
   ├ block-buffer v0.12.0
     └── digest v0.11.3
         └── sha3 v0.11.0
             ├── arc-conformance v0.1.0
             ├── postfiat-bridge v0.1.0
             │   ├── postfiat-bench v0.1.0
             │   ├── postfiat-execution v0.1.0
             │   │   ├── postfiat-bench v0.1.0 (*)
             │   │   ├── postfiat-fastpay-prototype v0.1.0
             │   │   ├── postfiat-fuzz v0.1.0
             │   │   ├── postfiat-node v0.1.0
             │   │   │   ├── postfiat-cobalt-e2-harness v0.1.0
             │   │   │   ├── postfiat-cobalt-e3-harness v0.1.0
             │   │   │   └── postfiat-fuzz v0.1.0 (*)
             │   │   └── postfiat-rpc-sdk v0.1.0
             │   │       ├── postfiat-node v0.1.0 (*)
             │   │       └── postfiat-wallet-wasm v0.1.0
             │   ├── postfiat-fuzz v0.1.0 (*)
             │   └── postfiat-node v0.1.0 (*)
             ├── postfiat-crypto-provider v0.1.0
             │   ├── postfiat-bench v0.1.0 (*)
             │   ├── postfiat-bridge v0.1.0 (*)
             │   ├── postfiat-cobalt-e2-harness v0.1.0 (*)
             │   ├── postfiat-cobalt-e3-harness v0.1.0 (*)
             │   ├── postfiat-consensus-cobalt v0.1.0
             │   │   ├── postfiat-cobalt-e1-harness v0.1.0
             │   │   ├── postfiat-cobalt-e2-harness v0.1.0 (*)
             │   │   ├── postfiat-cobalt-e3-harness v0.1.0 (*)
             │   │   ├── postfiat-fuzz v0.1.0 (*)
             │   │   ├── postfiat-node v0.1.0 (*)
             │   │   └── postfiat-pfusdc-proofs v0.1.0
             │   │       └── postfiat-pftl-uniswap-proofs v0.1.0
             │   │           └── postfiat-node v0.1.0 (*)
             │   ├── postfiat-execution v0.1.0 (*)
             │   ├── postfiat-fastpay-prototype v0.1.0 (*)
             │   ├── postfiat-fuzz v0.1.0 (*)
             │   ├── postfiat-mempool-dag v0.1.0
             │   │   ├── postfiat-bench v0.1.0 (*)
             │   │   ├── (dev) postfiat-consensus-cobalt v0.1.0 (*)
             │   │   ├── postfiat-fuzz v0.1.0 (*)
             │   │   ├── postfiat-node v0.1.0 (*)
             │   │   └── postfiat-ordering-fast v0.1.0
             │   │       ├── postfiat-bench v0.1.0 (*)
             │   │       ├── postfiat-fuzz v0.1.0 (*)
             │   │       ├── postfiat-node v0.1.0 (*)
             │   │       └── postfiat-pfusdc-proofs v0.1.0 (*)
             │   ├── postfiat-network v0.1.0
             │   │   ├── postfiat-fuzz v0.1.0 (*)
             │   │   └── postfiat-node v0.1.0 (*)
             │   ├── postfiat-node v0.1.0 (*)
             │   ├── postfiat-ordering-fast v0.1.0 (*)
             │   ├── postfiat-pftl-uniswap-proofs v0.1.0 (*)
             │   ├── postfiat-pfusdc-proofs v0.1.0 (*)
             │   ├── postfiat-privacy v0.1.0
             │   │   ├── postfiat-bench v0.1.0 (*)
             │   │   ├── postfiat-fuzz v0.1.0 (*)
             │   │   └── postfiat-node v0.1.0 (*)
             │   ├── postfiat-privacy-orchard v0.1.0
             │   │   ├── postfiat-fuzz v0.1.0 (*)
             │   │   └── postfiat-node v0.1.0 (*)
             │   ├── postfiat-proofs v0.1.0
             │   │   ├── postfiat-bench v0.1.0 (*)
             │   │   ├── postfiat-fuzz v0.1.0 (*)
             │   │   └── postfiat-privacy v0.1.0 (*)
             │   ├── postfiat-rpc-sdk v0.1.0 (*)
             │   └── postfiat-wallet-wasm v0.1.0 (*)
             ├── postfiat-fuzz v0.1.0 (*)
             ├── postfiat-nav-reserve-protocol v0.1.0
             │   └── postfiat-execution v0.1.0 (*)
             ├── postfiat-node v0.1.0 (*)
             ├── postfiat-pftl-uniswap-proofs v0.1.0 (*)
             ├── postfiat-privacy-orchard v0.1.0 (*)
             ├── postfiat-rpc-sdk v0.1.0 (*)
             ├── postfiat-storage v0.1.0
             │   ├── postfiat-bench v0.1.0 (*)
             │   └── postfiat-node v0.1.0 (*)
             └── postfiat-types v0.1.0
                 ├── postfiat-bench v0.1.0 (*)
                 ├── postfiat-bridge v0.1.0 (*)
                 ├── postfiat-consensus-cobalt v0.1.0 (*)
                 ├── postfiat-execution v0.1.0 (*)
                 ├── postfiat-fastpay-prototype v0.1.0 (*)
                 ├── postfiat-fuzz v0.1.0 (*)
                 ├── postfiat-mempool-dag v0.1.0 (*)
                 ├── postfiat-nav-reserve-protocol v0.1.0 (*)
                 ├── postfiat-node v0.1.0 (*)
                 ├── postfiat-ordering-fast v0.1.0 (*)
                 ├── postfiat-pftl-uniswap-proofs v0.1.0 (*)
                 ├── postfiat-pfusdc-proofs v0.1.0 (*)
                 ├── postfiat-privacy v0.1.0 (*)
                 ├── postfiat-rpc-sdk v0.1.0 (*)
                 ├── postfiat-storage v0.1.0 (*)
                 └── postfiat-wallet-wasm v0.1.0 (*)

warning[duplicate]: found 2 duplicate entries for crate 'const-oid'
   ┌─ /home/postfiatchad/repos/postfiatl1v2-release-20260915/Cargo.lock:49:1
   │  
49 │ ╭ const-oid 0.9.6 registry+https://github.com/rust-lang/crates.io-index
50 │ │ const-oid 0.10.2 registry+https://github.com/rust-lang/crates.io-index
   │ ╰──────────────────────────────────────────────────────────────────────┘ lock entries
   │  
   ├ const-oid v0.9.6
     ├── der v0.7.10
     │   ├── ecdsa v0.16.9
     │   │   └── k256 v0.13.4
     │   │       └── postfiat-node v0.1.0
     │   │           ├── postfiat-cobalt-e2-harness v0.1.0
     │   │           ├── postfiat-cobalt-e3-harness v0.1.0
     │   │           └── postfiat-fuzz v0.1.0
     │   ├── pkcs8 v0.10.2
     │   │   └── elliptic-curve v0.13.8
     │   │       ├── ecdsa v0.16.9 (*)
     │   │       └── k256 v0.13.4 (*)
     │   ├── sec1 v0.7.3
     │   │   └── elliptic-curve v0.13.8 (*)
     │   └── spki v0.7.3
     │       ├── ecdsa v0.16.9 (*)
     │       └── pkcs8 v0.10.2 (*)
     └── digest v0.10.7
         ├── curve25519-dalek v4.1.3
         │   └── ed25519-dalek v2.2.0
         │       └── arc-conformance v0.1.0
         ├── ecdsa v0.16.9 (*)
         ├── elliptic-curve v0.13.8 (*)
         ├── hmac v0.12.1
         │   └── rfc6979 v0.4.0
         │       └── ecdsa v0.16.9 (*)
         ├── sha2 v0.10.9
         │   ├── ed25519-dalek v2.2.0 (*)
         │   ├── fips204 v0.4.6
         │   │   └── postfiat-crypto-provider v0.1.0
         │   │       ├── postfiat-bench v0.1.0
         │   │       ├── postfiat-bridge v0.1.0
         │   │       │   ├── postfiat-bench v0.1.0 (*)
         │   │       │   ├── postfiat-execution v0.1.0
         │   │       │   │   ├── postfiat-bench v0.1.0 (*)
         │   │       │   │   ├── postfiat-fastpay-prototype v0.1.0
         │   │       │   │   ├── postfiat-fuzz v0.1.0 (*)
         │   │       │   │   ├── postfiat-node v0.1.0 (*)
         │   │       │   │   └── postfiat-rpc-sdk v0.1.0
         │   │       │   │       ├── postfiat-node v0.1.0 (*)
         │   │       │   │       └── postfiat-wallet-wasm v0.1.0
         │   │       │   ├── postfiat-fuzz v0.1.0 (*)
         │   │       │   └── postfiat-node v0.1.0 (*)
         │   │       ├── postfiat-cobalt-e2-harness v0.1.0 (*)
         │   │       ├── postfiat-cobalt-e3-harness v0.1.0 (*)
         │   │       ├── postfiat-consensus-cobalt v0.1.0
         │   │       │   ├── postfiat-cobalt-e1-harness v0.1.0
         │   │       │   ├── postfiat-cobalt-e2-harness v0.1.0 (*)
         │   │       │   ├── postfiat-cobalt-e3-harness v0.1.0 (*)
         │   │       │   ├── postfiat-fuzz v0.1.0 (*)
         │   │       │   ├── postfiat-node v0.1.0 (*)
         │   │       │   └── postfiat-pfusdc-proofs v0.1.0
         │   │       │       └── postfiat-pftl-uniswap-proofs v0.1.0
         │   │       │           └── postfiat-node v0.1.0 (*)
         │   │       ├── postfiat-execution v0.1.0 (*)
         │   │       ├── postfiat-fastpay-prototype v0.1.0 (*)
         │   │       ├── postfiat-fuzz v0.1.0 (*)
         │   │       ├── postfiat-mempool-dag v0.1.0
         │   │       │   ├── postfiat-bench v0.1.0 (*)
         │   │       │   ├── (dev) postfiat-consensus-cobalt v0.1.0 (*)
         │   │       │   ├── postfiat-fuzz v0.1.0 (*)
         │   │       │   ├── postfiat-node v0.1.0 (*)
         │   │       │   └── postfiat-ordering-fast v0.1.0
         │   │       │       ├── postfiat-bench v0.1.0 (*)
         │   │       │       ├── postfiat-fuzz v0.1.0 (*)
         │   │       │       ├── postfiat-node v0.1.0 (*)
         │   │       │       └── postfiat-pfusdc-proofs v0.1.0 (*)
         │   │       ├── postfiat-network v0.1.0
         │   │       │   ├── postfiat-fuzz v0.1.0 (*)
         │   │       │   └── postfiat-node v0.1.0 (*)
         │   │       ├── postfiat-node v0.1.0 (*)
         │   │       ├── postfiat-ordering-fast v0.1.0 (*)
         │   │       ├── postfiat-pftl-uniswap-proofs v0.1.0 (*)
         │   │       ├── postfiat-pfusdc-proofs v0.1.0 (*)
         │   │       ├── postfiat-privacy v0.1.0
         │   │       │   ├── postfiat-bench v0.1.0 (*)
         │   │       │   ├── postfiat-fuzz v0.1.0 (*)
         │   │       │   └── postfiat-node v0.1.0 (*)
         │   │       ├── postfiat-privacy-orchard v0.1.0
         │   │       │   ├── postfiat-fuzz v0.1.0 (*)
         │   │       │   └── postfiat-node v0.1.0 (*)
         │   │       ├── postfiat-proofs v0.1.0
         │   │       │   ├── postfiat-bench v0.1.0 (*)
         │   │       │   ├── postfiat-fuzz v0.1.0 (*)
         │   │       │   └── postfiat-privacy v0.1.0 (*)
         │   │       ├── postfiat-rpc-sdk v0.1.0 (*)
         │   │       └── postfiat-wallet-wasm v0.1.0 (*)
         │   ├── fips204 v0.4.6
         │   │   └── (dev) postfiat-crypto-provider v0.1.0 (*)
         │   ├── k256 v0.13.4 (*)
         │   ├── postfiat-bench v0.1.0 (*)
         │   ├── postfiat-cobalt-adversarial-oracle v0.1.0
         │   │   └── postfiat-cobalt-e1-harness v0.1.0 (*)
         │   ├── postfiat-cobalt-decision-oracle v0.1.0
         │   │   └── postfiat-cobalt-e1-harness v0.1.0 (*)
         │   ├── postfiat-cobalt-e1-harness v0.1.0 (*)
         │   ├── postfiat-cobalt-e2-harness v0.1.0 (*)
         │   ├── postfiat-cobalt-e3-harness v0.1.0 (*)
         │   ├── postfiat-node v0.1.0 (*)
         │   ├── postfiat-types v0.1.0
         │   │   ├── postfiat-bench v0.1.0 (*)
         │   │   ├── postfiat-bridge v0.1.0 (*)
         │   │   ├── postfiat-consensus-cobalt v0.1.0 (*)
         │   │   ├── postfiat-execution v0.1.0 (*)
         │   │   ├── postfiat-fastpay-prototype v0.1.0 (*)
         │   │   ├── postfiat-fuzz v0.1.0 (*)
         │   │   ├── postfiat-mempool-dag v0.1.0 (*)
         │   │   ├── postfiat-nav-reserve-protocol v0.1.0
         │   │   │   └── postfiat-execution v0.1.0 (*)
         │   │   ├── postfiat-node v0.1.0 (*)
         │   │   ├── postfiat-ordering-fast v0.1.0 (*)
         │   │   ├── postfiat-pftl-uniswap-proofs v0.1.0 (*)
         │   │   ├── postfiat-pfusdc-proofs v0.1.0 (*)
         │   │   ├── postfiat-privacy v0.1.0 (*)
         │   │   ├── postfiat-rpc-sdk v0.1.0 (*)
         │   │   ├── postfiat-storage v0.1.0
         │   │   │   ├── postfiat-bench v0.1.0 (*)
         │   │   │   └── postfiat-node v0.1.0 (*)
         │   │   └── postfiat-wallet-wasm v0.1.0 (*)
         │   ├── sp1-primitives v6.3.1
         │   │   ├── sp1-hypercube v6.3.1
         │   │   │   ├── (build) sp1-recursion-executor v6.3.1
         │   │   │   │   ├── (build) sp1-recursion-machine v6.3.1
         │   │   │   │   │   └── sp1-verifier v6.3.1
         │   │   │   │   │       └── postfiat-execution v0.1.0 (*)
         │   │   │   │   └── sp1-verifier v6.3.1 (*)
         │   │   │   ├── (build) sp1-recursion-machine v6.3.1 (*)
         │   │   │   └── sp1-verifier v6.3.1 (*)
         │   │   ├── sp1-lib v6.3.1
         │   │   │   └── sp1-zkvm v6.3.1
         │   │   │       ├── fips204 v0.4.6 (*)
         │   │   │       └── postfiat-crypto-provider v0.1.0 (*)
         │   │   ├── (build) sp1-recursion-machine v6.3.1 (*)
         │   │   ├── sp1-verifier v6.3.1 (*)
         │   │   └── sp1-zkvm v6.3.1 (*)
         │   ├── sp1-verifier v6.3.1 (*)
         │   └── sp1-zkvm v6.3.1 (*)
         ├── sha3 v0.10.9
         │   ├── alloy-primitives v1.5.7
         │   │   ├── alloy-sol-types v1.5.7
         │   │   │   └── arc-conformance v0.1.0 (*)
         │   │   ├── alloy-trie v0.9.5
         │   │   │   └── arc-conformance v0.1.0 (*)
         │   │   └── arc-conformance v0.1.0 (*)
         │   ├── alloy-sol-macro-expander v1.5.7
         │   │   └── alloy-sol-macro v1.5.7
         │   │       ├── alloy-sol-types v1.5.7 (*)
         │   │       └── arc-conformance v0.1.0 (*)
         │   ├── fips204 v0.4.6 (*)
         │   └── fips204 v0.4.6 (*)
         └── signature v2.2.0
             ├── ecdsa v0.16.9 (*)
             ├── ed25519 v2.2.3
             │   └── ed25519-dalek v2.2.0 (*)
             └── k256 v0.13.4 (*)
   ├ const-oid v0.10.2
     └── digest v0.11.3
         └── sha3 v0.11.0
             ├── arc-conformance v0.1.0
             ├── postfiat-bridge v0.1.0
             │   ├── postfiat-bench v0.1.0
             │   ├── postfiat-execution v0.1.0
             │   │   ├── postfiat-bench v0.1.0 (*)
             │   │   ├── postfiat-fastpay-prototype v0.1.0
             │   │   ├── postfiat-fuzz v0.1.0
             │   │   ├── postfiat-node v0.1.0
             │   │   │   ├── postfiat-cobalt-e2-harness v0.1.0
             │   │   │   ├── postfiat-cobalt-e3-harness v0.1.0
             │   │   │   └── postfiat-fuzz v0.1.0 (*)
             │   │   └── postfiat-rpc-sdk v0.1.0
             │   │       ├── postfiat-node v0.1.0 (*)
             │   │       └── postfiat-wallet-wasm v0.1.0
             │   ├── postfiat-fuzz v0.1.0 (*)
             │   └── postfiat-node v0.1.0 (*)
             ├── postfiat-crypto-provider v0.1.0
             │   ├── postfiat-bench v0.1.0 (*)
             │   ├── postfiat-bridge v0.1.0 (*)
             │   ├── postfiat-cobalt-e2-harness v0.1.0 (*)
             │   ├── postfiat-cobalt-e3-harness v0.1.0 (*)
             │   ├── postfiat-consensus-cobalt v0.1.0
             │   │   ├── postfiat-cobalt-e1-harness v0.1.0
             │   │   ├── postfiat-cobalt-e2-harness v0.1.0 (*)
             │   │   ├── postfiat-cobalt-e3-harness v0.1.0 (*)
             │   │   ├── postfiat-fuzz v0.1.0 (*)
             │   │   ├── postfiat-node v0.1.0 (*)
             │   │   └── postfiat-pfusdc-proofs v0.1.0
             │   │       └── postfiat-pftl-uniswap-proofs v0.1.0
             │   │           └── postfiat-node v0.1.0 (*)
             │   ├── postfiat-execution v0.1.0 (*)
             │   ├── postfiat-fastpay-prototype v0.1.0 (*)
             │   ├── postfiat-fuzz v0.1.0 (*)
             │   ├── postfiat-mempool-dag v0.1.0
             │   │   ├── postfiat-bench v0.1.0 (*)
             │   │   ├── (dev) postfiat-consensus-cobalt v0.1.0 (*)
             │   │   ├── postfiat-fuzz v0.1.0 (*)
             │   │   ├── postfiat-node v0.1.0 (*)
             │   │   └── postfiat-ordering-fast v0.1.0
             │   │       ├── postfiat-bench v0.1.0 (*)
             │   │       ├── postfiat-fuzz v0.1.0 (*)
             │   │       ├── postfiat-node v0.1.0 (*)
             │   │       └── postfiat-pfusdc-proofs v0.1.0 (*)
             │   ├── postfiat-network v0.1.0
             │   │   ├── postfiat-fuzz v0.1.0 (*)
             │   │   └── postfiat-node v0.1.0 (*)
             │   ├── postfiat-node v0.1.0 (*)
             │   ├── postfiat-ordering-fast v0.1.0 (*)
             │   ├── postfiat-pftl-uniswap-proofs v0.1.0 (*)
             │   ├── postfiat-pfusdc-proofs v0.1.0 (*)
             │   ├── postfiat-privacy v0.1.0
             │   │   ├── postfiat-bench v0.1.0 (*)
             │   │   ├── postfiat-fuzz v0.1.0 (*)
             │   │   └── postfiat-node v0.1.0 (*)
             │   ├── postfiat-privacy-orchard v0.1.0
             │   │   ├── postfiat-fuzz v0.1.0 (*)
             │   │   └── postfiat-node v0.1.0 (*)
             │   ├── postfiat-proofs v0.1.0
             │   │   ├── postfiat-bench v0.1.0 (*)
             │   │   ├── postfiat-fuzz v0.1.0 (*)
             │   │   └── postfiat-privacy v0.1.0 (*)
             │   ├── postfiat-rpc-sdk v0.1.0 (*)
             │   └── postfiat-wallet-wasm v0.1.0 (*)
             ├── postfiat-fuzz v0.1.0 (*)
             ├── postfiat-nav-reserve-protocol v0.1.0
             │   └── postfiat-execution v0.1.0 (*)
             ├── postfiat-node v0.1.0 (*)
             ├── postfiat-pftl-uniswap-proofs v0.1.0 (*)
             ├── postfiat-privacy-orchard v0.1.0 (*)
             ├── postfiat-rpc-sdk v0.1.0 (*)
             ├── postfiat-storage v0.1.0
             │   ├── postfiat-bench v0.1.0 (*)
             │   └── postfiat-node v0.1.0 (*)
             └── postfiat-types v0.1.0
                 ├── postfiat-bench v0.1.0 (*)
                 ├── postfiat-bridge v0.1.0 (*)
                 ├── postfiat-consensus-cobalt v0.1.0 (*)
                 ├── postfiat-execution v0.1.0 (*)
                 ├── postfiat-fastpay-prototype v0.1.0 (*)
                 ├── postfiat-fuzz v0.1.0 (*)
                 ├── postfiat-mempool-dag v0.1.0 (*)
                 ├── postfiat-nav-reserve-protocol v0.1.0 (*)
                 ├── postfiat-node v0.1.0 (*)
                 ├── postfiat-ordering-fast v0.1.0 (*)
                 ├── postfiat-pftl-uniswap-proofs v0.1.0 (*)
                 ├── postfiat-pfusdc-proofs v0.1.0 (*)
                 ├── postfiat-privacy v0.1.0 (*)
                 ├── postfiat-rpc-sdk v0.1.0 (*)
                 ├── postfiat-storage v0.1.0 (*)
                 └── postfiat-wallet-wasm v0.1.0 (*)

warning[duplicate]: found 2 duplicate entries for crate 'cpufeatures'
   ┌─ /home/postfiatchad/repos/postfiatl1v2-release-20260915/Cargo.lock:54:1
   │  
54 │ ╭ cpufeatures 0.2.17 registry+https://github.com/rust-lang/crates.io-index
55 │ │ cpufeatures 0.3.0 registry+https://github.com/rust-lang/crates.io-index
   │ ╰───────────────────────────────────────────────────────────────────────┘ lock entries
   │  
   ├ cpufeatures v0.2.17
     ├── aes v0.8.4
     │   └── orchard v0.14.0
     │       ├── postfiat-fuzz v0.1.0
     │       ├── (dev) postfiat-node v0.1.0
     │       │   ├── postfiat-cobalt-e2-harness v0.1.0
     │       │   ├── postfiat-cobalt-e3-harness v0.1.0
     │       │   └── postfiat-fuzz v0.1.0 (*)
     │       └── postfiat-privacy-orchard v0.1.0
     │           ├── postfiat-fuzz v0.1.0 (*)
     │           └── postfiat-node v0.1.0 (*)
     ├── chacha20 v0.9.1
     │   ├── chacha20poly1305 v0.10.1
     │   │   ├── postfiat-privacy-orchard v0.1.0 (*)
     │   │   └── zcash_note_encryption v0.4.1
     │   │       ├── orchard v0.14.0 (*)
     │   │       └── postfiat-privacy-orchard v0.1.0 (*)
     │   └── zcash_note_encryption v0.4.1 (*)
     ├── const-hex v1.19.1
     │   ├── alloy-primitives v1.5.7
     │   │   ├── alloy-sol-types v1.5.7
     │   │   │   └── arc-conformance v0.1.0
     │   │   ├── alloy-trie v0.9.5
     │   │   │   └── arc-conformance v0.1.0 (*)
     │   │   └── arc-conformance v0.1.0 (*)
     │   ├── alloy-sol-macro-expander v1.5.7
     │   │   └── alloy-sol-macro v1.5.7
     │   │       ├── alloy-sol-types v1.5.7 (*)
     │   │       └── arc-conformance v0.1.0 (*)
     │   └── alloy-sol-macro-input v1.5.7
     │       ├── alloy-sol-macro v1.5.7 (*)
     │       └── alloy-sol-macro-expander v1.5.7 (*)
     ├── curve25519-dalek v4.1.3
     │   └── ed25519-dalek v2.2.0
     │       └── arc-conformance v0.1.0 (*)
     ├── keccak v0.1.6
     │   └── sha3 v0.10.9
     │       ├── alloy-primitives v1.5.7 (*)
     │       ├── alloy-sol-macro-expander v1.5.7 (*)
     │       ├── fips204 v0.4.6
     │       │   └── postfiat-crypto-provider v0.1.0
     │       │       ├── postfiat-bench v0.1.0
     │       │       ├── postfiat-bridge v0.1.0
     │       │       │   ├── postfiat-bench v0.1.0 (*)
     │       │       │   ├── postfiat-execution v0.1.0
     │       │       │   │   ├── postfiat-bench v0.1.0 (*)
     │       │       │   │   ├── postfiat-fastpay-prototype v0.1.0
     │       │       │   │   ├── postfiat-fuzz v0.1.0 (*)
     │       │       │   │   ├── postfiat-node v0.1.0 (*)
     │       │       │   │   └── postfiat-rpc-sdk v0.1.0
     │       │       │   │       ├── postfiat-node v0.1.0 (*)
     │       │       │   │       └── postfiat-wallet-wasm v0.1.0
     │       │       │   ├── postfiat-fuzz v0.1.0 (*)
     │       │       │   └── postfiat-node v0.1.0 (*)
     │       │       ├── postfiat-cobalt-e2-harness v0.1.0 (*)
     │       │       ├── postfiat-cobalt-e3-harness v0.1.0 (*)
     │       │       ├── postfiat-consensus-cobalt v0.1.0
     │       │       │   ├── postfiat-cobalt-e1-harness v0.1.0
     │       │       │   ├── postfiat-cobalt-e2-harness v0.1.0 (*)
     │       │       │   ├── postfiat-cobalt-e3-harness v0.1.0 (*)
     │       │       │   ├── postfiat-fuzz v0.1.0 (*)
     │       │       │   ├── postfiat-node v0.1.0 (*)
     │       │       │   └── postfiat-pfusdc-proofs v0.1.0
     │       │       │       └── postfiat-pftl-uniswap-proofs v0.1.0
     │       │       │           └── postfiat-node v0.1.0 (*)
     │       │       ├── postfiat-execution v0.1.0 (*)
     │       │       ├── postfiat-fastpay-prototype v0.1.0 (*)
     │       │       ├── postfiat-fuzz v0.1.0 (*)
     │       │       ├── postfiat-mempool-dag v0.1.0
     │       │       │   ├── postfiat-bench v0.1.0 (*)
     │       │       │   ├── (dev) postfiat-consensus-cobalt v0.1.0 (*)
     │       │       │   ├── postfiat-fuzz v0.1.0 (*)
     │       │       │   ├── postfiat-node v0.1.0 (*)
     │       │       │   └── postfiat-ordering-fast v0.1.0
     │       │       │       ├── postfiat-bench v0.1.0 (*)
     │       │       │       ├── postfiat-fuzz v0.1.0 (*)
     │       │       │       ├── postfiat-node v0.1.0 (*)
     │       │       │       └── postfiat-pfusdc-proofs v0.1.0 (*)
     │       │       ├── postfiat-network v0.1.0
     │       │       │   ├── postfiat-fuzz v0.1.0 (*)
     │       │       │   └── postfiat-node v0.1.0 (*)
     │       │       ├── postfiat-node v0.1.0 (*)
     │       │       ├── postfiat-ordering-fast v0.1.0 (*)
     │       │       ├── postfiat-pftl-uniswap-proofs v0.1.0 (*)
     │       │       ├── postfiat-pfusdc-proofs v0.1.0 (*)
     │       │       ├── postfiat-privacy v0.1.0
     │       │       │   ├── postfiat-bench v0.1.0 (*)
     │       │       │   ├── postfiat-fuzz v0.1.0 (*)
     │       │       │   └── postfiat-node v0.1.0 (*)
     │       │       ├── postfiat-privacy-orchard v0.1.0 (*)
     │       │       ├── postfiat-proofs v0.1.0
     │       │       │   ├── postfiat-bench v0.1.0 (*)
     │       │       │   ├── postfiat-fuzz v0.1.0 (*)
     │       │       │   └── postfiat-privacy v0.1.0 (*)
     │       │       ├── postfiat-rpc-sdk v0.1.0 (*)
     │       │       └── postfiat-wallet-wasm v0.1.0 (*)
     │       └── fips204 v0.4.6
     │           └── (dev) postfiat-crypto-provider v0.1.0 (*)
     ├── poly1305 v0.8.0
     │   └── chacha20poly1305 v0.10.1 (*)
     └── sha2 v0.10.9
         ├── ed25519-dalek v2.2.0 (*)
         ├── fips204 v0.4.6 (*)
         ├── fips204 v0.4.6 (*)
         ├── k256 v0.13.4
         │   └── postfiat-node v0.1.0 (*)
         ├── postfiat-bench v0.1.0 (*)
         ├── postfiat-cobalt-adversarial-oracle v0.1.0
         │   └── postfiat-cobalt-e1-harness v0.1.0 (*)
         ├── postfiat-cobalt-decision-oracle v0.1.0
         │   └── postfiat-cobalt-e1-harness v0.1.0 (*)
         ├── postfiat-cobalt-e1-harness v0.1.0 (*)
         ├── postfiat-cobalt-e2-harness v0.1.0 (*)
         ├── postfiat-cobalt-e3-harness v0.1.0 (*)
         ├── postfiat-node v0.1.0 (*)
         ├── postfiat-types v0.1.0
         │   ├── postfiat-bench v0.1.0 (*)
         │   ├── postfiat-bridge v0.1.0 (*)
         │   ├── postfiat-consensus-cobalt v0.1.0 (*)
         │   ├── postfiat-execution v0.1.0 (*)
         │   ├── postfiat-fastpay-prototype v0.1.0 (*)
         │   ├── postfiat-fuzz v0.1.0 (*)
         │   ├── postfiat-mempool-dag v0.1.0 (*)
         │   ├── postfiat-nav-reserve-protocol v0.1.0
         │   │   └── postfiat-execution v0.1.0 (*)
         │   ├── postfiat-node v0.1.0 (*)
         │   ├── postfiat-ordering-fast v0.1.0 (*)
         │   ├── postfiat-pftl-uniswap-proofs v0.1.0 (*)
         │   ├── postfiat-pfusdc-proofs v0.1.0 (*)
         │   ├── postfiat-privacy v0.1.0 (*)
         │   ├── postfiat-rpc-sdk v0.1.0 (*)
         │   ├── postfiat-storage v0.1.0
         │   │   ├── postfiat-bench v0.1.0 (*)
         │   │   └── postfiat-node v0.1.0 (*)
         │   └── postfiat-wallet-wasm v0.1.0 (*)
         ├── sp1-primitives v6.3.1
         │   ├── sp1-hypercube v6.3.1
         │   │   ├── (build) sp1-recursion-executor v6.3.1
         │   │   │   ├── (build) sp1-recursion-machine v6.3.1
         │   │   │   │   └── sp1-verifier v6.3.1
         │   │   │   │       └── postfiat-execution v0.1.0 (*)
         │   │   │   └── sp1-verifier v6.3.1 (*)
         │   │   ├── (build) sp1-recursion-machine v6.3.1 (*)
         │   │   └── sp1-verifier v6.3.1 (*)
         │   ├── sp1-lib v6.3.1
         │   │   └── sp1-zkvm v6.3.1
         │   │       ├── fips204 v0.4.6 (*)
         │   │       └── postfiat-crypto-provider v0.1.0 (*)
         │   ├── (build) sp1-recursion-machine v6.3.1 (*)
         │   ├── sp1-verifier v6.3.1 (*)
         │   └── sp1-zkvm v6.3.1 (*)
         ├── sp1-verifier v6.3.1 (*)
         └── sp1-zkvm v6.3.1 (*)
   ├ cpufeatures v0.3.0
     ├── blake3 v1.8.5
     │   ├── sp1-primitives v6.3.1
     │   │   ├── sp1-hypercube v6.3.1
     │   │   │   ├── (build) sp1-recursion-executor v6.3.1
     │   │   │   │   ├── (build) sp1-recursion-machine v6.3.1
     │   │   │   │   │   └── sp1-verifier v6.3.1
     │   │   │   │   │       └── postfiat-execution v0.1.0
     │   │   │   │   │           ├── postfiat-bench v0.1.0
     │   │   │   │   │           ├── postfiat-fastpay-prototype v0.1.0
     │   │   │   │   │           ├── postfiat-fuzz v0.1.0
     │   │   │   │   │           ├── postfiat-node v0.1.0
     │   │   │   │   │           │   ├── postfiat-cobalt-e2-harness v0.1.0
     │   │   │   │   │           │   ├── postfiat-cobalt-e3-harness v0.1.0
     │   │   │   │   │           │   └── postfiat-fuzz v0.1.0 (*)
     │   │   │   │   │           └── postfiat-rpc-sdk v0.1.0
     │   │   │   │   │               ├── postfiat-node v0.1.0 (*)
     │   │   │   │   │               └── postfiat-wallet-wasm v0.1.0
     │   │   │   │   └── sp1-verifier v6.3.1 (*)
     │   │   │   ├── (build) sp1-recursion-machine v6.3.1 (*)
     │   │   │   └── sp1-verifier v6.3.1 (*)
     │   │   ├── sp1-lib v6.3.1
     │   │   │   └── sp1-zkvm v6.3.1
     │   │   │       ├── fips204 v0.4.6
     │   │   │       │   └── postfiat-crypto-provider v0.1.0
     │   │   │       │       ├── postfiat-bench v0.1.0 (*)
     │   │   │       │       ├── postfiat-bridge v0.1.0
     │   │   │       │       │   ├── postfiat-bench v0.1.0 (*)
     │   │   │       │       │   ├── postfiat-execution v0.1.0 (*)
     │   │   │       │       │   ├── postfiat-fuzz v0.1.0 (*)
     │   │   │       │       │   └── postfiat-node v0.1.0 (*)
     │   │   │       │       ├── postfiat-cobalt-e2-harness v0.1.0 (*)
     │   │   │       │       ├── postfiat-cobalt-e3-harness v0.1.0 (*)
     │   │   │       │       ├── postfiat-consensus-cobalt v0.1.0
     │   │   │       │       │   ├── postfiat-cobalt-e1-harness v0.1.0
     │   │   │       │       │   ├── postfiat-cobalt-e2-harness v0.1.0 (*)
     │   │   │       │       │   ├── postfiat-cobalt-e3-harness v0.1.0 (*)
     │   │   │       │       │   ├── postfiat-fuzz v0.1.0 (*)
     │   │   │       │       │   ├── postfiat-node v0.1.0 (*)
     │   │   │       │       │   └── postfiat-pfusdc-proofs v0.1.0
     │   │   │       │       │       └── postfiat-pftl-uniswap-proofs v0.1.0
     │   │   │       │       │           └── postfiat-node v0.1.0 (*)
     │   │   │       │       ├── postfiat-execution v0.1.0 (*)
     │   │   │       │       ├── postfiat-fastpay-prototype v0.1.0 (*)
     │   │   │       │       ├── postfiat-fuzz v0.1.0 (*)
     │   │   │       │       ├── postfiat-mempool-dag v0.1.0
     │   │   │       │       │   ├── postfiat-bench v0.1.0 (*)
     │   │   │       │       │   ├── (dev) postfiat-consensus-cobalt v0.1.0 (*)
     │   │   │       │       │   ├── postfiat-fuzz v0.1.0 (*)
     │   │   │       │       │   ├── postfiat-node v0.1.0 (*)
     │   │   │       │       │   └── postfiat-ordering-fast v0.1.0
     │   │   │       │       │       ├── postfiat-bench v0.1.0 (*)
     │   │   │       │       │       ├── postfiat-fuzz v0.1.0 (*)
     │   │   │       │       │       ├── postfiat-node v0.1.0 (*)
     │   │   │       │       │       └── postfiat-pfusdc-proofs v0.1.0 (*)
     │   │   │       │       ├── postfiat-network v0.1.0
     │   │   │       │       │   ├── postfiat-fuzz v0.1.0 (*)
     │   │   │       │       │   └── postfiat-node v0.1.0 (*)
     │   │   │       │       ├── postfiat-node v0.1.0 (*)
     │   │   │       │       ├── postfiat-ordering-fast v0.1.0 (*)
     │   │   │       │       ├── postfiat-pftl-uniswap-proofs v0.1.0 (*)
     │   │   │       │       ├── postfiat-pfusdc-proofs v0.1.0 (*)
     │   │   │       │       ├── postfiat-privacy v0.1.0
     │   │   │       │       │   ├── postfiat-bench v0.1.0 (*)
     │   │   │       │       │   ├── postfiat-fuzz v0.1.0 (*)
     │   │   │       │       │   └── postfiat-node v0.1.0 (*)
     │   │   │       │       ├── postfiat-privacy-orchard v0.1.0
     │   │   │       │       │   ├── postfiat-fuzz v0.1.0 (*)
     │   │   │       │       │   └── postfiat-node v0.1.0 (*)
     │   │   │       │       ├── postfiat-proofs v0.1.0
     │   │   │       │       │   ├── postfiat-bench v0.1.0 (*)
     │   │   │       │       │   ├── postfiat-fuzz v0.1.0 (*)
     │   │   │       │       │   └── postfiat-privacy v0.1.0 (*)
     │   │   │       │       ├── postfiat-rpc-sdk v0.1.0 (*)
     │   │   │       │       └── postfiat-wallet-wasm v0.1.0 (*)
     │   │   │       └── postfiat-crypto-provider v0.1.0 (*)
     │   │   ├── (build) sp1-recursion-machine v6.3.1 (*)
     │   │   ├── sp1-verifier v6.3.1 (*)
     │   │   └── sp1-zkvm v6.3.1 (*)
     │   └── sp1-verifier v6.3.1 (*)
     └── keccak v0.2.0
         └── sha3 v0.11.0
             ├── arc-conformance v0.1.0
             ├── postfiat-bridge v0.1.0 (*)
             ├── postfiat-crypto-provider v0.1.0 (*)
             ├── postfiat-fuzz v0.1.0 (*)
             ├── postfiat-nav-reserve-protocol v0.1.0
             │   └── postfiat-execution v0.1.0 (*)
             ├── postfiat-node v0.1.0 (*)
             ├── postfiat-pftl-uniswap-proofs v0.1.0 (*)
             ├── postfiat-privacy-orchard v0.1.0 (*)
             ├── postfiat-rpc-sdk v0.1.0 (*)
             ├── postfiat-storage v0.1.0
             │   ├── postfiat-bench v0.1.0 (*)
             │   └── postfiat-node v0.1.0 (*)
             └── postfiat-types v0.1.0
                 ├── postfiat-bench v0.1.0 (*)
                 ├── postfiat-bridge v0.1.0 (*)
                 ├── postfiat-consensus-cobalt v0.1.0 (*)
                 ├── postfiat-execution v0.1.0 (*)
                 ├── postfiat-fastpay-prototype v0.1.0 (*)
                 ├── postfiat-fuzz v0.1.0 (*)
                 ├── postfiat-mempool-dag v0.1.0 (*)
                 ├── postfiat-nav-reserve-protocol v0.1.0 (*)
                 ├── postfiat-node v0.1.0 (*)
                 ├── postfiat-ordering-fast v0.1.0 (*)
                 ├── postfiat-pftl-uniswap-proofs v0.1.0 (*)
                 ├── postfiat-pfusdc-proofs v0.1.0 (*)
                 ├── postfiat-privacy v0.1.0 (*)
                 ├── postfiat-rpc-sdk v0.1.0 (*)
                 ├── postfiat-storage v0.1.0 (*)
                 └── postfiat-wallet-wasm v0.1.0 (*)

warning[duplicate]: found 2 duplicate entries for crate 'crypto-common'
   ┌─ /home/postfiatchad/repos/postfiatl1v2-release-20260915/Cargo.lock:66:1
   │  
66 │ ╭ crypto-common 0.1.7 registry+https://github.com/rust-lang/crates.io-index
67 │ │ crypto-common 0.2.1 registry+https://github.com/rust-lang/crates.io-index
   │ ╰─────────────────────────────────────────────────────────────────────────┘ lock entries
   │  
   ├ crypto-common v0.1.7
     ├── aead v0.5.2
     │   └── chacha20poly1305 v0.10.1
     │       ├── postfiat-privacy-orchard v0.1.0
     │       │   ├── postfiat-fuzz v0.1.0
     │       │   └── postfiat-node v0.1.0
     │       │       ├── postfiat-cobalt-e2-harness v0.1.0
     │       │       ├── postfiat-cobalt-e3-harness v0.1.0
     │       │       └── postfiat-fuzz v0.1.0 (*)
     │       └── zcash_note_encryption v0.4.1
     │           ├── orchard v0.14.0
     │           │   ├── postfiat-fuzz v0.1.0 (*)
     │           │   ├── (dev) postfiat-node v0.1.0 (*)
     │           │   └── postfiat-privacy-orchard v0.1.0 (*)
     │           └── postfiat-privacy-orchard v0.1.0 (*)
     ├── cipher v0.4.4
     │   ├── aes v0.8.4
     │   │   └── orchard v0.14.0 (*)
     │   ├── cbc v0.1.2
     │   │   └── fpe v0.6.1
     │   │       └── orchard v0.14.0 (*)
     │   ├── chacha20 v0.9.1
     │   │   ├── chacha20poly1305 v0.10.1 (*)
     │   │   └── zcash_note_encryption v0.4.1 (*)
     │   ├── chacha20poly1305 v0.10.1 (*)
     │   ├── fpe v0.6.1 (*)
     │   └── zcash_note_encryption v0.4.1 (*)
     ├── digest v0.10.7
     │   ├── curve25519-dalek v4.1.3
     │   │   └── ed25519-dalek v2.2.0
     │   │       └── arc-conformance v0.1.0
     │   ├── ecdsa v0.16.9
     │   │   └── k256 v0.13.4
     │   │       └── postfiat-node v0.1.0 (*)
     │   ├── elliptic-curve v0.13.8
     │   │   ├── ecdsa v0.16.9 (*)
     │   │   └── k256 v0.13.4 (*)
     │   ├── hmac v0.12.1
     │   │   └── rfc6979 v0.4.0
     │   │       └── ecdsa v0.16.9 (*)
     │   ├── sha2 v0.10.9
     │   │   ├── ed25519-dalek v2.2.0 (*)
     │   │   ├── fips204 v0.4.6
     │   │   │   └── postfiat-crypto-provider v0.1.0
     │   │   │       ├── postfiat-bench v0.1.0
     │   │   │       ├── postfiat-bridge v0.1.0
     │   │   │       │   ├── postfiat-bench v0.1.0 (*)
     │   │   │       │   ├── postfiat-execution v0.1.0
     │   │   │       │   │   ├── postfiat-bench v0.1.0 (*)
     │   │   │       │   │   ├── postfiat-fastpay-prototype v0.1.0
     │   │   │       │   │   ├── postfiat-fuzz v0.1.0 (*)
     │   │   │       │   │   ├── postfiat-node v0.1.0 (*)
     │   │   │       │   │   └── postfiat-rpc-sdk v0.1.0
     │   │   │       │   │       ├── postfiat-node v0.1.0 (*)
     │   │   │       │   │       └── postfiat-wallet-wasm v0.1.0
     │   │   │       │   ├── postfiat-fuzz v0.1.0 (*)
     │   │   │       │   └── postfiat-node v0.1.0 (*)
     │   │   │       ├── postfiat-cobalt-e2-harness v0.1.0 (*)
     │   │   │       ├── postfiat-cobalt-e3-harness v0.1.0 (*)
     │   │   │       ├── postfiat-consensus-cobalt v0.1.0
     │   │   │       │   ├── postfiat-cobalt-e1-harness v0.1.0
     │   │   │       │   ├── postfiat-cobalt-e2-harness v0.1.0 (*)
     │   │   │       │   ├── postfiat-cobalt-e3-harness v0.1.0 (*)
     │   │   │       │   ├── postfiat-fuzz v0.1.0 (*)
     │   │   │       │   ├── postfiat-node v0.1.0 (*)
     │   │   │       │   └── postfiat-pfusdc-proofs v0.1.0
     │   │   │       │       └── postfiat-pftl-uniswap-proofs v0.1.0
     │   │   │       │           └── postfiat-node v0.1.0 (*)
     │   │   │       ├── postfiat-execution v0.1.0 (*)
     │   │   │       ├── postfiat-fastpay-prototype v0.1.0 (*)
     │   │   │       ├── postfiat-fuzz v0.1.0 (*)
     │   │   │       ├── postfiat-mempool-dag v0.1.0
     │   │   │       │   ├── postfiat-bench v0.1.0 (*)
     │   │   │       │   ├── (dev) postfiat-consensus-cobalt v0.1.0 (*)
     │   │   │       │   ├── postfiat-fuzz v0.1.0 (*)
     │   │   │       │   ├── postfiat-node v0.1.0 (*)
     │   │   │       │   └── postfiat-ordering-fast v0.1.0
     │   │   │       │       ├── postfiat-bench v0.1.0 (*)
     │   │   │       │       ├── postfiat-fuzz v0.1.0 (*)
     │   │   │       │       ├── postfiat-node v0.1.0 (*)
     │   │   │       │       └── postfiat-pfusdc-proofs v0.1.0 (*)
     │   │   │       ├── postfiat-network v0.1.0
     │   │   │       │   ├── postfiat-fuzz v0.1.0 (*)
     │   │   │       │   └── postfiat-node v0.1.0 (*)
     │   │   │       ├── postfiat-node v0.1.0 (*)
     │   │   │       ├── postfiat-ordering-fast v0.1.0 (*)
     │   │   │       ├── postfiat-pftl-uniswap-proofs v0.1.0 (*)
     │   │   │       ├── postfiat-pfusdc-proofs v0.1.0 (*)
     │   │   │       ├── postfiat-privacy v0.1.0
     │   │   │       │   ├── postfiat-bench v0.1.0 (*)
     │   │   │       │   ├── postfiat-fuzz v0.1.0 (*)
     │   │   │       │   └── postfiat-node v0.1.0 (*)
     │   │   │       ├── postfiat-privacy-orchard v0.1.0 (*)
     │   │   │       ├── postfiat-proofs v0.1.0
     │   │   │       │   ├── postfiat-bench v0.1.0 (*)
     │   │   │       │   ├── postfiat-fuzz v0.1.0 (*)
     │   │   │       │   └── postfiat-privacy v0.1.0 (*)
     │   │   │       ├── postfiat-rpc-sdk v0.1.0 (*)
     │   │   │       └── postfiat-wallet-wasm v0.1.0 (*)
     │   │   ├── fips204 v0.4.6
     │   │   │   └── (dev) postfiat-crypto-provider v0.1.0 (*)
     │   │   ├── k256 v0.13.4 (*)
     │   │   ├── postfiat-bench v0.1.0 (*)
     │   │   ├── postfiat-cobalt-adversarial-oracle v0.1.0
     │   │   │   └── postfiat-cobalt-e1-harness v0.1.0 (*)
     │   │   ├── postfiat-cobalt-decision-oracle v0.1.0
     │   │   │   └── postfiat-cobalt-e1-harness v0.1.0 (*)
     │   │   ├── postfiat-cobalt-e1-harness v0.1.0 (*)
     │   │   ├── postfiat-cobalt-e2-harness v0.1.0 (*)
     │   │   ├── postfiat-cobalt-e3-harness v0.1.0 (*)
     │   │   ├── postfiat-node v0.1.0 (*)
     │   │   ├── postfiat-types v0.1.0
     │   │   │   ├── postfiat-bench v0.1.0 (*)
     │   │   │   ├── postfiat-bridge v0.1.0 (*)
     │   │   │   ├── postfiat-consensus-cobalt v0.1.0 (*)
     │   │   │   ├── postfiat-execution v0.1.0 (*)
     │   │   │   ├── postfiat-fastpay-prototype v0.1.0 (*)
     │   │   │   ├── postfiat-fuzz v0.1.0 (*)
     │   │   │   ├── postfiat-mempool-dag v0.1.0 (*)
     │   │   │   ├── postfiat-nav-reserve-protocol v0.1.0
     │   │   │   │   └── postfiat-execution v0.1.0 (*)
     │   │   │   ├── postfiat-node v0.1.0 (*)
     │   │   │   ├── postfiat-ordering-fast v0.1.0 (*)
     │   │   │   ├── postfiat-pftl-uniswap-proofs v0.1.0 (*)
     │   │   │   ├── postfiat-pfusdc-proofs v0.1.0 (*)
     │   │   │   ├── postfiat-privacy v0.1.0 (*)
     │   │   │   ├── postfiat-rpc-sdk v0.1.0 (*)
     │   │   │   ├── postfiat-storage v0.1.0
     │   │   │   │   ├── postfiat-bench v0.1.0 (*)
     │   │   │   │   └── postfiat-node v0.1.0 (*)
     │   │   │   └── postfiat-wallet-wasm v0.1.0 (*)
     │   │   ├── sp1-primitives v6.3.1
     │   │   │   ├── sp1-hypercube v6.3.1
     │   │   │   │   ├── (build) sp1-recursion-executor v6.3.1
     │   │   │   │   │   ├── (build) sp1-recursion-machine v6.3.1
     │   │   │   │   │   │   └── sp1-verifier v6.3.1
     │   │   │   │   │   │       └── postfiat-execution v0.1.0 (*)
     │   │   │   │   │   └── sp1-verifier v6.3.1 (*)
     │   │   │   │   ├── (build) sp1-recursion-machine v6.3.1 (*)
     │   │   │   │   └── sp1-verifier v6.3.1 (*)
     │   │   │   ├── sp1-lib v6.3.1
     │   │   │   │   └── sp1-zkvm v6.3.1
     │   │   │   │       ├── fips204 v0.4.6 (*)
     │   │   │   │       └── postfiat-crypto-provider v0.1.0 (*)
     │   │   │   ├── (build) sp1-recursion-machine v6.3.1 (*)
     │   │   │   ├── sp1-verifier v6.3.1 (*)
     │   │   │   └── sp1-zkvm v6.3.1 (*)
     │   │   ├── sp1-verifier v6.3.1 (*)
     │   │   └── sp1-zkvm v6.3.1 (*)
     │   ├── sha3 v0.10.9
     │   │   ├── alloy-primitives v1.5.7
     │   │   │   ├── alloy-sol-types v1.5.7
     │   │   │   │   └── arc-conformance v0.1.0 (*)
     │   │   │   ├── alloy-trie v0.9.5
     │   │   │   │   └── arc-conformance v0.1.0 (*)
     │   │   │   └── arc-conformance v0.1.0 (*)
     │   │   ├── alloy-sol-macro-expander v1.5.7
     │   │   │   └── alloy-sol-macro v1.5.7
     │   │   │       ├── alloy-sol-types v1.5.7 (*)
     │   │   │       └── arc-conformance v0.1.0 (*)
     │   │   ├── fips204 v0.4.6 (*)
     │   │   └── fips204 v0.4.6 (*)
     │   └── signature v2.2.0
     │       ├── ecdsa v0.16.9 (*)
     │       ├── ed25519 v2.2.3
     │       │   └── ed25519-dalek v2.2.0 (*)
     │       └── k256 v0.13.4 (*)
     └── universal-hash v0.5.1
         └── poly1305 v0.8.0
             └── chacha20poly1305 v0.10.1 (*)
   ├ crypto-common v0.2.1
     └── digest v0.11.3
         └── sha3 v0.11.0
             ├── arc-conformance v0.1.0
             ├── postfiat-bridge v0.1.0
             │   ├── postfiat-bench v0.1.0
             │   ├── postfiat-execution v0.1.0
             │   │   ├── postfiat-bench v0.1.0 (*)
             │   │   ├── postfiat-fastpay-prototype v0.1.0
             │   │   ├── postfiat-fuzz v0.1.0
             │   │   ├── postfiat-node v0.1.0
             │   │   │   ├── postfiat-cobalt-e2-harness v0.1.0
             │   │   │   ├── postfiat-cobalt-e3-harness v0.1.0
             │   │   │   └── postfiat-fuzz v0.1.0 (*)
             │   │   └── postfiat-rpc-sdk v0.1.0
             │   │       ├── postfiat-node v0.1.0 (*)
             │   │       └── postfiat-wallet-wasm v0.1.0
             │   ├── postfiat-fuzz v0.1.0 (*)
             │   └── postfiat-node v0.1.0 (*)
             ├── postfiat-crypto-provider v0.1.0
             │   ├── postfiat-bench v0.1.0 (*)
             │   ├── postfiat-bridge v0.1.0 (*)
             │   ├── postfiat-cobalt-e2-harness v0.1.0 (*)
             │   ├── postfiat-cobalt-e3-harness v0.1.0 (*)
             │   ├── postfiat-consensus-cobalt v0.1.0
             │   │   ├── postfiat-cobalt-e1-harness v0.1.0
             │   │   ├── postfiat-cobalt-e2-harness v0.1.0 (*)
             │   │   ├── postfiat-cobalt-e3-harness v0.1.0 (*)
             │   │   ├── postfiat-fuzz v0.1.0 (*)
             │   │   ├── postfiat-node v0.1.0 (*)
             │   │   └── postfiat-pfusdc-proofs v0.1.0
             │   │       └── postfiat-pftl-uniswap-proofs v0.1.0
             │   │           └── postfiat-node v0.1.0 (*)
             │   ├── postfiat-execution v0.1.0 (*)
             │   ├── postfiat-fastpay-prototype v0.1.0 (*)
             │   ├── postfiat-fuzz v0.1.0 (*)
             │   ├── postfiat-mempool-dag v0.1.0
             │   │   ├── postfiat-bench v0.1.0 (*)
             │   │   ├── (dev) postfiat-consensus-cobalt v0.1.0 (*)
             │   │   ├── postfiat-fuzz v0.1.0 (*)
             │   │   ├── postfiat-node v0.1.0 (*)
             │   │   └── postfiat-ordering-fast v0.1.0
             │   │       ├── postfiat-bench v0.1.0 (*)
             │   │       ├── postfiat-fuzz v0.1.0 (*)
             │   │       ├── postfiat-node v0.1.0 (*)
             │   │       └── postfiat-pfusdc-proofs v0.1.0 (*)
             │   ├── postfiat-network v0.1.0
             │   │   ├── postfiat-fuzz v0.1.0 (*)
             │   │   └── postfiat-node v0.1.0 (*)
             │   ├── postfiat-node v0.1.0 (*)
             │   ├── postfiat-ordering-fast v0.1.0 (*)
             │   ├── postfiat-pftl-uniswap-proofs v0.1.0 (*)
             │   ├── postfiat-pfusdc-proofs v0.1.0 (*)
             │   ├── postfiat-privacy v0.1.0
             │   │   ├── postfiat-bench v0.1.0 (*)
             │   │   ├── postfiat-fuzz v0.1.0 (*)
             │   │   └── postfiat-node v0.1.0 (*)
             │   ├── postfiat-privacy-orchard v0.1.0
             │   │   ├── postfiat-fuzz v0.1.0 (*)
             │   │   └── postfiat-node v0.1.0 (*)
             │   ├── postfiat-proofs v0.1.0
             │   │   ├── postfiat-bench v0.1.0 (*)
             │   │   ├── postfiat-fuzz v0.1.0 (*)
             │   │   └── postfiat-privacy v0.1.0 (*)
             │   ├── postfiat-rpc-sdk v0.1.0 (*)
             │   └── postfiat-wallet-wasm v0.1.0 (*)
             ├── postfiat-fuzz v0.1.0 (*)
             ├── postfiat-nav-reserve-protocol v0.1.0
             │   └── postfiat-execution v0.1.0 (*)
             ├── postfiat-node v0.1.0 (*)
             ├── postfiat-pftl-uniswap-proofs v0.1.0 (*)
             ├── postfiat-privacy-orchard v0.1.0 (*)
             ├── postfiat-rpc-sdk v0.1.0 (*)
             ├── postfiat-storage v0.1.0
             │   ├── postfiat-bench v0.1.0 (*)
             │   └── postfiat-node v0.1.0 (*)
             └── postfiat-types v0.1.0
                 ├── postfiat-bench v0.1.0 (*)
                 ├── postfiat-bridge v0.1.0 (*)
                 ├── postfiat-consensus-cobalt v0.1.0 (*)
                 ├── postfiat-execution v0.1.0 (*)
                 ├── postfiat-fastpay-prototype v0.1.0 (*)
                 ├── postfiat-fuzz v0.1.0 (*)
                 ├── postfiat-mempool-dag v0.1.0 (*)
                 ├── postfiat-nav-reserve-protocol v0.1.0 (*)
                 ├── postfiat-node v0.1.0 (*)
                 ├── postfiat-ordering-fast v0.1.0 (*)
                 ├── postfiat-pftl-uniswap-proofs v0.1.0 (*)
                 ├── postfiat-pfusdc-proofs v0.1.0 (*)
                 ├── postfiat-privacy v0.1.0 (*)
                 ├── postfiat-rpc-sdk v0.1.0 (*)
                 ├── postfiat-storage v0.1.0 (*)
                 └── postfiat-wallet-wasm v0.1.0 (*)

warning[duplicate]: found 2 duplicate entries for crate 'digest'
   ┌─ /home/postfiatchad/repos/postfiatl1v2-release-20260915/Cargo.lock:76:1
   │  
76 │ ╭ digest 0.10.7 registry+https://github.com/rust-lang/crates.io-index
77 │ │ digest 0.11.3 registry+https://github.com/rust-lang/crates.io-index
   │ ╰───────────────────────────────────────────────────────────────────┘ lock entries
   │  
   ├ digest v0.10.7
     ├── curve25519-dalek v4.1.3
     │   └── ed25519-dalek v2.2.0
     │       └── arc-conformance v0.1.0
     ├── ecdsa v0.16.9
     │   └── k256 v0.13.4
     │       └── postfiat-node v0.1.0
     │           ├── postfiat-cobalt-e2-harness v0.1.0
     │           ├── postfiat-cobalt-e3-harness v0.1.0
     │           └── postfiat-fuzz v0.1.0
     ├── elliptic-curve v0.13.8
     │   ├── ecdsa v0.16.9 (*)
     │   └── k256 v0.13.4 (*)
     ├── hmac v0.12.1
     │   └── rfc6979 v0.4.0
     │       └── ecdsa v0.16.9 (*)
     ├── sha2 v0.10.9
     │   ├── ed25519-dalek v2.2.0 (*)
     │   ├── fips204 v0.4.6
     │   │   └── postfiat-crypto-provider v0.1.0
     │   │       ├── postfiat-bench v0.1.0
     │   │       ├── postfiat-bridge v0.1.0
     │   │       │   ├── postfiat-bench v0.1.0 (*)
     │   │       │   ├── postfiat-execution v0.1.0
     │   │       │   │   ├── postfiat-bench v0.1.0 (*)
     │   │       │   │   ├── postfiat-fastpay-prototype v0.1.0
     │   │       │   │   ├── postfiat-fuzz v0.1.0 (*)
     │   │       │   │   ├── postfiat-node v0.1.0 (*)
     │   │       │   │   └── postfiat-rpc-sdk v0.1.0
     │   │       │   │       ├── postfiat-node v0.1.0 (*)
     │   │       │   │       └── postfiat-wallet-wasm v0.1.0
     │   │       │   ├── postfiat-fuzz v0.1.0 (*)
     │   │       │   └── postfiat-node v0.1.0 (*)
     │   │       ├── postfiat-cobalt-e2-harness v0.1.0 (*)
     │   │       ├── postfiat-cobalt-e3-harness v0.1.0 (*)
     │   │       ├── postfiat-consensus-cobalt v0.1.0
     │   │       │   ├── postfiat-cobalt-e1-harness v0.1.0
     │   │       │   ├── postfiat-cobalt-e2-harness v0.1.0 (*)
     │   │       │   ├── postfiat-cobalt-e3-harness v0.1.0 (*)
     │   │       │   ├── postfiat-fuzz v0.1.0 (*)
     │   │       │   ├── postfiat-node v0.1.0 (*)
     │   │       │   └── postfiat-pfusdc-proofs v0.1.0
     │   │       │       └── postfiat-pftl-uniswap-proofs v0.1.0
     │   │       │           └── postfiat-node v0.1.0 (*)
     │   │       ├── postfiat-execution v0.1.0 (*)
     │   │       ├── postfiat-fastpay-prototype v0.1.0 (*)
     │   │       ├── postfiat-fuzz v0.1.0 (*)
     │   │       ├── postfiat-mempool-dag v0.1.0
     │   │       │   ├── postfiat-bench v0.1.0 (*)
     │   │       │   ├── (dev) postfiat-consensus-cobalt v0.1.0 (*)
     │   │       │   ├── postfiat-fuzz v0.1.0 (*)
     │   │       │   ├── postfiat-node v0.1.0 (*)
     │   │       │   └── postfiat-ordering-fast v0.1.0
     │   │       │       ├── postfiat-bench v0.1.0 (*)
     │   │       │       ├── postfiat-fuzz v0.1.0 (*)
     │   │       │       ├── postfiat-node v0.1.0 (*)
     │   │       │       └── postfiat-pfusdc-proofs v0.1.0 (*)
     │   │       ├── postfiat-network v0.1.0
     │   │       │   ├── postfiat-fuzz v0.1.0 (*)
     │   │       │   └── postfiat-node v0.1.0 (*)
     │   │       ├── postfiat-node v0.1.0 (*)
     │   │       ├── postfiat-ordering-fast v0.1.0 (*)
     │   │       ├── postfiat-pftl-uniswap-proofs v0.1.0 (*)
     │   │       ├── postfiat-pfusdc-proofs v0.1.0 (*)
     │   │       ├── postfiat-privacy v0.1.0
     │   │       │   ├── postfiat-bench v0.1.0 (*)
     │   │       │   ├── postfiat-fuzz v0.1.0 (*)
     │   │       │   └── postfiat-node v0.1.0 (*)
     │   │       ├── postfiat-privacy-orchard v0.1.0
     │   │       │   ├── postfiat-fuzz v0.1.0 (*)
     │   │       │   └── postfiat-node v0.1.0 (*)
     │   │       ├── postfiat-proofs v0.1.0
     │   │       │   ├── postfiat-bench v0.1.0 (*)
     │   │       │   ├── postfiat-fuzz v0.1.0 (*)
     │   │       │   └── postfiat-privacy v0.1.0 (*)
     │   │       ├── postfiat-rpc-sdk v0.1.0 (*)
     │   │       └── postfiat-wallet-wasm v0.1.0 (*)
     │   ├── fips204 v0.4.6
     │   │   └── (dev) postfiat-crypto-provider v0.1.0 (*)
     │   ├── k256 v0.13.4 (*)
     │   ├── postfiat-bench v0.1.0 (*)
     │   ├── postfiat-cobalt-adversarial-oracle v0.1.0
     │   │   └── postfiat-cobalt-e1-harness v0.1.0 (*)
     │   ├── postfiat-cobalt-decision-oracle v0.1.0
     │   │   └── postfiat-cobalt-e1-harness v0.1.0 (*)
     │   ├── postfiat-cobalt-e1-harness v0.1.0 (*)
     │   ├── postfiat-cobalt-e2-harness v0.1.0 (*)
     │   ├── postfiat-cobalt-e3-harness v0.1.0 (*)
     │   ├── postfiat-node v0.1.0 (*)
     │   ├── postfiat-types v0.1.0
     │   │   ├── postfiat-bench v0.1.0 (*)
     │   │   ├── postfiat-bridge v0.1.0 (*)
     │   │   ├── postfiat-consensus-cobalt v0.1.0 (*)
     │   │   ├── postfiat-execution v0.1.0 (*)
     │   │   ├── postfiat-fastpay-prototype v0.1.0 (*)
     │   │   ├── postfiat-fuzz v0.1.0 (*)
     │   │   ├── postfiat-mempool-dag v0.1.0 (*)
     │   │   ├── postfiat-nav-reserve-protocol v0.1.0
     │   │   │   └── postfiat-execution v0.1.0 (*)
     │   │   ├── postfiat-node v0.1.0 (*)
     │   │   ├── postfiat-ordering-fast v0.1.0 (*)
     │   │   ├── postfiat-pftl-uniswap-proofs v0.1.0 (*)
     │   │   ├── postfiat-pfusdc-proofs v0.1.0 (*)
     │   │   ├── postfiat-privacy v0.1.0 (*)
     │   │   ├── postfiat-rpc-sdk v0.1.0 (*)
     │   │   ├── postfiat-storage v0.1.0
     │   │   │   ├── postfiat-bench v0.1.0 (*)
     │   │   │   └── postfiat-node v0.1.0 (*)
     │   │   └── postfiat-wallet-wasm v0.1.0 (*)
     │   ├── sp1-primitives v6.3.1
     │   │   ├── sp1-hypercube v6.3.1
     │   │   │   ├── (build) sp1-recursion-executor v6.3.1
     │   │   │   │   ├── (build) sp1-recursion-machine v6.3.1
     │   │   │   │   │   └── sp1-verifier v6.3.1
     │   │   │   │   │       └── postfiat-execution v0.1.0 (*)
     │   │   │   │   └── sp1-verifier v6.3.1 (*)
     │   │   │   ├── (build) sp1-recursion-machine v6.3.1 (*)
     │   │   │   └── sp1-verifier v6.3.1 (*)
     │   │   ├── sp1-lib v6.3.1
     │   │   │   └── sp1-zkvm v6.3.1
     │   │   │       ├── fips204 v0.4.6 (*)
     │   │   │       └── postfiat-crypto-provider v0.1.0 (*)
     │   │   ├── (build) sp1-recursion-machine v6.3.1 (*)
     │   │   ├── sp1-verifier v6.3.1 (*)
     │   │   └── sp1-zkvm v6.3.1 (*)
     │   ├── sp1-verifier v6.3.1 (*)
     │   └── sp1-zkvm v6.3.1 (*)
     ├── sha3 v0.10.9
     │   ├── alloy-primitives v1.5.7
     │   │   ├── alloy-sol-types v1.5.7
     │   │   │   └── arc-conformance v0.1.0 (*)
     │   │   ├── alloy-trie v0.9.5
     │   │   │   └── arc-conformance v0.1.0 (*)
     │   │   └── arc-conformance v0.1.0 (*)
     │   ├── alloy-sol-macro-expander v1.5.7
     │   │   └── alloy-sol-macro v1.5.7
     │   │       ├── alloy-sol-types v1.5.7 (*)
     │   │       └── arc-conformance v0.1.0 (*)
     │   ├── fips204 v0.4.6 (*)
     │   └── fips204 v0.4.6 (*)
     └── signature v2.2.0
         ├── ecdsa v0.16.9 (*)
         ├── ed25519 v2.2.3
         │   └── ed25519-dalek v2.2.0 (*)
         └── k256 v0.13.4 (*)
   ├ digest v0.11.3
     └── sha3 v0.11.0
         ├── arc-conformance v0.1.0
         ├── postfiat-bridge v0.1.0
         │   ├── postfiat-bench v0.1.0
         │   ├── postfiat-execution v0.1.0
         │   │   ├── postfiat-bench v0.1.0 (*)
         │   │   ├── postfiat-fastpay-prototype v0.1.0
         │   │   ├── postfiat-fuzz v0.1.0
         │   │   ├── postfiat-node v0.1.0
         │   │   │   ├── postfiat-cobalt-e2-harness v0.1.0
         │   │   │   ├── postfiat-cobalt-e3-harness v0.1.0
         │   │   │   └── postfiat-fuzz v0.1.0 (*)
         │   │   └── postfiat-rpc-sdk v0.1.0
         │   │       ├── postfiat-node v0.1.0 (*)
         │   │       └── postfiat-wallet-wasm v0.1.0
         │   ├── postfiat-fuzz v0.1.0 (*)
         │   └── postfiat-node v0.1.0 (*)
         ├── postfiat-crypto-provider v0.1.0
         │   ├── postfiat-bench v0.1.0 (*)
         │   ├── postfiat-bridge v0.1.0 (*)
         │   ├── postfiat-cobalt-e2-harness v0.1.0 (*)
         │   ├── postfiat-cobalt-e3-harness v0.1.0 (*)
         │   ├── postfiat-consensus-cobalt v0.1.0
         │   │   ├── postfiat-cobalt-e1-harness v0.1.0
         │   │   ├── postfiat-cobalt-e2-harness v0.1.0 (*)
         │   │   ├── postfiat-cobalt-e3-harness v0.1.0 (*)
         │   │   ├── postfiat-fuzz v0.1.0 (*)
         │   │   ├── postfiat-node v0.1.0 (*)
         │   │   └── postfiat-pfusdc-proofs v0.1.0
         │   │       └── postfiat-pftl-uniswap-proofs v0.1.0
         │   │           └── postfiat-node v0.1.0 (*)
         │   ├── postfiat-execution v0.1.0 (*)
         │   ├── postfiat-fastpay-prototype v0.1.0 (*)
         │   ├── postfiat-fuzz v0.1.0 (*)
         │   ├── postfiat-mempool-dag v0.1.0
         │   │   ├── postfiat-bench v0.1.0 (*)
         │   │   ├── (dev) postfiat-consensus-cobalt v0.1.0 (*)
         │   │   ├── postfiat-fuzz v0.1.0 (*)
         │   │   ├── postfiat-node v0.1.0 (*)
         │   │   └── postfiat-ordering-fast v0.1.0
         │   │       ├── postfiat-bench v0.1.0 (*)
         │   │       ├── postfiat-fuzz v0.1.0 (*)
         │   │       ├── postfiat-node v0.1.0 (*)
         │   │       └── postfiat-pfusdc-proofs v0.1.0 (*)
         │   ├── postfiat-network v0.1.0
         │   │   ├── postfiat-fuzz v0.1.0 (*)
         │   │   └── postfiat-node v0.1.0 (*)
         │   ├── postfiat-node v0.1.0 (*)
         │   ├── postfiat-ordering-fast v0.1.0 (*)
         │   ├── postfiat-pftl-uniswap-proofs v0.1.0 (*)
         │   ├── postfiat-pfusdc-proofs v0.1.0 (*)
         │   ├── postfiat-privacy v0.1.0
         │   │   ├── postfiat-bench v0.1.0 (*)
         │   │   ├── postfiat-fuzz v0.1.0 (*)
         │   │   └── postfiat-node v0.1.0 (*)
         │   ├── postfiat-privacy-orchard v0.1.0
         │   │   ├── postfiat-fuzz v0.1.0 (*)
         │   │   └── postfiat-node v0.1.0 (*)
         │   ├── postfiat-proofs v0.1.0
         │   │   ├── postfiat-bench v0.1.0 (*)
         │   │   ├── postfiat-fuzz v0.1.0 (*)
         │   │   └── postfiat-privacy v0.1.0 (*)
         │   ├── postfiat-rpc-sdk v0.1.0 (*)
         │   └── postfiat-wallet-wasm v0.1.0 (*)
         ├── postfiat-fuzz v0.1.0 (*)
         ├── postfiat-nav-reserve-protocol v0.1.0
         │   └── postfiat-execution v0.1.0 (*)
         ├── postfiat-node v0.1.0 (*)
         ├── postfiat-pftl-uniswap-proofs v0.1.0 (*)
         ├── postfiat-privacy-orchard v0.1.0 (*)
         ├── postfiat-rpc-sdk v0.1.0 (*)
         ├── postfiat-storage v0.1.0
         │   ├── postfiat-bench v0.1.0 (*)
         │   └── postfiat-node v0.1.0 (*)
         └── postfiat-types v0.1.0
             ├── postfiat-bench v0.1.0 (*)
             ├── postfiat-bridge v0.1.0 (*)
             ├── postfiat-consensus-cobalt v0.1.0 (*)
             ├── postfiat-execution v0.1.0 (*)
             ├── postfiat-fastpay-prototype v0.1.0 (*)
             ├── postfiat-fuzz v0.1.0 (*)
             ├── postfiat-mempool-dag v0.1.0 (*)
             ├── postfiat-nav-reserve-protocol v0.1.0 (*)
             ├── postfiat-node v0.1.0 (*)
             ├── postfiat-ordering-fast v0.1.0 (*)
             ├── postfiat-pftl-uniswap-proofs v0.1.0 (*)
             ├── postfiat-pfusdc-proofs v0.1.0 (*)
             ├── postfiat-privacy v0.1.0 (*)
             ├── postfiat-rpc-sdk v0.1.0 (*)
             ├── postfiat-storage v0.1.0 (*)
             └── postfiat-wallet-wasm v0.1.0 (*)

warning[duplicate]: found 2 duplicate entries for crate 'getrandom'
    ┌─ /home/postfiatchad/repos/postfiatl1v2-release-20260915/Cargo.lock:112:1
    │  
112 │ ╭ getrandom 0.2.17 registry+https://github.com/rust-lang/crates.io-index
113 │ │ getrandom 0.3.4 registry+https://github.com/rust-lang/crates.io-index
    │ ╰─────────────────────────────────────────────────────────────────────┘ lock entries
    │  
    ├ getrandom v0.2.17
      ├── postfiat-wallet-wasm v0.1.0
      ├── rand_core v0.6.4
      │   ├── bls12_381 v0.8.0
      │   │   └── jubjub v0.10.0
      │   │       └── reddsa v0.5.1
      │   │           └── orchard v0.14.0
      │   │               ├── postfiat-fuzz v0.1.0
      │   │               ├── (dev) postfiat-node v0.1.0
      │   │               │   ├── postfiat-cobalt-e2-harness v0.1.0
      │   │               │   ├── postfiat-cobalt-e3-harness v0.1.0
      │   │               │   └── postfiat-fuzz v0.1.0 (*)
      │   │               └── postfiat-privacy-orchard v0.1.0
      │   │                   ├── postfiat-fuzz v0.1.0 (*)
      │   │                   └── postfiat-node v0.1.0 (*)
      │   ├── crypto-bigint v0.5.5
      │   │   └── elliptic-curve v0.13.8
      │   │       ├── ecdsa v0.16.9
      │   │       │   └── k256 v0.13.4
      │   │       │       └── postfiat-node v0.1.0 (*)
      │   │       └── k256 v0.13.4 (*)
      │   ├── crypto-common v0.1.7
      │   │   ├── aead v0.5.2
      │   │   │   └── chacha20poly1305 v0.10.1
      │   │   │       ├── postfiat-privacy-orchard v0.1.0 (*)
      │   │   │       └── zcash_note_encryption v0.4.1
      │   │   │           ├── orchard v0.14.0 (*)
      │   │   │           └── postfiat-privacy-orchard v0.1.0 (*)
      │   │   ├── cipher v0.4.4
      │   │   │   ├── aes v0.8.4
      │   │   │   │   └── orchard v0.14.0 (*)
      │   │   │   ├── cbc v0.1.2
      │   │   │   │   └── fpe v0.6.1
      │   │   │   │       └── orchard v0.14.0 (*)
      │   │   │   ├── chacha20 v0.9.1
      │   │   │   │   ├── chacha20poly1305 v0.10.1 (*)
      │   │   │   │   └── zcash_note_encryption v0.4.1 (*)
      │   │   │   ├── chacha20poly1305 v0.10.1 (*)
      │   │   │   ├── fpe v0.6.1 (*)
      │   │   │   └── zcash_note_encryption v0.4.1 (*)
      │   │   ├── digest v0.10.7
      │   │   │   ├── curve25519-dalek v4.1.3
      │   │   │   │   └── ed25519-dalek v2.2.0
      │   │   │   │       └── arc-conformance v0.1.0
      │   │   │   ├── ecdsa v0.16.9 (*)
      │   │   │   ├── elliptic-curve v0.13.8 (*)
      │   │   │   ├── hmac v0.12.1
      │   │   │   │   └── rfc6979 v0.4.0
      │   │   │   │       └── ecdsa v0.16.9 (*)
      │   │   │   ├── sha2 v0.10.9
      │   │   │   │   ├── ed25519-dalek v2.2.0 (*)
      │   │   │   │   ├── fips204 v0.4.6
      │   │   │   │   │   └── postfiat-crypto-provider v0.1.0
      │   │   │   │   │       ├── postfiat-bench v0.1.0
      │   │   │   │   │       ├── postfiat-bridge v0.1.0
      │   │   │   │   │       │   ├── postfiat-bench v0.1.0 (*)
      │   │   │   │   │       │   ├── postfiat-execution v0.1.0
      │   │   │   │   │       │   │   ├── postfiat-bench v0.1.0 (*)
      │   │   │   │   │       │   │   ├── postfiat-fastpay-prototype v0.1.0
      │   │   │   │   │       │   │   ├── postfiat-fuzz v0.1.0 (*)
      │   │   │   │   │       │   │   ├── postfiat-node v0.1.0 (*)
      │   │   │   │   │       │   │   └── postfiat-rpc-sdk v0.1.0
      │   │   │   │   │       │   │       ├── postfiat-node v0.1.0 (*)
      │   │   │   │   │       │   │       └── postfiat-wallet-wasm v0.1.0 (*)
      │   │   │   │   │       │   ├── postfiat-fuzz v0.1.0 (*)
      │   │   │   │   │       │   └── postfiat-node v0.1.0 (*)
      │   │   │   │   │       ├── postfiat-cobalt-e2-harness v0.1.0 (*)
      │   │   │   │   │       ├── postfiat-cobalt-e3-harness v0.1.0 (*)
      │   │   │   │   │       ├── postfiat-consensus-cobalt v0.1.0
      │   │   │   │   │       │   ├── postfiat-cobalt-e1-harness v0.1.0
      │   │   │   │   │       │   ├── postfiat-cobalt-e2-harness v0.1.0 (*)
      │   │   │   │   │       │   ├── postfiat-cobalt-e3-harness v0.1.0 (*)
      │   │   │   │   │       │   ├── postfiat-fuzz v0.1.0 (*)
      │   │   │   │   │       │   ├── postfiat-node v0.1.0 (*)
      │   │   │   │   │       │   └── postfiat-pfusdc-proofs v0.1.0
      │   │   │   │   │       │       └── postfiat-pftl-uniswap-proofs v0.1.0
      │   │   │   │   │       │           └── postfiat-node v0.1.0 (*)
      │   │   │   │   │       ├── postfiat-execution v0.1.0 (*)
      │   │   │   │   │       ├── postfiat-fastpay-prototype v0.1.0 (*)
      │   │   │   │   │       ├── postfiat-fuzz v0.1.0 (*)
      │   │   │   │   │       ├── postfiat-mempool-dag v0.1.0
      │   │   │   │   │       │   ├── postfiat-bench v0.1.0 (*)
      │   │   │   │   │       │   ├── (dev) postfiat-consensus-cobalt v0.1.0 (*)
      │   │   │   │   │       │   ├── postfiat-fuzz v0.1.0 (*)
      │   │   │   │   │       │   ├── postfiat-node v0.1.0 (*)
      │   │   │   │   │       │   └── postfiat-ordering-fast v0.1.0
      │   │   │   │   │       │       ├── postfiat-bench v0.1.0 (*)
      │   │   │   │   │       │       ├── postfiat-fuzz v0.1.0 (*)
      │   │   │   │   │       │       ├── postfiat-node v0.1.0 (*)
      │   │   │   │   │       │       └── postfiat-pfusdc-proofs v0.1.0 (*)
      │   │   │   │   │       ├── postfiat-network v0.1.0
      │   │   │   │   │       │   ├── postfiat-fuzz v0.1.0 (*)
      │   │   │   │   │       │   └── postfiat-node v0.1.0 (*)
      │   │   │   │   │       ├── postfiat-node v0.1.0 (*)
      │   │   │   │   │       ├── postfiat-ordering-fast v0.1.0 (*)
      │   │   │   │   │       ├── postfiat-pftl-uniswap-proofs v0.1.0 (*)
      │   │   │   │   │       ├── postfiat-pfusdc-proofs v0.1.0 (*)
      │   │   │   │   │       ├── postfiat-privacy v0.1.0
      │   │   │   │   │       │   ├── postfiat-bench v0.1.0 (*)
      │   │   │   │   │       │   ├── postfiat-fuzz v0.1.0 (*)
      │   │   │   │   │       │   └── postfiat-node v0.1.0 (*)
      │   │   │   │   │       ├── postfiat-privacy-orchard v0.1.0 (*)
      │   │   │   │   │       ├── postfiat-proofs v0.1.0
      │   │   │   │   │       │   ├── postfiat-bench v0.1.0 (*)
      │   │   │   │   │       │   ├── postfiat-fuzz v0.1.0 (*)
      │   │   │   │   │       │   └── postfiat-privacy v0.1.0 (*)
      │   │   │   │   │       ├── postfiat-rpc-sdk v0.1.0 (*)
      │   │   │   │   │       └── postfiat-wallet-wasm v0.1.0 (*)
      │   │   │   │   ├── fips204 v0.4.6
      │   │   │   │   │   └── (dev) postfiat-crypto-provider v0.1.0 (*)
      │   │   │   │   ├── k256 v0.13.4 (*)
      │   │   │   │   ├── postfiat-bench v0.1.0 (*)
      │   │   │   │   ├── postfiat-cobalt-adversarial-oracle v0.1.0
      │   │   │   │   │   └── postfiat-cobalt-e1-harness v0.1.0 (*)
      │   │   │   │   ├── postfiat-cobalt-decision-oracle v0.1.0
      │   │   │   │   │   └── postfiat-cobalt-e1-harness v0.1.0 (*)
      │   │   │   │   ├── postfiat-cobalt-e1-harness v0.1.0 (*)
      │   │   │   │   ├── postfiat-cobalt-e2-harness v0.1.0 (*)
      │   │   │   │   ├── postfiat-cobalt-e3-harness v0.1.0 (*)
      │   │   │   │   ├── postfiat-node v0.1.0 (*)
      │   │   │   │   ├── postfiat-types v0.1.0
      │   │   │   │   │   ├── postfiat-bench v0.1.0 (*)
      │   │   │   │   │   ├── postfiat-bridge v0.1.0 (*)
      │   │   │   │   │   ├── postfiat-consensus-cobalt v0.1.0 (*)
      │   │   │   │   │   ├── postfiat-execution v0.1.0 (*)
      │   │   │   │   │   ├── postfiat-fastpay-prototype v0.1.0 (*)
      │   │   │   │   │   ├── postfiat-fuzz v0.1.0 (*)
      │   │   │   │   │   ├── postfiat-mempool-dag v0.1.0 (*)
      │   │   │   │   │   ├── postfiat-nav-reserve-protocol v0.1.0
      │   │   │   │   │   │   └── postfiat-execution v0.1.0 (*)
      │   │   │   │   │   ├── postfiat-node v0.1.0 (*)
      │   │   │   │   │   ├── postfiat-ordering-fast v0.1.0 (*)
      │   │   │   │   │   ├── postfiat-pftl-uniswap-proofs v0.1.0 (*)
      │   │   │   │   │   ├── postfiat-pfusdc-proofs v0.1.0 (*)
      │   │   │   │   │   ├── postfiat-privacy v0.1.0 (*)
      │   │   │   │   │   ├── postfiat-rpc-sdk v0.1.0 (*)
      │   │   │   │   │   ├── postfiat-storage v0.1.0
      │   │   │   │   │   │   ├── postfiat-bench v0.1.0 (*)
      │   │   │   │   │   │   └── postfiat-node v0.1.0 (*)
      │   │   │   │   │   └── postfiat-wallet-wasm v0.1.0 (*)
      │   │   │   │   ├── sp1-primitives v6.3.1
      │   │   │   │   │   ├── sp1-hypercube v6.3.1
      │   │   │   │   │   │   ├── (build) sp1-recursion-executor v6.3.1
      │   │   │   │   │   │   │   ├── (build) sp1-recursion-machine v6.3.1
      │   │   │   │   │   │   │   │   └── sp1-verifier v6.3.1
      │   │   │   │   │   │   │   │       └── postfiat-execution v0.1.0 (*)
      │   │   │   │   │   │   │   └── sp1-verifier v6.3.1 (*)
      │   │   │   │   │   │   ├── (build) sp1-recursion-machine v6.3.1 (*)
      │   │   │   │   │   │   └── sp1-verifier v6.3.1 (*)
      │   │   │   │   │   ├── sp1-lib v6.3.1
      │   │   │   │   │   │   └── sp1-zkvm v6.3.1
      │   │   │   │   │   │       ├── fips204 v0.4.6 (*)
      │   │   │   │   │   │       └── postfiat-crypto-provider v0.1.0 (*)
      │   │   │   │   │   ├── (build) sp1-recursion-machine v6.3.1 (*)
      │   │   │   │   │   ├── sp1-verifier v6.3.1 (*)
      │   │   │   │   │   └── sp1-zkvm v6.3.1 (*)
      │   │   │   │   ├── sp1-verifier v6.3.1 (*)
      │   │   │   │   └── sp1-zkvm v6.3.1 (*)
      │   │   │   ├── sha3 v0.10.9
      │   │   │   │   ├── alloy-primitives v1.5.7
      │   │   │   │   │   ├── alloy-sol-types v1.5.7
      │   │   │   │   │   │   └── arc-conformance v0.1.0 (*)
      │   │   │   │   │   ├── alloy-trie v0.9.5
      │   │   │   │   │   │   └── arc-conformance v0.1.0 (*)
      │   │   │   │   │   └── arc-conformance v0.1.0 (*)
      │   │   │   │   ├── alloy-sol-macro-expander v1.5.7
      │   │   │   │   │   └── alloy-sol-macro v1.5.7
      │   │   │   │   │       ├── alloy-sol-types v1.5.7 (*)
      │   │   │   │   │       └── arc-conformance v0.1.0 (*)
      │   │   │   │   ├── fips204 v0.4.6 (*)
      │   │   │   │   └── fips204 v0.4.6 (*)
      │   │   │   └── signature v2.2.0
      │   │   │       ├── ecdsa v0.16.9 (*)
      │   │   │       ├── ed25519 v2.2.3
      │   │   │       │   └── ed25519-dalek v2.2.0 (*)
      │   │   │       └── k256 v0.13.4 (*)
      │   │   └── universal-hash v0.5.1
      │   │       └── poly1305 v0.8.0
      │   │           └── chacha20poly1305 v0.10.1 (*)
      │   ├── elliptic-curve v0.13.8 (*)
      │   ├── ff v0.13.1
      │   │   ├── bls12_381 v0.8.0 (*)
      │   │   ├── elliptic-curve v0.13.8 (*)
      │   │   ├── group v0.13.0
      │   │   │   ├── elliptic-curve v0.13.8 (*)
      │   │   │   ├── halo2_gadgets v0.5.0
      │   │   │   │   ├── orchard v0.14.0 (*)
      │   │   │   │   └── postfiat-privacy-orchard v0.1.0 (*)
      │   │   │   ├── halo2_poseidon v0.1.0
      │   │   │   │   ├── halo2_gadgets v0.5.0 (*)
      │   │   │   │   ├── orchard v0.14.0 (*)
      │   │   │   │   └── postfiat-privacy-orchard v0.1.0 (*)
      │   │   │   ├── halo2_proofs v0.3.2
      │   │   │   │   ├── halo2_gadgets v0.5.0 (*)
      │   │   │   │   ├── orchard v0.14.0 (*)
      │   │   │   │   └── postfiat-privacy-orchard v0.1.0 (*)
      │   │   │   ├── jubjub v0.10.0 (*)
      │   │   │   ├── orchard v0.14.0 (*)
      │   │   │   ├── pasta_curves v0.5.1
      │   │   │   │   ├── halo2_gadgets v0.5.0 (*)
      │   │   │   │   ├── halo2_poseidon v0.1.0 (*)
      │   │   │   │   ├── halo2_proofs v0.3.2 (*)
      │   │   │   │   ├── orchard v0.14.0 (*)
      │   │   │   │   ├── postfiat-privacy-orchard v0.1.0 (*)
      │   │   │   │   ├── reddsa v0.5.1 (*)
      │   │   │   │   └── sinsemilla v0.1.0
      │   │   │   │       ├── halo2_gadgets v0.5.0 (*)
      │   │   │   │       ├── orchard v0.14.0 (*)
      │   │   │   │       └── postfiat-privacy-orchard v0.1.0 (*)
      │   │   │   ├── postfiat-privacy-orchard v0.1.0 (*)
      │   │   │   ├── reddsa v0.5.1 (*)
      │   │   │   └── sinsemilla v0.1.0 (*)
      │   │   ├── halo2_gadgets v0.5.0 (*)
      │   │   ├── halo2_poseidon v0.1.0 (*)
      │   │   ├── halo2_proofs v0.3.2 (*)
      │   │   ├── jubjub v0.10.0 (*)
      │   │   ├── orchard v0.14.0 (*)
      │   │   ├── p3-bn254-fr v0.4.3-succinct
      │   │   │   └── slop-bn254 v6.3.1
      │   │   │       ├── slop-basefold v6.3.1
      │   │   │       │   ├── slop-basefold-prover v6.3.1
      │   │   │       │   │   ├── slop-jagged v6.3.1
      │   │   │       │   │   │   ├── slop-whir v6.3.1
      │   │   │       │   │   │   │   └── sp1-hypercube v6.3.1 (*)
      │   │   │       │   │   │   └── sp1-hypercube v6.3.1 (*)
      │   │   │       │   │   ├── slop-stacked v6.3.1
      │   │   │       │   │   │   ├── slop-jagged v6.3.1 (*)
      │   │   │       │   │   │   ├── slop-whir v6.3.1 (*)
      │   │   │       │   │   │   └── sp1-hypercube v6.3.1 (*)
      │   │   │       │   │   └── sp1-hypercube v6.3.1 (*)
      │   │   │       │   ├── slop-jagged v6.3.1 (*)
      │   │   │       │   ├── slop-stacked v6.3.1 (*)
      │   │   │       │   ├── slop-whir v6.3.1 (*)
      │   │   │       │   ├── sp1-hypercube v6.3.1 (*)
      │   │   │       │   └── sp1-recursion-machine v6.3.1 (*)
      │   │   │       ├── slop-basefold-prover v6.3.1 (*)
      │   │   │       ├── slop-jagged v6.3.1 (*)
      │   │   │       ├── slop-merkle-tree v6.3.1
      │   │   │       │   ├── slop-basefold v6.3.1 (*)
      │   │   │       │   ├── slop-basefold-prover v6.3.1 (*)
      │   │   │       │   ├── slop-jagged v6.3.1 (*)
      │   │   │       │   ├── slop-stacked v6.3.1 (*)
      │   │   │       │   ├── slop-whir v6.3.1 (*)
      │   │   │       │   └── sp1-hypercube v6.3.1 (*)
      │   │   │       ├── sp1-hypercube v6.3.1 (*)
      │   │   │       └── sp1-primitives v6.3.1 (*)
      │   │   ├── pasta_curves v0.5.1 (*)
      │   │   ├── postfiat-privacy-orchard v0.1.0 (*)
      │   │   └── slop-bn254 v6.3.1 (*)
      │   ├── fips204 v0.4.6 (*)
      │   ├── fips204 v0.4.6 (*)
      │   ├── group v0.13.0 (*)
      │   ├── halo2_proofs v0.3.2 (*)
      │   ├── jubjub v0.10.0 (*)
      │   ├── orchard v0.14.0 (*)
      │   ├── rand v0.8.6
      │   │   ├── halo2_gadgets v0.5.0 (*)
      │   │   ├── orchard v0.14.0 (*)
      │   │   ├── p3-baby-bear v0.4.3-succinct
      │   │   │   └── slop-baby-bear v6.3.1
      │   │   │       ├── slop-basefold v6.3.1 (*)
      │   │   │       ├── slop-basefold-prover v6.3.1 (*)
      │   │   │       ├── slop-jagged v6.3.1 (*)
      │   │   │       ├── slop-merkle-tree v6.3.1 (*)
      │   │   │       ├── slop-sumcheck v6.3.1
      │   │   │       │   ├── slop-jagged v6.3.1 (*)
      │   │   │       │   └── sp1-hypercube v6.3.1 (*)
      │   │   │       └── slop-whir v6.3.1 (*)
      │   │   ├── p3-bn254-fr v0.4.3-succinct (*)
      │   │   ├── p3-field v0.4.3-succinct
      │   │   │   ├── p3-air v0.4.3-succinct
      │   │   │   │   ├── p3-uni-stark v0.4.3-succinct
      │   │   │   │   │   └── slop-uni-stark v6.3.1
      │   │   │   │   │       └── sp1-hypercube v6.3.1 (*)
      │   │   │   │   └── slop-air v6.3.1
      │   │   │   │       ├── sp1-hypercube v6.3.1 (*)
      │   │   │   │       └── sp1-recursion-machine v6.3.1 (*)
      │   │   │   ├── p3-baby-bear v0.4.3-succinct (*)
      │   │   │   ├── p3-bn254-fr v0.4.3-succinct (*)
      │   │   │   ├── p3-challenger v0.4.3-succinct
      │   │   │   │   ├── p3-commit v0.4.3-succinct
      │   │   │   │   │   ├── p3-fri v0.4.3-succinct
      │   │   │   │   │   │   └── slop-fri v6.3.1
      │   │   │   │   │   │       └── slop-basefold-prover v6.3.1 (*)
      │   │   │   │   │   ├── p3-merkle-tree v0.4.3-succinct
      │   │   │   │   │   │   └── slop-merkle-tree v6.3.1 (*)
      │   │   │   │   │   ├── p3-uni-stark v0.4.3-succinct (*)
      │   │   │   │   │   └── slop-commit v6.3.1
      │   │   │   │   │       ├── slop-basefold-prover v6.3.1 (*)
      │   │   │   │   │       ├── slop-jagged v6.3.1 (*)
      │   │   │   │   │       ├── slop-merkle-tree v6.3.1 (*)
      │   │   │   │   │       ├── slop-multilinear v6.3.1
      │   │   │   │   │       │   ├── slop-basefold v6.3.1 (*)
      │   │   │   │   │       │   ├── slop-basefold-prover v6.3.1 (*)
      │   │   │   │   │       │   ├── slop-jagged v6.3.1 (*)
      │   │   │   │   │       │   ├── slop-stacked v6.3.1 (*)
      │   │   │   │   │       │   ├── slop-sumcheck v6.3.1 (*)
      │   │   │   │   │       │   ├── slop-whir v6.3.1 (*)
      │   │   │   │   │       │   └── sp1-hypercube v6.3.1 (*)
      │   │   │   │   │       ├── slop-stacked v6.3.1 (*)
      │   │   │   │   │       ├── slop-whir v6.3.1 (*)
      │   │   │   │   │       └── sp1-hypercube v6.3.1 (*)
      │   │   │   │   ├── p3-fri v0.4.3-succinct (*)
      │   │   │   │   ├── p3-uni-stark v0.4.3-succinct (*)
      │   │   │   │   └── slop-challenger v6.3.1
      │   │   │   │       ├── slop-baby-bear v6.3.1 (*)
      │   │   │   │       ├── slop-basefold v6.3.1 (*)
      │   │   │   │       ├── slop-basefold-prover v6.3.1 (*)
      │   │   │   │       ├── slop-bn254 v6.3.1 (*)
      │   │   │   │       ├── slop-jagged v6.3.1 (*)
      │   │   │   │       ├── slop-koala-bear v6.3.1
      │   │   │   │       │   ├── slop-basefold v6.3.1 (*)
      │   │   │   │       │   ├── slop-basefold-prover v6.3.1 (*)
      │   │   │   │       │   ├── slop-jagged v6.3.1 (*)
      │   │   │   │       │   ├── slop-merkle-tree v6.3.1 (*)
      │   │   │   │       │   ├── slop-whir v6.3.1 (*)
      │   │   │   │       │   ├── sp1-hypercube v6.3.1 (*)
      │   │   │   │       │   └── sp1-primitives v6.3.1 (*)
      │   │   │   │       ├── slop-merkle-tree v6.3.1 (*)
      │   │   │   │       ├── slop-multilinear v6.3.1 (*)
      │   │   │   │       ├── slop-stacked v6.3.1 (*)
      │   │   │   │       ├── slop-sumcheck v6.3.1 (*)
      │   │   │   │       ├── slop-whir v6.3.1 (*)
      │   │   │   │       ├── sp1-hypercube v6.3.1 (*)
      │   │   │   │       ├── sp1-primitives v6.3.1 (*)
      │   │   │   │       └── sp1-verifier v6.3.1 (*)
      │   │   │   ├── p3-commit v0.4.3-succinct (*)
      │   │   │   ├── p3-dft v0.4.3-succinct
      │   │   │   │   ├── p3-fri v0.4.3-succinct (*)
      │   │   │   │   ├── p3-mds v0.4.3-succinct
      │   │   │   │   │   ├── p3-baby-bear v0.4.3-succinct (*)
      │   │   │   │   │   ├── p3-koala-bear v0.4.3-succinct
      │   │   │   │   │   │   └── slop-koala-bear v6.3.1 (*)
      │   │   │   │   │   └── p3-poseidon2 v0.4.3-succinct
      │   │   │   │   │       ├── p3-baby-bear v0.4.3-succinct (*)
      │   │   │   │   │       ├── p3-bn254-fr v0.4.3-succinct (*)
      │   │   │   │   │       ├── p3-koala-bear v0.4.3-succinct (*)
      │   │   │   │   │       └── slop-poseidon2 v6.3.1
      │   │   │   │   │           ├── slop-baby-bear v6.3.1 (*)
      │   │   │   │   │           ├── slop-bn254 v6.3.1 (*)
      │   │   │   │   │           ├── slop-koala-bear v6.3.1 (*)
      │   │   │   │   │           ├── slop-merkle-tree v6.3.1 (*)
      │   │   │   │   │           ├── sp1-hypercube v6.3.1 (*)
      │   │   │   │   │           ├── sp1-primitives v6.3.1 (*)
      │   │   │   │   │           └── sp1-recursion-executor v6.3.1 (*)
      │   │   │   │   ├── p3-uni-stark v0.4.3-succinct (*)
      │   │   │   │   └── slop-dft v6.3.1
      │   │   │   │       ├── slop-basefold-prover v6.3.1 (*)
      │   │   │   │       └── slop-whir v6.3.1 (*)
      │   │   │   ├── p3-fri v0.4.3-succinct (*)
      │   │   │   ├── p3-interpolation v0.4.3-succinct
      │   │   │   │   └── p3-fri v0.4.3-succinct (*)
      │   │   │   ├── p3-koala-bear v0.4.3-succinct (*)
      │   │   │   ├── p3-matrix v0.4.3-succinct
      │   │   │   │   ├── p3-air v0.4.3-succinct (*)
      │   │   │   │   ├── p3-commit v0.4.3-succinct (*)
      │   │   │   │   ├── p3-dft v0.4.3-succinct (*)
      │   │   │   │   ├── p3-fri v0.4.3-succinct (*)
      │   │   │   │   ├── p3-interpolation v0.4.3-succinct (*)
      │   │   │   │   ├── p3-mds v0.4.3-succinct (*)
      │   │   │   │   ├── p3-merkle-tree v0.4.3-succinct (*)
      │   │   │   │   ├── p3-uni-stark v0.4.3-succinct (*)
      │   │   │   │   └── slop-matrix v6.3.1
      │   │   │   │       ├── slop-dft v6.3.1 (*)
      │   │   │   │       ├── slop-merkle-tree v6.3.1 (*)
      │   │   │   │       ├── slop-multilinear v6.3.1 (*)
      │   │   │   │       ├── slop-tensor v6.3.1
      │   │   │   │       │   ├── slop-basefold v6.3.1 (*)
      │   │   │   │       │   ├── slop-basefold-prover v6.3.1 (*)
      │   │   │   │       │   ├── slop-dft v6.3.1 (*)
      │   │   │   │       │   ├── slop-jagged v6.3.1 (*)
      │   │   │   │       │   ├── slop-merkle-tree v6.3.1 (*)
      │   │   │   │       │   ├── slop-multilinear v6.3.1 (*)
      │   │   │   │       │   ├── slop-stacked v6.3.1 (*)
      │   │   │   │       │   ├── slop-whir v6.3.1 (*)
      │   │   │   │       │   └── sp1-hypercube v6.3.1 (*)
      │   │   │   │       ├── slop-whir v6.3.1 (*)
      │   │   │   │       ├── sp1-hypercube v6.3.1 (*)
      │   │   │   │       └── sp1-recursion-machine v6.3.1 (*)
      │   │   │   ├── p3-mds v0.4.3-succinct (*)
      │   │   │   ├── p3-merkle-tree v0.4.3-succinct (*)
      │   │   │   ├── p3-poseidon2 v0.4.3-succinct (*)
      │   │   │   ├── p3-symmetric v0.4.3-succinct
      │   │   │   │   ├── p3-baby-bear v0.4.3-succinct (*)
      │   │   │   │   ├── p3-bn254-fr v0.4.3-succinct (*)
      │   │   │   │   ├── p3-challenger v0.4.3-succinct (*)
      │   │   │   │   ├── p3-koala-bear v0.4.3-succinct (*)
      │   │   │   │   ├── p3-mds v0.4.3-succinct (*)
      │   │   │   │   ├── p3-merkle-tree v0.4.3-succinct (*)
      │   │   │   │   ├── p3-poseidon2 v0.4.3-succinct (*)
      │   │   │   │   └── slop-symmetric v6.3.1
      │   │   │   │       ├── slop-baby-bear v6.3.1 (*)
      │   │   │   │       ├── slop-bn254 v6.3.1 (*)
      │   │   │   │       ├── slop-challenger v6.3.1 (*)
      │   │   │   │       ├── slop-jagged v6.3.1 (*)
      │   │   │   │       ├── slop-koala-bear v6.3.1 (*)
      │   │   │   │       ├── slop-merkle-tree v6.3.1 (*)
      │   │   │   │       ├── sp1-hypercube v6.3.1 (*)
      │   │   │   │       ├── sp1-primitives v6.3.1 (*)
      │   │   │   │       ├── sp1-recursion-executor v6.3.1 (*)
      │   │   │   │       ├── sp1-recursion-machine v6.3.1 (*)
      │   │   │   │       └── sp1-verifier v6.3.1 (*)
      │   │   │   ├── p3-uni-stark v0.4.3-succinct (*)
      │   │   │   └── slop-algebra v6.3.1
      │   │   │       ├── slop-alloc v6.3.1
      │   │   │       │   ├── slop-basefold v6.3.1 (*)
      │   │   │       │   ├── slop-basefold-prover v6.3.1 (*)
      │   │   │       │   ├── slop-commit v6.3.1 (*)
      │   │   │       │   ├── slop-dft v6.3.1 (*)
      │   │   │       │   ├── slop-jagged v6.3.1 (*)
      │   │   │       │   ├── slop-merkle-tree v6.3.1 (*)
      │   │   │       │   ├── slop-multilinear v6.3.1 (*)
      │   │   │       │   ├── slop-stacked v6.3.1 (*)
      │   │   │       │   ├── slop-sumcheck v6.3.1 (*)
      │   │   │       │   ├── slop-tensor v6.3.1 (*)
      │   │   │       │   ├── slop-whir v6.3.1 (*)
      │   │   │       │   └── sp1-hypercube v6.3.1 (*)
      │   │   │       ├── slop-baby-bear v6.3.1 (*)
      │   │   │       ├── slop-basefold v6.3.1 (*)
      │   │   │       ├── slop-basefold-prover v6.3.1 (*)
      │   │   │       ├── slop-bn254 v6.3.1 (*)
      │   │   │       ├── slop-challenger v6.3.1 (*)
      │   │   │       ├── slop-dft v6.3.1 (*)
      │   │   │       ├── slop-jagged v6.3.1 (*)
      │   │   │       ├── slop-koala-bear v6.3.1 (*)
      │   │   │       ├── slop-merkle-tree v6.3.1 (*)
      │   │   │       ├── slop-multilinear v6.3.1 (*)
      │   │   │       ├── slop-primitives v6.3.1
      │   │   │       │   ├── slop-basefold v6.3.1 (*)
      │   │   │       │   ├── sp1-primitives v6.3.1 (*)
      │   │   │       │   └── sp1-verifier v6.3.1 (*)
      │   │   │       ├── slop-stacked v6.3.1 (*)
      │   │   │       ├── slop-sumcheck v6.3.1 (*)
      │   │   │       ├── slop-tensor v6.3.1 (*)
      │   │   │       ├── slop-whir v6.3.1 (*)
      │   │   │       ├── sp1-hypercube v6.3.1 (*)
      │   │   │       ├── sp1-primitives v6.3.1 (*)
      │   │   │       ├── sp1-recursion-executor v6.3.1 (*)
      │   │   │       ├── sp1-recursion-machine v6.3.1 (*)
      │   │   │       └── sp1-verifier v6.3.1 (*)
      │   │   ├── p3-koala-bear v0.4.3-succinct (*)
      │   │   ├── p3-matrix v0.4.3-succinct (*)
      │   │   ├── p3-mds v0.4.3-succinct (*)
      │   │   ├── p3-poseidon2 v0.4.3-succinct (*)
      │   │   ├── pasta_curves v0.5.1 (*)
      │   │   ├── postfiat-fuzz v0.1.0 (*)
      │   │   ├── (dev) postfiat-node v0.1.0 (*)
      │   │   ├── postfiat-privacy-orchard v0.1.0 (*)
      │   │   ├── slop-basefold-prover v6.3.1 (*)
      │   │   ├── slop-jagged v6.3.1 (*)
      │   │   ├── slop-multilinear v6.3.1 (*)
      │   │   ├── slop-tensor v6.3.1 (*)
      │   │   ├── slop-whir v6.3.1 (*)
      │   │   ├── (build) sp1-recursion-machine v6.3.1 (*)
      │   │   ├── sp1-zkvm v6.3.1 (*)
      │   │   └── substrate-bn-succinct-rs v0.6.0
      │   │       └── sp1-verifier v6.3.1 (*)
      │   ├── rand_chacha v0.3.1
      │   │   └── rand v0.8.6 (*)
      │   ├── reddsa v0.5.1 (*)
      │   ├── signature v2.2.0 (*)
      │   └── zcash_note_encryption v0.4.1 (*)
      ├── ring v0.17.14
      │   ├── rustls v0.23.45
      │   │   ├── hyper-rustls v0.27.9
      │   │   │   └── reqwest v0.12.28
      │   │   │       └── arc-conformance v0.1.0 (*)
      │   │   ├── reqwest v0.12.28 (*)
      │   │   └── tokio-rustls v0.26.4
      │   │       ├── hyper-rustls v0.27.9 (*)
      │   │       └── reqwest v0.12.28 (*)
      │   └── rustls-webpki v0.103.15
      │       └── rustls v0.23.45 (*)
      └── sp1-zkvm v6.3.1 (*)
    ├ getrandom v0.3.4
      └── sp1-zkvm v6.3.1
          ├── fips204 v0.4.6
          │   └── postfiat-crypto-provider v0.1.0
          │       ├── postfiat-bench v0.1.0
          │       ├── postfiat-bridge v0.1.0
          │       │   ├── postfiat-bench v0.1.0 (*)
          │       │   ├── postfiat-execution v0.1.0
          │       │   │   ├── postfiat-bench v0.1.0 (*)
          │       │   │   ├── postfiat-fastpay-prototype v0.1.0
          │       │   │   ├── postfiat-fuzz v0.1.0
          │       │   │   ├── postfiat-node v0.1.0
          │       │   │   │   ├── postfiat-cobalt-e2-harness v0.1.0
          │       │   │   │   ├── postfiat-cobalt-e3-harness v0.1.0
          │       │   │   │   └── postfiat-fuzz v0.1.0 (*)
          │       │   │   └── postfiat-rpc-sdk v0.1.0
          │       │   │       ├── postfiat-node v0.1.0 (*)
          │       │   │       └── postfiat-wallet-wasm v0.1.0
          │       │   ├── postfiat-fuzz v0.1.0 (*)
          │       │   └── postfiat-node v0.1.0 (*)
          │       ├── postfiat-cobalt-e2-harness v0.1.0 (*)
          │       ├── postfiat-cobalt-e3-harness v0.1.0 (*)
          │       ├── postfiat-consensus-cobalt v0.1.0
          │       │   ├── postfiat-cobalt-e1-harness v0.1.0
          │       │   ├── postfiat-cobalt-e2-harness v0.1.0 (*)
          │       │   ├── postfiat-cobalt-e3-harness v0.1.0 (*)
          │       │   ├── postfiat-fuzz v0.1.0 (*)
          │       │   ├── postfiat-node v0.1.0 (*)
          │       │   └── postfiat-pfusdc-proofs v0.1.0
          │       │       └── postfiat-pftl-uniswap-proofs v0.1.0
          │       │           └── postfiat-node v0.1.0 (*)
          │       ├── postfiat-execution v0.1.0 (*)
          │       ├── postfiat-fastpay-prototype v0.1.0 (*)
          │       ├── postfiat-fuzz v0.1.0 (*)
          │       ├── postfiat-mempool-dag v0.1.0
          │       │   ├── postfiat-bench v0.1.0 (*)
          │       │   ├── (dev) postfiat-consensus-cobalt v0.1.0 (*)
          │       │   ├── postfiat-fuzz v0.1.0 (*)
          │       │   ├── postfiat-node v0.1.0 (*)
          │       │   └── postfiat-ordering-fast v0.1.0
          │       │       ├── postfiat-bench v0.1.0 (*)
          │       │       ├── postfiat-fuzz v0.1.0 (*)
          │       │       ├── postfiat-node v0.1.0 (*)
          │       │       └── postfiat-pfusdc-proofs v0.1.0 (*)
          │       ├── postfiat-network v0.1.0
          │       │   ├── postfiat-fuzz v0.1.0 (*)
          │       │   └── postfiat-node v0.1.0 (*)
          │       ├── postfiat-node v0.1.0 (*)
          │       ├── postfiat-ordering-fast v0.1.0 (*)
          │       ├── postfiat-pftl-uniswap-proofs v0.1.0 (*)
          │       ├── postfiat-pfusdc-proofs v0.1.0 (*)
          │       ├── postfiat-privacy v0.1.0
          │       │   ├── postfiat-bench v0.1.0 (*)
          │       │   ├── postfiat-fuzz v0.1.0 (*)
          │       │   └── postfiat-node v0.1.0 (*)
          │       ├── postfiat-privacy-orchard v0.1.0
          │       │   ├── postfiat-fuzz v0.1.0 (*)
          │       │   └── postfiat-node v0.1.0 (*)
          │       ├── postfiat-proofs v0.1.0
          │       │   ├── postfiat-bench v0.1.0 (*)
          │       │   ├── postfiat-fuzz v0.1.0 (*)
          │       │   └── postfiat-privacy v0.1.0 (*)
          │       ├── postfiat-rpc-sdk v0.1.0 (*)
          │       └── postfiat-wallet-wasm v0.1.0 (*)
          └── postfiat-crypto-provider v0.1.0 (*)

warning[duplicate]: found 4 duplicate entries for crate 'hashbrown'
    ┌─ /home/postfiatchad/repos/postfiatl1v2-release-20260915/Cargo.lock:122:1
    │  
122 │ ╭ hashbrown 0.12.3 registry+https://github.com/rust-lang/crates.io-index
123 │ │ hashbrown 0.14.5 registry+https://github.com/rust-lang/crates.io-index
124 │ │ hashbrown 0.16.1 registry+https://github.com/rust-lang/crates.io-index
125 │ │ hashbrown 0.17.1 registry+https://github.com/rust-lang/crates.io-index
    │ ╰──────────────────────────────────────────────────────────────────────┘ lock entries
    │  
    ├ hashbrown v0.12.3
      └── indexmap v1.9.3
          └── halo2_proofs v0.3.2
              ├── halo2_gadgets v0.5.0
              │   ├── orchard v0.14.0
              │   │   ├── postfiat-fuzz v0.1.0
              │   │   ├── (dev) postfiat-node v0.1.0
              │   │   │   ├── postfiat-cobalt-e2-harness v0.1.0
              │   │   │   ├── postfiat-cobalt-e3-harness v0.1.0
              │   │   │   └── postfiat-fuzz v0.1.0 (*)
              │   │   └── postfiat-privacy-orchard v0.1.0
              │   │       ├── postfiat-fuzz v0.1.0 (*)
              │   │       └── postfiat-node v0.1.0 (*)
              │   └── postfiat-privacy-orchard v0.1.0 (*)
              ├── orchard v0.14.0 (*)
              └── postfiat-privacy-orchard v0.1.0 (*)
    ├ hashbrown v0.14.5
      ├── deepsize2 v0.1.0
      │   └── sp1-hypercube v6.3.1
      │       ├── (build) sp1-recursion-executor v6.3.1
      │       │   ├── (build) sp1-recursion-machine v6.3.1
      │       │   │   └── sp1-verifier v6.3.1
      │       │   │       └── postfiat-execution v0.1.0
      │       │   │           ├── postfiat-bench v0.1.0
      │       │   │           ├── postfiat-fastpay-prototype v0.1.0
      │       │   │           ├── postfiat-fuzz v0.1.0
      │       │   │           ├── postfiat-node v0.1.0
      │       │   │           │   ├── postfiat-cobalt-e2-harness v0.1.0
      │       │   │           │   ├── postfiat-cobalt-e3-harness v0.1.0
      │       │   │           │   └── postfiat-fuzz v0.1.0 (*)
      │       │   │           └── postfiat-rpc-sdk v0.1.0
      │       │   │               ├── postfiat-node v0.1.0 (*)
      │       │   │               └── postfiat-wallet-wasm v0.1.0
      │       │   └── sp1-verifier v6.3.1 (*)
      │       ├── (build) sp1-recursion-machine v6.3.1 (*)
      │       └── sp1-verifier v6.3.1 (*)
      ├── sp1-hypercube v6.3.1 (*)
      └── sp1-recursion-executor v6.3.1 (*)
    ├ hashbrown v0.16.1
      └── alloy-primitives v1.5.7
          ├── alloy-sol-types v1.5.7
          │   └── arc-conformance v0.1.0
          ├── alloy-trie v0.9.5
          │   └── arc-conformance v0.1.0 (*)
          └── arc-conformance v0.1.0 (*)
    ├ hashbrown v0.17.1
      └── indexmap v2.14.0
          └── alloy-sol-macro-expander v1.5.7
              └── alloy-sol-macro v1.5.7
                  ├── alloy-sol-types v1.5.7
                  │   └── arc-conformance v0.1.0
                  └── arc-conformance v0.1.0 (*)

warning[duplicate]: found 2 duplicate entries for crate 'indexmap'
    ┌─ /home/postfiatchad/repos/postfiatl1v2-release-20260915/Cargo.lock:147:1
    │  
147 │ ╭ indexmap 1.9.3 registry+https://github.com/rust-lang/crates.io-index
148 │ │ indexmap 2.14.0 registry+https://github.com/rust-lang/crates.io-index
    │ ╰─────────────────────────────────────────────────────────────────────┘ lock entries
    │  
    ├ indexmap v1.9.3
      └── halo2_proofs v0.3.2
          ├── halo2_gadgets v0.5.0
          │   ├── orchard v0.14.0
          │   │   ├── postfiat-fuzz v0.1.0
          │   │   ├── (dev) postfiat-node v0.1.0
          │   │   │   ├── postfiat-cobalt-e2-harness v0.1.0
          │   │   │   ├── postfiat-cobalt-e3-harness v0.1.0
          │   │   │   └── postfiat-fuzz v0.1.0 (*)
          │   │   └── postfiat-privacy-orchard v0.1.0
          │   │       ├── postfiat-fuzz v0.1.0 (*)
          │   │       └── postfiat-node v0.1.0 (*)
          │   └── postfiat-privacy-orchard v0.1.0 (*)
          ├── orchard v0.14.0 (*)
          └── postfiat-privacy-orchard v0.1.0 (*)
    ├ indexmap v2.14.0
      └── alloy-sol-macro-expander v1.5.7
          └── alloy-sol-macro v1.5.7
              ├── alloy-sol-types v1.5.7
              │   └── arc-conformance v0.1.0
              └── arc-conformance v0.1.0 (*)

warning[duplicate]: found 2 duplicate entries for crate 'itertools'
    ┌─ /home/postfiatchad/repos/postfiatl1v2-release-20260915/Cargo.lock:151:1
    │  
151 │ ╭ itertools 0.12.1 registry+https://github.com/rust-lang/crates.io-index
152 │ │ itertools 0.14.0 registry+https://github.com/rust-lang/crates.io-index
    │ ╰──────────────────────────────────────────────────────────────────────┘ lock entries
    │  
    ├ itertools v0.12.1
      ├── p3-commit v0.4.3-succinct
      │   ├── p3-fri v0.4.3-succinct
      │   │   └── slop-fri v6.3.1
      │   │       └── slop-basefold-prover v6.3.1
      │   │           ├── slop-jagged v6.3.1
      │   │           │   ├── slop-whir v6.3.1
      │   │           │   │   └── sp1-hypercube v6.3.1
      │   │           │   │       ├── (build) sp1-recursion-executor v6.3.1
      │   │           │   │       │   ├── (build) sp1-recursion-machine v6.3.1
      │   │           │   │       │   │   └── sp1-verifier v6.3.1
      │   │           │   │       │   │       └── postfiat-execution v0.1.0
      │   │           │   │       │   │           ├── postfiat-bench v0.1.0
      │   │           │   │       │   │           ├── postfiat-fastpay-prototype v0.1.0
      │   │           │   │       │   │           ├── postfiat-fuzz v0.1.0
      │   │           │   │       │   │           ├── postfiat-node v0.1.0
      │   │           │   │       │   │           │   ├── postfiat-cobalt-e2-harness v0.1.0
      │   │           │   │       │   │           │   ├── postfiat-cobalt-e3-harness v0.1.0
      │   │           │   │       │   │           │   └── postfiat-fuzz v0.1.0 (*)
      │   │           │   │       │   │           └── postfiat-rpc-sdk v0.1.0
      │   │           │   │       │   │               ├── postfiat-node v0.1.0 (*)
      │   │           │   │       │   │               └── postfiat-wallet-wasm v0.1.0
      │   │           │   │       │   └── sp1-verifier v6.3.1 (*)
      │   │           │   │       ├── (build) sp1-recursion-machine v6.3.1 (*)
      │   │           │   │       └── sp1-verifier v6.3.1 (*)
      │   │           │   └── sp1-hypercube v6.3.1 (*)
      │   │           ├── slop-stacked v6.3.1
      │   │           │   ├── slop-jagged v6.3.1 (*)
      │   │           │   ├── slop-whir v6.3.1 (*)
      │   │           │   └── sp1-hypercube v6.3.1 (*)
      │   │           └── sp1-hypercube v6.3.1 (*)
      │   ├── p3-merkle-tree v0.4.3-succinct
      │   │   └── slop-merkle-tree v6.3.1
      │   │       ├── slop-basefold v6.3.1
      │   │       │   ├── slop-basefold-prover v6.3.1 (*)
      │   │       │   ├── slop-jagged v6.3.1 (*)
      │   │       │   ├── slop-stacked v6.3.1 (*)
      │   │       │   ├── slop-whir v6.3.1 (*)
      │   │       │   ├── sp1-hypercube v6.3.1 (*)
      │   │       │   └── sp1-recursion-machine v6.3.1 (*)
      │   │       ├── slop-basefold-prover v6.3.1 (*)
      │   │       ├── slop-jagged v6.3.1 (*)
      │   │       ├── slop-stacked v6.3.1 (*)
      │   │       ├── slop-whir v6.3.1 (*)
      │   │       └── sp1-hypercube v6.3.1 (*)
      │   ├── p3-uni-stark v0.4.3-succinct
      │   │   └── slop-uni-stark v6.3.1
      │   │       └── sp1-hypercube v6.3.1 (*)
      │   └── slop-commit v6.3.1
      │       ├── slop-basefold-prover v6.3.1 (*)
      │       ├── slop-jagged v6.3.1 (*)
      │       ├── slop-merkle-tree v6.3.1 (*)
      │       ├── slop-multilinear v6.3.1
      │       │   ├── slop-basefold v6.3.1 (*)
      │       │   ├── slop-basefold-prover v6.3.1 (*)
      │       │   ├── slop-jagged v6.3.1 (*)
      │       │   ├── slop-stacked v6.3.1 (*)
      │       │   ├── slop-sumcheck v6.3.1
      │       │   │   ├── slop-jagged v6.3.1 (*)
      │       │   │   └── sp1-hypercube v6.3.1 (*)
      │       │   ├── slop-whir v6.3.1 (*)
      │       │   └── sp1-hypercube v6.3.1 (*)
      │       ├── slop-stacked v6.3.1 (*)
      │       ├── slop-whir v6.3.1 (*)
      │       └── sp1-hypercube v6.3.1 (*)
      ├── p3-field v0.4.3-succinct
      │   ├── p3-air v0.4.3-succinct
      │   │   ├── p3-uni-stark v0.4.3-succinct (*)
      │   │   └── slop-air v6.3.1
      │   │       ├── sp1-hypercube v6.3.1 (*)
      │   │       └── sp1-recursion-machine v6.3.1 (*)
      │   ├── p3-baby-bear v0.4.3-succinct
      │   │   └── slop-baby-bear v6.3.1
      │   │       ├── slop-basefold v6.3.1 (*)
      │   │       ├── slop-basefold-prover v6.3.1 (*)
      │   │       ├── slop-jagged v6.3.1 (*)
      │   │       ├── slop-merkle-tree v6.3.1 (*)
      │   │       ├── slop-sumcheck v6.3.1 (*)
      │   │       └── slop-whir v6.3.1 (*)
      │   ├── p3-bn254-fr v0.4.3-succinct
      │   │   └── slop-bn254 v6.3.1
      │   │       ├── slop-basefold v6.3.1 (*)
      │   │       ├── slop-basefold-prover v6.3.1 (*)
      │   │       ├── slop-jagged v6.3.1 (*)
      │   │       ├── slop-merkle-tree v6.3.1 (*)
      │   │       ├── sp1-hypercube v6.3.1 (*)
      │   │       └── sp1-primitives v6.3.1
      │   │           ├── sp1-hypercube v6.3.1 (*)
      │   │           ├── sp1-lib v6.3.1
      │   │           │   └── sp1-zkvm v6.3.1
      │   │           │       ├── fips204 v0.4.6
      │   │           │       │   └── postfiat-crypto-provider v0.1.0
      │   │           │       │       ├── postfiat-bench v0.1.0 (*)
      │   │           │       │       ├── postfiat-bridge v0.1.0
      │   │           │       │       │   ├── postfiat-bench v0.1.0 (*)
      │   │           │       │       │   ├── postfiat-execution v0.1.0 (*)
      │   │           │       │       │   ├── postfiat-fuzz v0.1.0 (*)
      │   │           │       │       │   └── postfiat-node v0.1.0 (*)
      │   │           │       │       ├── postfiat-cobalt-e2-harness v0.1.0 (*)
      │   │           │       │       ├── postfiat-cobalt-e3-harness v0.1.0 (*)
      │   │           │       │       ├── postfiat-consensus-cobalt v0.1.0
      │   │           │       │       │   ├── postfiat-cobalt-e1-harness v0.1.0
      │   │           │       │       │   ├── postfiat-cobalt-e2-harness v0.1.0 (*)
      │   │           │       │       │   ├── postfiat-cobalt-e3-harness v0.1.0 (*)
      │   │           │       │       │   ├── postfiat-fuzz v0.1.0 (*)
      │   │           │       │       │   ├── postfiat-node v0.1.0 (*)
      │   │           │       │       │   └── postfiat-pfusdc-proofs v0.1.0
      │   │           │       │       │       └── postfiat-pftl-uniswap-proofs v0.1.0
      │   │           │       │       │           └── postfiat-node v0.1.0 (*)
      │   │           │       │       ├── postfiat-execution v0.1.0 (*)
      │   │           │       │       ├── postfiat-fastpay-prototype v0.1.0 (*)
      │   │           │       │       ├── postfiat-fuzz v0.1.0 (*)
      │   │           │       │       ├── postfiat-mempool-dag v0.1.0
      │   │           │       │       │   ├── postfiat-bench v0.1.0 (*)
      │   │           │       │       │   ├── (dev) postfiat-consensus-cobalt v0.1.0 (*)
      │   │           │       │       │   ├── postfiat-fuzz v0.1.0 (*)
      │   │           │       │       │   ├── postfiat-node v0.1.0 (*)
      │   │           │       │       │   └── postfiat-ordering-fast v0.1.0
      │   │           │       │       │       ├── postfiat-bench v0.1.0 (*)
      │   │           │       │       │       ├── postfiat-fuzz v0.1.0 (*)
      │   │           │       │       │       ├── postfiat-node v0.1.0 (*)
      │   │           │       │       │       └── postfiat-pfusdc-proofs v0.1.0 (*)
      │   │           │       │       ├── postfiat-network v0.1.0
      │   │           │       │       │   ├── postfiat-fuzz v0.1.0 (*)
      │   │           │       │       │   └── postfiat-node v0.1.0 (*)
      │   │           │       │       ├── postfiat-node v0.1.0 (*)
      │   │           │       │       ├── postfiat-ordering-fast v0.1.0 (*)
      │   │           │       │       ├── postfiat-pftl-uniswap-proofs v0.1.0 (*)
      │   │           │       │       ├── postfiat-pfusdc-proofs v0.1.0 (*)
      │   │           │       │       ├── postfiat-privacy v0.1.0
      │   │           │       │       │   ├── postfiat-bench v0.1.0 (*)
      │   │           │       │       │   ├── postfiat-fuzz v0.1.0 (*)
      │   │           │       │       │   └── postfiat-node v0.1.0 (*)
      │   │           │       │       ├── postfiat-privacy-orchard v0.1.0
      │   │           │       │       │   ├── postfiat-fuzz v0.1.0 (*)
      │   │           │       │       │   └── postfiat-node v0.1.0 (*)
      │   │           │       │       ├── postfiat-proofs v0.1.0
      │   │           │       │       │   ├── postfiat-bench v0.1.0 (*)
      │   │           │       │       │   ├── postfiat-fuzz v0.1.0 (*)
      │   │           │       │       │   └── postfiat-privacy v0.1.0 (*)
      │   │           │       │       ├── postfiat-rpc-sdk v0.1.0 (*)
      │   │           │       │       └── postfiat-wallet-wasm v0.1.0 (*)
      │   │           │       └── postfiat-crypto-provider v0.1.0 (*)
      │   │           ├── (build) sp1-recursion-machine v6.3.1 (*)
      │   │           ├── sp1-verifier v6.3.1 (*)
      │   │           └── sp1-zkvm v6.3.1 (*)
      │   ├── p3-challenger v0.4.3-succinct
      │   │   ├── p3-commit v0.4.3-succinct (*)
      │   │   ├── p3-fri v0.4.3-succinct (*)
      │   │   ├── p3-uni-stark v0.4.3-succinct (*)
      │   │   └── slop-challenger v6.3.1
      │   │       ├── slop-baby-bear v6.3.1 (*)
      │   │       ├── slop-basefold v6.3.1 (*)
      │   │       ├── slop-basefold-prover v6.3.1 (*)
      │   │       ├── slop-bn254 v6.3.1 (*)
      │   │       ├── slop-jagged v6.3.1 (*)
      │   │       ├── slop-koala-bear v6.3.1
      │   │       │   ├── slop-basefold v6.3.1 (*)
      │   │       │   ├── slop-basefold-prover v6.3.1 (*)
      │   │       │   ├── slop-jagged v6.3.1 (*)
      │   │       │   ├── slop-merkle-tree v6.3.1 (*)
      │   │       │   ├── slop-whir v6.3.1 (*)
      │   │       │   ├── sp1-hypercube v6.3.1 (*)
      │   │       │   └── sp1-primitives v6.3.1 (*)
      │   │       ├── slop-merkle-tree v6.3.1 (*)
      │   │       ├── slop-multilinear v6.3.1 (*)
      │   │       ├── slop-stacked v6.3.1 (*)
      │   │       ├── slop-sumcheck v6.3.1 (*)
      │   │       ├── slop-whir v6.3.1 (*)
      │   │       ├── sp1-hypercube v6.3.1 (*)
      │   │       ├── sp1-primitives v6.3.1 (*)
      │   │       └── sp1-verifier v6.3.1 (*)
      │   ├── p3-commit v0.4.3-succinct (*)
      │   ├── p3-dft v0.4.3-succinct
      │   │   ├── p3-fri v0.4.3-succinct (*)
      │   │   ├── p3-mds v0.4.3-succinct
      │   │   │   ├── p3-baby-bear v0.4.3-succinct (*)
      │   │   │   ├── p3-koala-bear v0.4.3-succinct
      │   │   │   │   └── slop-koala-bear v6.3.1 (*)
      │   │   │   └── p3-poseidon2 v0.4.3-succinct
      │   │   │       ├── p3-baby-bear v0.4.3-succinct (*)
      │   │   │       ├── p3-bn254-fr v0.4.3-succinct (*)
      │   │   │       ├── p3-koala-bear v0.4.3-succinct (*)
      │   │   │       └── slop-poseidon2 v6.3.1
      │   │   │           ├── slop-baby-bear v6.3.1 (*)
      │   │   │           ├── slop-bn254 v6.3.1 (*)
      │   │   │           ├── slop-koala-bear v6.3.1 (*)
      │   │   │           ├── slop-merkle-tree v6.3.1 (*)
      │   │   │           ├── sp1-hypercube v6.3.1 (*)
      │   │   │           ├── sp1-primitives v6.3.1 (*)
      │   │   │           └── sp1-recursion-executor v6.3.1 (*)
      │   │   ├── p3-uni-stark v0.4.3-succinct (*)
      │   │   └── slop-dft v6.3.1
      │   │       ├── slop-basefold-prover v6.3.1 (*)
      │   │       └── slop-whir v6.3.1 (*)
      │   ├── p3-fri v0.4.3-succinct (*)
      │   ├── p3-interpolation v0.4.3-succinct
      │   │   └── p3-fri v0.4.3-succinct (*)
      │   ├── p3-koala-bear v0.4.3-succinct (*)
      │   ├── p3-matrix v0.4.3-succinct
      │   │   ├── p3-air v0.4.3-succinct (*)
      │   │   ├── p3-commit v0.4.3-succinct (*)
      │   │   ├── p3-dft v0.4.3-succinct (*)
      │   │   ├── p3-fri v0.4.3-succinct (*)
      │   │   ├── p3-interpolation v0.4.3-succinct (*)
      │   │   ├── p3-mds v0.4.3-succinct (*)
      │   │   ├── p3-merkle-tree v0.4.3-succinct (*)
      │   │   ├── p3-uni-stark v0.4.3-succinct (*)
      │   │   └── slop-matrix v6.3.1
      │   │       ├── slop-dft v6.3.1 (*)
      │   │       ├── slop-merkle-tree v6.3.1 (*)
      │   │       ├── slop-multilinear v6.3.1 (*)
      │   │       ├── slop-tensor v6.3.1
      │   │       │   ├── slop-basefold v6.3.1 (*)
      │   │       │   ├── slop-basefold-prover v6.3.1 (*)
      │   │       │   ├── slop-dft v6.3.1 (*)
      │   │       │   ├── slop-jagged v6.3.1 (*)
      │   │       │   ├── slop-merkle-tree v6.3.1 (*)
      │   │       │   ├── slop-multilinear v6.3.1 (*)
      │   │       │   ├── slop-stacked v6.3.1 (*)
      │   │       │   ├── slop-whir v6.3.1 (*)
      │   │       │   └── sp1-hypercube v6.3.1 (*)
      │   │       ├── slop-whir v6.3.1 (*)
      │   │       ├── sp1-hypercube v6.3.1 (*)
      │   │       └── sp1-recursion-machine v6.3.1 (*)
      │   ├── p3-mds v0.4.3-succinct (*)
      │   ├── p3-merkle-tree v0.4.3-succinct (*)
      │   ├── p3-poseidon2 v0.4.3-succinct (*)
      │   ├── p3-symmetric v0.4.3-succinct
      │   │   ├── p3-baby-bear v0.4.3-succinct (*)
      │   │   ├── p3-bn254-fr v0.4.3-succinct (*)
      │   │   ├── p3-challenger v0.4.3-succinct (*)
      │   │   ├── p3-koala-bear v0.4.3-succinct (*)
      │   │   ├── p3-mds v0.4.3-succinct (*)
      │   │   ├── p3-merkle-tree v0.4.3-succinct (*)
      │   │   ├── p3-poseidon2 v0.4.3-succinct (*)
      │   │   └── slop-symmetric v6.3.1
      │   │       ├── slop-baby-bear v6.3.1 (*)
      │   │       ├── slop-bn254 v6.3.1 (*)
      │   │       ├── slop-challenger v6.3.1 (*)
      │   │       ├── slop-jagged v6.3.1 (*)
      │   │       ├── slop-koala-bear v6.3.1 (*)
      │   │       ├── slop-merkle-tree v6.3.1 (*)
      │   │       ├── sp1-hypercube v6.3.1 (*)
      │   │       ├── sp1-primitives v6.3.1 (*)
      │   │       ├── sp1-recursion-executor v6.3.1 (*)
      │   │       ├── sp1-recursion-machine v6.3.1 (*)
      │   │       └── sp1-verifier v6.3.1 (*)
      │   ├── p3-uni-stark v0.4.3-succinct (*)
      │   └── slop-algebra v6.3.1
      │       ├── slop-alloc v6.3.1
      │       │   ├── slop-basefold v6.3.1 (*)
      │       │   ├── slop-basefold-prover v6.3.1 (*)
      │       │   ├── slop-commit v6.3.1 (*)
      │       │   ├── slop-dft v6.3.1 (*)
      │       │   ├── slop-jagged v6.3.1 (*)
      │       │   ├── slop-merkle-tree v6.3.1 (*)
      │       │   ├── slop-multilinear v6.3.1 (*)
      │       │   ├── slop-stacked v6.3.1 (*)
      │       │   ├── slop-sumcheck v6.3.1 (*)
      │       │   ├── slop-tensor v6.3.1 (*)
      │       │   ├── slop-whir v6.3.1 (*)
      │       │   └── sp1-hypercube v6.3.1 (*)
      │       ├── slop-baby-bear v6.3.1 (*)
      │       ├── slop-basefold v6.3.1 (*)
      │       ├── slop-basefold-prover v6.3.1 (*)
      │       ├── slop-bn254 v6.3.1 (*)
      │       ├── slop-challenger v6.3.1 (*)
      │       ├── slop-dft v6.3.1 (*)
      │       ├── slop-jagged v6.3.1 (*)
      │       ├── slop-koala-bear v6.3.1 (*)
      │       ├── slop-merkle-tree v6.3.1 (*)
      │       ├── slop-multilinear v6.3.1 (*)
      │       ├── slop-primitives v6.3.1
      │       │   ├── slop-basefold v6.3.1 (*)
      │       │   ├── sp1-primitives v6.3.1 (*)
      │       │   └── sp1-verifier v6.3.1 (*)
      │       ├── slop-stacked v6.3.1 (*)
      │       ├── slop-sumcheck v6.3.1 (*)
      │       ├── slop-tensor v6.3.1 (*)
      │       ├── slop-whir v6.3.1 (*)
      │       ├── sp1-hypercube v6.3.1 (*)
      │       ├── sp1-primitives v6.3.1 (*)
      │       ├── sp1-recursion-executor v6.3.1 (*)
      │       ├── sp1-recursion-machine v6.3.1 (*)
      │       └── sp1-verifier v6.3.1 (*)
      ├── p3-fri v0.4.3-succinct (*)
      ├── p3-matrix v0.4.3-succinct (*)
      ├── p3-mds v0.4.3-succinct (*)
      ├── p3-merkle-tree v0.4.3-succinct (*)
      ├── p3-symmetric v0.4.3-succinct (*)
      ├── p3-uni-stark v0.4.3-succinct (*)
      └── range-set-blaze v0.1.16
          └── sp1-recursion-executor v6.3.1 (*)
    ├ itertools v0.14.0
      ├── slop-algebra v6.3.1
      │   ├── slop-alloc v6.3.1
      │   │   ├── slop-basefold v6.3.1
      │   │   │   ├── slop-basefold-prover v6.3.1
      │   │   │   │   ├── slop-jagged v6.3.1
      │   │   │   │   │   ├── slop-whir v6.3.1
      │   │   │   │   │   │   └── sp1-hypercube v6.3.1
      │   │   │   │   │   │       ├── (build) sp1-recursion-executor v6.3.1
      │   │   │   │   │   │       │   ├── (build) sp1-recursion-machine v6.3.1
      │   │   │   │   │   │       │   │   └── sp1-verifier v6.3.1
      │   │   │   │   │   │       │   │       └── postfiat-execution v0.1.0
      │   │   │   │   │   │       │   │           ├── postfiat-bench v0.1.0
      │   │   │   │   │   │       │   │           ├── postfiat-fastpay-prototype v0.1.0
      │   │   │   │   │   │       │   │           ├── postfiat-fuzz v0.1.0
      │   │   │   │   │   │       │   │           ├── postfiat-node v0.1.0
      │   │   │   │   │   │       │   │           │   ├── postfiat-cobalt-e2-harness v0.1.0
      │   │   │   │   │   │       │   │           │   ├── postfiat-cobalt-e3-harness v0.1.0
      │   │   │   │   │   │       │   │           │   └── postfiat-fuzz v0.1.0 (*)
      │   │   │   │   │   │       │   │           └── postfiat-rpc-sdk v0.1.0
      │   │   │   │   │   │       │   │               ├── postfiat-node v0.1.0 (*)
      │   │   │   │   │   │       │   │               └── postfiat-wallet-wasm v0.1.0
      │   │   │   │   │   │       │   └── sp1-verifier v6.3.1 (*)
      │   │   │   │   │   │       ├── (build) sp1-recursion-machine v6.3.1 (*)
      │   │   │   │   │   │       └── sp1-verifier v6.3.1 (*)
      │   │   │   │   │   └── sp1-hypercube v6.3.1 (*)
      │   │   │   │   ├── slop-stacked v6.3.1
      │   │   │   │   │   ├── slop-jagged v6.3.1 (*)
      │   │   │   │   │   ├── slop-whir v6.3.1 (*)
      │   │   │   │   │   └── sp1-hypercube v6.3.1 (*)
      │   │   │   │   └── sp1-hypercube v6.3.1 (*)
      │   │   │   ├── slop-jagged v6.3.1 (*)
      │   │   │   ├── slop-stacked v6.3.1 (*)
      │   │   │   ├── slop-whir v6.3.1 (*)
      │   │   │   ├── sp1-hypercube v6.3.1 (*)
      │   │   │   └── sp1-recursion-machine v6.3.1 (*)
      │   │   ├── slop-basefold-prover v6.3.1 (*)
      │   │   ├── slop-commit v6.3.1
      │   │   │   ├── slop-basefold-prover v6.3.1 (*)
      │   │   │   ├── slop-jagged v6.3.1 (*)
      │   │   │   ├── slop-merkle-tree v6.3.1
      │   │   │   │   ├── slop-basefold v6.3.1 (*)
      │   │   │   │   ├── slop-basefold-prover v6.3.1 (*)
      │   │   │   │   ├── slop-jagged v6.3.1 (*)
      │   │   │   │   ├── slop-stacked v6.3.1 (*)
      │   │   │   │   ├── slop-whir v6.3.1 (*)
      │   │   │   │   └── sp1-hypercube v6.3.1 (*)
      │   │   │   ├── slop-multilinear v6.3.1
      │   │   │   │   ├── slop-basefold v6.3.1 (*)
      │   │   │   │   ├── slop-basefold-prover v6.3.1 (*)
      │   │   │   │   ├── slop-jagged v6.3.1 (*)
      │   │   │   │   ├── slop-stacked v6.3.1 (*)
      │   │   │   │   ├── slop-sumcheck v6.3.1
      │   │   │   │   │   ├── slop-jagged v6.3.1 (*)
      │   │   │   │   │   └── sp1-hypercube v6.3.1 (*)
      │   │   │   │   ├── slop-whir v6.3.1 (*)
      │   │   │   │   └── sp1-hypercube v6.3.1 (*)
      │   │   │   ├── slop-stacked v6.3.1 (*)
      │   │   │   ├── slop-whir v6.3.1 (*)
      │   │   │   └── sp1-hypercube v6.3.1 (*)
      │   │   ├── slop-dft v6.3.1
      │   │   │   ├── slop-basefold-prover v6.3.1 (*)
      │   │   │   └── slop-whir v6.3.1 (*)
      │   │   ├── slop-jagged v6.3.1 (*)
      │   │   ├── slop-merkle-tree v6.3.1 (*)
      │   │   ├── slop-multilinear v6.3.1 (*)
      │   │   ├── slop-stacked v6.3.1 (*)
      │   │   ├── slop-sumcheck v6.3.1 (*)
      │   │   ├── slop-tensor v6.3.1
      │   │   │   ├── slop-basefold v6.3.1 (*)
      │   │   │   ├── slop-basefold-prover v6.3.1 (*)
      │   │   │   ├── slop-dft v6.3.1 (*)
      │   │   │   ├── slop-jagged v6.3.1 (*)
      │   │   │   ├── slop-merkle-tree v6.3.1 (*)
      │   │   │   ├── slop-multilinear v6.3.1 (*)
      │   │   │   ├── slop-stacked v6.3.1 (*)
      │   │   │   ├── slop-whir v6.3.1 (*)
      │   │   │   └── sp1-hypercube v6.3.1 (*)
      │   │   ├── slop-whir v6.3.1 (*)
      │   │   └── sp1-hypercube v6.3.1 (*)
      │   ├── slop-baby-bear v6.3.1
      │   │   ├── slop-basefold v6.3.1 (*)
      │   │   ├── slop-basefold-prover v6.3.1 (*)
      │   │   ├── slop-jagged v6.3.1 (*)
      │   │   ├── slop-merkle-tree v6.3.1 (*)
      │   │   ├── slop-sumcheck v6.3.1 (*)
      │   │   └── slop-whir v6.3.1 (*)
      │   ├── slop-basefold v6.3.1 (*)
      │   ├── slop-basefold-prover v6.3.1 (*)
      │   ├── slop-bn254 v6.3.1
      │   │   ├── slop-basefold v6.3.1 (*)
      │   │   ├── slop-basefold-prover v6.3.1 (*)
      │   │   ├── slop-jagged v6.3.1 (*)
      │   │   ├── slop-merkle-tree v6.3.1 (*)
      │   │   ├── sp1-hypercube v6.3.1 (*)
      │   │   └── sp1-primitives v6.3.1
      │   │       ├── sp1-hypercube v6.3.1 (*)
      │   │       ├── sp1-lib v6.3.1
      │   │       │   └── sp1-zkvm v6.3.1
      │   │       │       ├── fips204 v0.4.6
      │   │       │       │   └── postfiat-crypto-provider v0.1.0
      │   │       │       │       ├── postfiat-bench v0.1.0 (*)
      │   │       │       │       ├── postfiat-bridge v0.1.0
      │   │       │       │       │   ├── postfiat-bench v0.1.0 (*)
      │   │       │       │       │   ├── postfiat-execution v0.1.0 (*)
      │   │       │       │       │   ├── postfiat-fuzz v0.1.0 (*)
      │   │       │       │       │   └── postfiat-node v0.1.0 (*)
      │   │       │       │       ├── postfiat-cobalt-e2-harness v0.1.0 (*)
      │   │       │       │       ├── postfiat-cobalt-e3-harness v0.1.0 (*)
      │   │       │       │       ├── postfiat-consensus-cobalt v0.1.0
      │   │       │       │       │   ├── postfiat-cobalt-e1-harness v0.1.0
      │   │       │       │       │   ├── postfiat-cobalt-e2-harness v0.1.0 (*)
      │   │       │       │       │   ├── postfiat-cobalt-e3-harness v0.1.0 (*)
      │   │       │       │       │   ├── postfiat-fuzz v0.1.0 (*)
      │   │       │       │       │   ├── postfiat-node v0.1.0 (*)
      │   │       │       │       │   └── postfiat-pfusdc-proofs v0.1.0
      │   │       │       │       │       └── postfiat-pftl-uniswap-proofs v0.1.0
      │   │       │       │       │           └── postfiat-node v0.1.0 (*)
      │   │       │       │       ├── postfiat-execution v0.1.0 (*)
      │   │       │       │       ├── postfiat-fastpay-prototype v0.1.0 (*)
      │   │       │       │       ├── postfiat-fuzz v0.1.0 (*)
      │   │       │       │       ├── postfiat-mempool-dag v0.1.0
      │   │       │       │       │   ├── postfiat-bench v0.1.0 (*)
      │   │       │       │       │   ├── (dev) postfiat-consensus-cobalt v0.1.0 (*)
      │   │       │       │       │   ├── postfiat-fuzz v0.1.0 (*)
      │   │       │       │       │   ├── postfiat-node v0.1.0 (*)
      │   │       │       │       │   └── postfiat-ordering-fast v0.1.0
      │   │       │       │       │       ├── postfiat-bench v0.1.0 (*)
      │   │       │       │       │       ├── postfiat-fuzz v0.1.0 (*)
      │   │       │       │       │       ├── postfiat-node v0.1.0 (*)
      │   │       │       │       │       └── postfiat-pfusdc-proofs v0.1.0 (*)
      │   │       │       │       ├── postfiat-network v0.1.0
      │   │       │       │       │   ├── postfiat-fuzz v0.1.0 (*)
      │   │       │       │       │   └── postfiat-node v0.1.0 (*)
      │   │       │       │       ├── postfiat-node v0.1.0 (*)
      │   │       │       │       ├── postfiat-ordering-fast v0.1.0 (*)
      │   │       │       │       ├── postfiat-pftl-uniswap-proofs v0.1.0 (*)
      │   │       │       │       ├── postfiat-pfusdc-proofs v0.1.0 (*)
      │   │       │       │       ├── postfiat-privacy v0.1.0
      │   │       │       │       │   ├── postfiat-bench v0.1.0 (*)
      │   │       │       │       │   ├── postfiat-fuzz v0.1.0 (*)
      │   │       │       │       │   └── postfiat-node v0.1.0 (*)
      │   │       │       │       ├── postfiat-privacy-orchard v0.1.0
      │   │       │       │       │   ├── postfiat-fuzz v0.1.0 (*)
      │   │       │       │       │   └── postfiat-node v0.1.0 (*)
      │   │       │       │       ├── postfiat-proofs v0.1.0
      │   │       │       │       │   ├── postfiat-bench v0.1.0 (*)
      │   │       │       │       │   ├── postfiat-fuzz v0.1.0 (*)
      │   │       │       │       │   └── postfiat-privacy v0.1.0 (*)
      │   │       │       │       ├── postfiat-rpc-sdk v0.1.0 (*)
      │   │       │       │       └── postfiat-wallet-wasm v0.1.0 (*)
      │   │       │       └── postfiat-crypto-provider v0.1.0 (*)
      │   │       ├── (build) sp1-recursion-machine v6.3.1 (*)
      │   │       ├── sp1-verifier v6.3.1 (*)
      │   │       └── sp1-zkvm v6.3.1 (*)
      │   ├── slop-challenger v6.3.1
      │   │   ├── slop-baby-bear v6.3.1 (*)
      │   │   ├── slop-basefold v6.3.1 (*)
      │   │   ├── slop-basefold-prover v6.3.1 (*)
      │   │   ├── slop-bn254 v6.3.1 (*)
      │   │   ├── slop-jagged v6.3.1 (*)
      │   │   ├── slop-koala-bear v6.3.1
      │   │   │   ├── slop-basefold v6.3.1 (*)
      │   │   │   ├── slop-basefold-prover v6.3.1 (*)
      │   │   │   ├── slop-jagged v6.3.1 (*)
      │   │   │   ├── slop-merkle-tree v6.3.1 (*)
      │   │   │   ├── slop-whir v6.3.1 (*)
      │   │   │   ├── sp1-hypercube v6.3.1 (*)
      │   │   │   └── sp1-primitives v6.3.1 (*)
      │   │   ├── slop-merkle-tree v6.3.1 (*)
      │   │   ├── slop-multilinear v6.3.1 (*)
      │   │   ├── slop-stacked v6.3.1 (*)
      │   │   ├── slop-sumcheck v6.3.1 (*)
      │   │   ├── slop-whir v6.3.1 (*)
      │   │   ├── sp1-hypercube v6.3.1 (*)
      │   │   ├── sp1-primitives v6.3.1 (*)
      │   │   └── sp1-verifier v6.3.1 (*)
      │   ├── slop-dft v6.3.1 (*)
      │   ├── slop-jagged v6.3.1 (*)
      │   ├── slop-koala-bear v6.3.1 (*)
      │   ├── slop-merkle-tree v6.3.1 (*)
      │   ├── slop-multilinear v6.3.1 (*)
      │   ├── slop-primitives v6.3.1
      │   │   ├── slop-basefold v6.3.1 (*)
      │   │   ├── sp1-primitives v6.3.1 (*)
      │   │   └── sp1-verifier v6.3.1 (*)
      │   ├── slop-stacked v6.3.1 (*)
      │   ├── slop-sumcheck v6.3.1 (*)
      │   ├── slop-tensor v6.3.1 (*)
      │   ├── slop-whir v6.3.1 (*)
      │   ├── sp1-hypercube v6.3.1 (*)
      │   ├── sp1-primitives v6.3.1 (*)
      │   ├── sp1-recursion-executor v6.3.1 (*)
      │   ├── sp1-recursion-machine v6.3.1 (*)
      │   └── sp1-verifier v6.3.1 (*)
      ├── slop-basefold v6.3.1 (*)
      ├── slop-basefold-prover v6.3.1 (*)
      ├── slop-jagged v6.3.1 (*)
      ├── slop-merkle-tree v6.3.1 (*)
      ├── slop-stacked v6.3.1 (*)
      ├── slop-sumcheck v6.3.1 (*)
      ├── slop-tensor v6.3.1 (*)
      ├── slop-whir v6.3.1 (*)
      ├── sp1-hypercube v6.3.1 (*)
      ├── sp1-primitives v6.3.1 (*)
      ├── sp1-recursion-executor v6.3.1 (*)
      └── sp1-recursion-machine v6.3.1 (*)

warning[duplicate]: found 2 duplicate entries for crate 'keccak'
    ┌─ /home/postfiatchad/repos/postfiatl1v2-release-20260915/Cargo.lock:157:1
    │  
157 │ ╭ keccak 0.1.6 registry+https://github.com/rust-lang/crates.io-index
158 │ │ keccak 0.2.0 registry+https://github.com/rust-lang/crates.io-index
    │ ╰──────────────────────────────────────────────────────────────────┘ lock entries
    │  
    ├ keccak v0.1.6
      └── sha3 v0.10.9
          ├── alloy-primitives v1.5.7
          │   ├── alloy-sol-types v1.5.7
          │   │   └── arc-conformance v0.1.0
          │   ├── alloy-trie v0.9.5
          │   │   └── arc-conformance v0.1.0 (*)
          │   └── arc-conformance v0.1.0 (*)
          ├── alloy-sol-macro-expander v1.5.7
          │   └── alloy-sol-macro v1.5.7
          │       ├── alloy-sol-types v1.5.7 (*)
          │       └── arc-conformance v0.1.0 (*)
          ├── fips204 v0.4.6
          │   └── postfiat-crypto-provider v0.1.0
          │       ├── postfiat-bench v0.1.0
          │       ├── postfiat-bridge v0.1.0
          │       │   ├── postfiat-bench v0.1.0 (*)
          │       │   ├── postfiat-execution v0.1.0
          │       │   │   ├── postfiat-bench v0.1.0 (*)
          │       │   │   ├── postfiat-fastpay-prototype v0.1.0
          │       │   │   ├── postfiat-fuzz v0.1.0
          │       │   │   ├── postfiat-node v0.1.0
          │       │   │   │   ├── postfiat-cobalt-e2-harness v0.1.0
          │       │   │   │   ├── postfiat-cobalt-e3-harness v0.1.0
          │       │   │   │   └── postfiat-fuzz v0.1.0 (*)
          │       │   │   └── postfiat-rpc-sdk v0.1.0
          │       │   │       ├── postfiat-node v0.1.0 (*)
          │       │   │       └── postfiat-wallet-wasm v0.1.0
          │       │   ├── postfiat-fuzz v0.1.0 (*)
          │       │   └── postfiat-node v0.1.0 (*)
          │       ├── postfiat-cobalt-e2-harness v0.1.0 (*)
          │       ├── postfiat-cobalt-e3-harness v0.1.0 (*)
          │       ├── postfiat-consensus-cobalt v0.1.0
          │       │   ├── postfiat-cobalt-e1-harness v0.1.0
          │       │   ├── postfiat-cobalt-e2-harness v0.1.0 (*)
          │       │   ├── postfiat-cobalt-e3-harness v0.1.0 (*)
          │       │   ├── postfiat-fuzz v0.1.0 (*)
          │       │   ├── postfiat-node v0.1.0 (*)
          │       │   └── postfiat-pfusdc-proofs v0.1.0
          │       │       └── postfiat-pftl-uniswap-proofs v0.1.0
          │       │           └── postfiat-node v0.1.0 (*)
          │       ├── postfiat-execution v0.1.0 (*)
          │       ├── postfiat-fastpay-prototype v0.1.0 (*)
          │       ├── postfiat-fuzz v0.1.0 (*)
          │       ├── postfiat-mempool-dag v0.1.0
          │       │   ├── postfiat-bench v0.1.0 (*)
          │       │   ├── (dev) postfiat-consensus-cobalt v0.1.0 (*)
          │       │   ├── postfiat-fuzz v0.1.0 (*)
          │       │   ├── postfiat-node v0.1.0 (*)
          │       │   └── postfiat-ordering-fast v0.1.0
          │       │       ├── postfiat-bench v0.1.0 (*)
          │       │       ├── postfiat-fuzz v0.1.0 (*)
          │       │       ├── postfiat-node v0.1.0 (*)
          │       │       └── postfiat-pfusdc-proofs v0.1.0 (*)
          │       ├── postfiat-network v0.1.0
          │       │   ├── postfiat-fuzz v0.1.0 (*)
          │       │   └── postfiat-node v0.1.0 (*)
          │       ├── postfiat-node v0.1.0 (*)
          │       ├── postfiat-ordering-fast v0.1.0 (*)
          │       ├── postfiat-pftl-uniswap-proofs v0.1.0 (*)
          │       ├── postfiat-pfusdc-proofs v0.1.0 (*)
          │       ├── postfiat-privacy v0.1.0
          │       │   ├── postfiat-bench v0.1.0 (*)
          │       │   ├── postfiat-fuzz v0.1.0 (*)
          │       │   └── postfiat-node v0.1.0 (*)
          │       ├── postfiat-privacy-orchard v0.1.0
          │       │   ├── postfiat-fuzz v0.1.0 (*)
          │       │   └── postfiat-node v0.1.0 (*)
          │       ├── postfiat-proofs v0.1.0
          │       │   ├── postfiat-bench v0.1.0 (*)
          │       │   ├── postfiat-fuzz v0.1.0 (*)
          │       │   └── postfiat-privacy v0.1.0 (*)
          │       ├── postfiat-rpc-sdk v0.1.0 (*)
          │       └── postfiat-wallet-wasm v0.1.0 (*)
          └── fips204 v0.4.6
              └── (dev) postfiat-crypto-provider v0.1.0 (*)
    ├ keccak v0.2.0
      └── sha3 v0.11.0
          ├── arc-conformance v0.1.0
          ├── postfiat-bridge v0.1.0
          │   ├── postfiat-bench v0.1.0
          │   ├── postfiat-execution v0.1.0
          │   │   ├── postfiat-bench v0.1.0 (*)
          │   │   ├── postfiat-fastpay-prototype v0.1.0
          │   │   ├── postfiat-fuzz v0.1.0
          │   │   ├── postfiat-node v0.1.0
          │   │   │   ├── postfiat-cobalt-e2-harness v0.1.0
          │   │   │   ├── postfiat-cobalt-e3-harness v0.1.0
          │   │   │   └── postfiat-fuzz v0.1.0 (*)
          │   │   └── postfiat-rpc-sdk v0.1.0
          │   │       ├── postfiat-node v0.1.0 (*)
          │   │       └── postfiat-wallet-wasm v0.1.0
          │   ├── postfiat-fuzz v0.1.0 (*)
          │   └── postfiat-node v0.1.0 (*)
          ├── postfiat-crypto-provider v0.1.0
          │   ├── postfiat-bench v0.1.0 (*)
          │   ├── postfiat-bridge v0.1.0 (*)
          │   ├── postfiat-cobalt-e2-harness v0.1.0 (*)
          │   ├── postfiat-cobalt-e3-harness v0.1.0 (*)
          │   ├── postfiat-consensus-cobalt v0.1.0
          │   │   ├── postfiat-cobalt-e1-harness v0.1.0
          │   │   ├── postfiat-cobalt-e2-harness v0.1.0 (*)
          │   │   ├── postfiat-cobalt-e3-harness v0.1.0 (*)
          │   │   ├── postfiat-fuzz v0.1.0 (*)
          │   │   ├── postfiat-node v0.1.0 (*)
          │   │   └── postfiat-pfusdc-proofs v0.1.0
          │   │       └── postfiat-pftl-uniswap-proofs v0.1.0
          │   │           └── postfiat-node v0.1.0 (*)
          │   ├── postfiat-execution v0.1.0 (*)
          │   ├── postfiat-fastpay-prototype v0.1.0 (*)
          │   ├── postfiat-fuzz v0.1.0 (*)
          │   ├── postfiat-mempool-dag v0.1.0
          │   │   ├── postfiat-bench v0.1.0 (*)
          │   │   ├── (dev) postfiat-consensus-cobalt v0.1.0 (*)
          │   │   ├── postfiat-fuzz v0.1.0 (*)
          │   │   ├── postfiat-node v0.1.0 (*)
          │   │   └── postfiat-ordering-fast v0.1.0
          │   │       ├── postfiat-bench v0.1.0 (*)
          │   │       ├── postfiat-fuzz v0.1.0 (*)
          │   │       ├── postfiat-node v0.1.0 (*)
          │   │       └── postfiat-pfusdc-proofs v0.1.0 (*)
          │   ├── postfiat-network v0.1.0
          │   │   ├── postfiat-fuzz v0.1.0 (*)
          │   │   └── postfiat-node v0.1.0 (*)
          │   ├── postfiat-node v0.1.0 (*)
          │   ├── postfiat-ordering-fast v0.1.0 (*)
          │   ├── postfiat-pftl-uniswap-proofs v0.1.0 (*)
          │   ├── postfiat-pfusdc-proofs v0.1.0 (*)
          │   ├── postfiat-privacy v0.1.0
          │   │   ├── postfiat-bench v0.1.0 (*)
          │   │   ├── postfiat-fuzz v0.1.0 (*)
          │   │   └── postfiat-node v0.1.0 (*)
          │   ├── postfiat-privacy-orchard v0.1.0
          │   │   ├── postfiat-fuzz v0.1.0 (*)
          │   │   └── postfiat-node v0.1.0 (*)
          │   ├── postfiat-proofs v0.1.0
          │   │   ├── postfiat-bench v0.1.0 (*)
          │   │   ├── postfiat-fuzz v0.1.0 (*)
          │   │   └── postfiat-privacy v0.1.0 (*)
          │   ├── postfiat-rpc-sdk v0.1.0 (*)
          │   └── postfiat-wallet-wasm v0.1.0 (*)
          ├── postfiat-fuzz v0.1.0 (*)
          ├── postfiat-nav-reserve-protocol v0.1.0
          │   └── postfiat-execution v0.1.0 (*)
          ├── postfiat-node v0.1.0 (*)
          ├── postfiat-pftl-uniswap-proofs v0.1.0 (*)
          ├── postfiat-privacy-orchard v0.1.0 (*)
          ├── postfiat-rpc-sdk v0.1.0 (*)
          ├── postfiat-storage v0.1.0
          │   ├── postfiat-bench v0.1.0 (*)
          │   └── postfiat-node v0.1.0 (*)
          └── postfiat-types v0.1.0
              ├── postfiat-bench v0.1.0 (*)
              ├── postfiat-bridge v0.1.0 (*)
              ├── postfiat-consensus-cobalt v0.1.0 (*)
              ├── postfiat-execution v0.1.0 (*)
              ├── postfiat-fastpay-prototype v0.1.0 (*)
              ├── postfiat-fuzz v0.1.0 (*)
              ├── postfiat-mempool-dag v0.1.0 (*)
              ├── postfiat-nav-reserve-protocol v0.1.0 (*)
              ├── postfiat-node v0.1.0 (*)
              ├── postfiat-ordering-fast v0.1.0 (*)
              ├── postfiat-pftl-uniswap-proofs v0.1.0 (*)
              ├── postfiat-pfusdc-proofs v0.1.0 (*)
              ├── postfiat-privacy v0.1.0 (*)
              ├── postfiat-rpc-sdk v0.1.0 (*)
              ├── postfiat-storage v0.1.0 (*)
              └── postfiat-wallet-wasm v0.1.0 (*)

warning[duplicate]: found 2 duplicate entries for crate 'num-bigint'
    ┌─ /home/postfiatchad/repos/postfiatl1v2-release-20260915/Cargo.lock:174:1
    │  
174 │ ╭ num-bigint 0.3.3 registry+https://github.com/rust-lang/crates.io-index
175 │ │ num-bigint 0.4.6 registry+https://github.com/rust-lang/crates.io-index
    │ ╰──────────────────────────────────────────────────────────────────────┘ lock entries
    │  
    ├ num-bigint v0.3.3
      ├── addchain v0.2.1
      │   └── ff_derive v0.13.1
      │       └── ff v0.13.1
      │           ├── bls12_381 v0.8.0
      │           │   └── jubjub v0.10.0
      │           │       └── reddsa v0.5.1
      │           │           └── orchard v0.14.0
      │           │               ├── postfiat-fuzz v0.1.0
      │           │               ├── (dev) postfiat-node v0.1.0
      │           │               │   ├── postfiat-cobalt-e2-harness v0.1.0
      │           │               │   ├── postfiat-cobalt-e3-harness v0.1.0
      │           │               │   └── postfiat-fuzz v0.1.0 (*)
      │           │               └── postfiat-privacy-orchard v0.1.0
      │           │                   ├── postfiat-fuzz v0.1.0 (*)
      │           │                   └── postfiat-node v0.1.0 (*)
      │           ├── elliptic-curve v0.13.8
      │           │   ├── ecdsa v0.16.9
      │           │   │   └── k256 v0.13.4
      │           │   │       └── postfiat-node v0.1.0 (*)
      │           │   └── k256 v0.13.4 (*)
      │           ├── group v0.13.0
      │           │   ├── elliptic-curve v0.13.8 (*)
      │           │   ├── halo2_gadgets v0.5.0
      │           │   │   ├── orchard v0.14.0 (*)
      │           │   │   └── postfiat-privacy-orchard v0.1.0 (*)
      │           │   ├── halo2_poseidon v0.1.0
      │           │   │   ├── halo2_gadgets v0.5.0 (*)
      │           │   │   ├── orchard v0.14.0 (*)
      │           │   │   └── postfiat-privacy-orchard v0.1.0 (*)
      │           │   ├── halo2_proofs v0.3.2
      │           │   │   ├── halo2_gadgets v0.5.0 (*)
      │           │   │   ├── orchard v0.14.0 (*)
      │           │   │   └── postfiat-privacy-orchard v0.1.0 (*)
      │           │   ├── jubjub v0.10.0 (*)
      │           │   ├── orchard v0.14.0 (*)
      │           │   ├── pasta_curves v0.5.1
      │           │   │   ├── halo2_gadgets v0.5.0 (*)
      │           │   │   ├── halo2_poseidon v0.1.0 (*)
      │           │   │   ├── halo2_proofs v0.3.2 (*)
      │           │   │   ├── orchard v0.14.0 (*)
      │           │   │   ├── postfiat-privacy-orchard v0.1.0 (*)
      │           │   │   ├── reddsa v0.5.1 (*)
      │           │   │   └── sinsemilla v0.1.0
      │           │   │       ├── halo2_gadgets v0.5.0 (*)
      │           │   │       ├── orchard v0.14.0 (*)
      │           │   │       └── postfiat-privacy-orchard v0.1.0 (*)
      │           │   ├── postfiat-privacy-orchard v0.1.0 (*)
      │           │   ├── reddsa v0.5.1 (*)
      │           │   └── sinsemilla v0.1.0 (*)
      │           ├── halo2_gadgets v0.5.0 (*)
      │           ├── halo2_poseidon v0.1.0 (*)
      │           ├── halo2_proofs v0.3.2 (*)
      │           ├── jubjub v0.10.0 (*)
      │           ├── orchard v0.14.0 (*)
      │           ├── p3-bn254-fr v0.4.3-succinct
      │           │   └── slop-bn254 v6.3.1
      │           │       ├── slop-basefold v6.3.1
      │           │       │   ├── slop-basefold-prover v6.3.1
      │           │       │   │   ├── slop-jagged v6.3.1
      │           │       │   │   │   ├── slop-whir v6.3.1
      │           │       │   │   │   │   └── sp1-hypercube v6.3.1
      │           │       │   │   │   │       ├── (build) sp1-recursion-executor v6.3.1
      │           │       │   │   │   │       │   ├── (build) sp1-recursion-machine v6.3.1
      │           │       │   │   │   │       │   │   └── sp1-verifier v6.3.1
      │           │       │   │   │   │       │   │       └── postfiat-execution v0.1.0
      │           │       │   │   │   │       │   │           ├── postfiat-bench v0.1.0
      │           │       │   │   │   │       │   │           ├── postfiat-fastpay-prototype v0.1.0
      │           │       │   │   │   │       │   │           ├── postfiat-fuzz v0.1.0 (*)
      │           │       │   │   │   │       │   │           ├── postfiat-node v0.1.0 (*)
      │           │       │   │   │   │       │   │           └── postfiat-rpc-sdk v0.1.0
      │           │       │   │   │   │       │   │               ├── postfiat-node v0.1.0 (*)
      │           │       │   │   │   │       │   │               └── postfiat-wallet-wasm v0.1.0
      │           │       │   │   │   │       │   └── sp1-verifier v6.3.1 (*)
      │           │       │   │   │   │       ├── (build) sp1-recursion-machine v6.3.1 (*)
      │           │       │   │   │   │       └── sp1-verifier v6.3.1 (*)
      │           │       │   │   │   └── sp1-hypercube v6.3.1 (*)
      │           │       │   │   ├── slop-stacked v6.3.1
      │           │       │   │   │   ├── slop-jagged v6.3.1 (*)
      │           │       │   │   │   ├── slop-whir v6.3.1 (*)
      │           │       │   │   │   └── sp1-hypercube v6.3.1 (*)
      │           │       │   │   └── sp1-hypercube v6.3.1 (*)
      │           │       │   ├── slop-jagged v6.3.1 (*)
      │           │       │   ├── slop-stacked v6.3.1 (*)
      │           │       │   ├── slop-whir v6.3.1 (*)
      │           │       │   ├── sp1-hypercube v6.3.1 (*)
      │           │       │   └── sp1-recursion-machine v6.3.1 (*)
      │           │       ├── slop-basefold-prover v6.3.1 (*)
      │           │       ├── slop-jagged v6.3.1 (*)
      │           │       ├── slop-merkle-tree v6.3.1
      │           │       │   ├── slop-basefold v6.3.1 (*)
      │           │       │   ├── slop-basefold-prover v6.3.1 (*)
      │           │       │   ├── slop-jagged v6.3.1 (*)
      │           │       │   ├── slop-stacked v6.3.1 (*)
      │           │       │   ├── slop-whir v6.3.1 (*)
      │           │       │   └── sp1-hypercube v6.3.1 (*)
      │           │       ├── sp1-hypercube v6.3.1 (*)
      │           │       └── sp1-primitives v6.3.1
      │           │           ├── sp1-hypercube v6.3.1 (*)
      │           │           ├── sp1-lib v6.3.1
      │           │           │   └── sp1-zkvm v6.3.1
      │           │           │       ├── fips204 v0.4.6
      │           │           │       │   └── postfiat-crypto-provider v0.1.0
      │           │           │       │       ├── postfiat-bench v0.1.0 (*)
      │           │           │       │       ├── postfiat-bridge v0.1.0
      │           │           │       │       │   ├── postfiat-bench v0.1.0 (*)
      │           │           │       │       │   ├── postfiat-execution v0.1.0 (*)
      │           │           │       │       │   ├── postfiat-fuzz v0.1.0 (*)
      │           │           │       │       │   └── postfiat-node v0.1.0 (*)
      │           │           │       │       ├── postfiat-cobalt-e2-harness v0.1.0 (*)
      │           │           │       │       ├── postfiat-cobalt-e3-harness v0.1.0 (*)
      │           │           │       │       ├── postfiat-consensus-cobalt v0.1.0
      │           │           │       │       │   ├── postfiat-cobalt-e1-harness v0.1.0
      │           │           │       │       │   ├── postfiat-cobalt-e2-harness v0.1.0 (*)
      │           │           │       │       │   ├── postfiat-cobalt-e3-harness v0.1.0 (*)
      │           │           │       │       │   ├── postfiat-fuzz v0.1.0 (*)
      │           │           │       │       │   ├── postfiat-node v0.1.0 (*)
      │           │           │       │       │   └── postfiat-pfusdc-proofs v0.1.0
      │           │           │       │       │       └── postfiat-pftl-uniswap-proofs v0.1.0
      │           │           │       │       │           └── postfiat-node v0.1.0 (*)
      │           │           │       │       ├── postfiat-execution v0.1.0 (*)
      │           │           │       │       ├── postfiat-fastpay-prototype v0.1.0 (*)
      │           │           │       │       ├── postfiat-fuzz v0.1.0 (*)
      │           │           │       │       ├── postfiat-mempool-dag v0.1.0
      │           │           │       │       │   ├── postfiat-bench v0.1.0 (*)
      │           │           │       │       │   ├── (dev) postfiat-consensus-cobalt v0.1.0 (*)
      │           │           │       │       │   ├── postfiat-fuzz v0.1.0 (*)
      │           │           │       │       │   ├── postfiat-node v0.1.0 (*)
      │           │           │       │       │   └── postfiat-ordering-fast v0.1.0
      │           │           │       │       │       ├── postfiat-bench v0.1.0 (*)
      │           │           │       │       │       ├── postfiat-fuzz v0.1.0 (*)
      │           │           │       │       │       ├── postfiat-node v0.1.0 (*)
      │           │           │       │       │       └── postfiat-pfusdc-proofs v0.1.0 (*)
      │           │           │       │       ├── postfiat-network v0.1.0
      │           │           │       │       │   ├── postfiat-fuzz v0.1.0 (*)
      │           │           │       │       │   └── postfiat-node v0.1.0 (*)
      │           │           │       │       ├── postfiat-node v0.1.0 (*)
      │           │           │       │       ├── postfiat-ordering-fast v0.1.0 (*)
      │           │           │       │       ├── postfiat-pftl-uniswap-proofs v0.1.0 (*)
      │           │           │       │       ├── postfiat-pfusdc-proofs v0.1.0 (*)
      │           │           │       │       ├── postfiat-privacy v0.1.0
      │           │           │       │       │   ├── postfiat-bench v0.1.0 (*)
      │           │           │       │       │   ├── postfiat-fuzz v0.1.0 (*)
      │           │           │       │       │   └── postfiat-node v0.1.0 (*)
      │           │           │       │       ├── postfiat-privacy-orchard v0.1.0 (*)
      │           │           │       │       ├── postfiat-proofs v0.1.0
      │           │           │       │       │   ├── postfiat-bench v0.1.0 (*)
      │           │           │       │       │   ├── postfiat-fuzz v0.1.0 (*)
      │           │           │       │       │   └── postfiat-privacy v0.1.0 (*)
      │           │           │       │       ├── postfiat-rpc-sdk v0.1.0 (*)
      │           │           │       │       └── postfiat-wallet-wasm v0.1.0 (*)
      │           │           │       └── postfiat-crypto-provider v0.1.0 (*)
      │           │           ├── (build) sp1-recursion-machine v6.3.1 (*)
      │           │           ├── sp1-verifier v6.3.1 (*)
      │           │           └── sp1-zkvm v6.3.1 (*)
      │           ├── pasta_curves v0.5.1 (*)
      │           ├── postfiat-privacy-orchard v0.1.0 (*)
      │           └── slop-bn254 v6.3.1 (*)
      └── ff_derive v0.13.1 (*)
    ├ num-bigint v0.4.6
      ├── fpe v0.6.1
      │   └── orchard v0.14.0
      │       ├── postfiat-fuzz v0.1.0
      │       ├── (dev) postfiat-node v0.1.0
      │       │   ├── postfiat-cobalt-e2-harness v0.1.0
      │       │   ├── postfiat-cobalt-e3-harness v0.1.0
      │       │   └── postfiat-fuzz v0.1.0 (*)
      │       └── postfiat-privacy-orchard v0.1.0
      │           ├── postfiat-fuzz v0.1.0 (*)
      │           └── postfiat-node v0.1.0 (*)
      ├── p3-baby-bear v0.4.3-succinct
      │   └── slop-baby-bear v6.3.1
      │       ├── slop-basefold v6.3.1
      │       │   ├── slop-basefold-prover v6.3.1
      │       │   │   ├── slop-jagged v6.3.1
      │       │   │   │   ├── slop-whir v6.3.1
      │       │   │   │   │   └── sp1-hypercube v6.3.1
      │       │   │   │   │       ├── (build) sp1-recursion-executor v6.3.1
      │       │   │   │   │       │   ├── (build) sp1-recursion-machine v6.3.1
      │       │   │   │   │       │   │   └── sp1-verifier v6.3.1
      │       │   │   │   │       │   │       └── postfiat-execution v0.1.0
      │       │   │   │   │       │   │           ├── postfiat-bench v0.1.0
      │       │   │   │   │       │   │           ├── postfiat-fastpay-prototype v0.1.0
      │       │   │   │   │       │   │           ├── postfiat-fuzz v0.1.0 (*)
      │       │   │   │   │       │   │           ├── postfiat-node v0.1.0 (*)
      │       │   │   │   │       │   │           └── postfiat-rpc-sdk v0.1.0
      │       │   │   │   │       │   │               ├── postfiat-node v0.1.0 (*)
      │       │   │   │   │       │   │               └── postfiat-wallet-wasm v0.1.0
      │       │   │   │   │       │   └── sp1-verifier v6.3.1 (*)
      │       │   │   │   │       ├── (build) sp1-recursion-machine v6.3.1 (*)
      │       │   │   │   │       └── sp1-verifier v6.3.1 (*)
      │       │   │   │   └── sp1-hypercube v6.3.1 (*)
      │       │   │   ├── slop-stacked v6.3.1
      │       │   │   │   ├── slop-jagged v6.3.1 (*)
      │       │   │   │   ├── slop-whir v6.3.1 (*)
      │       │   │   │   └── sp1-hypercube v6.3.1 (*)
      │       │   │   └── sp1-hypercube v6.3.1 (*)
      │       │   ├── slop-jagged v6.3.1 (*)
      │       │   ├── slop-stacked v6.3.1 (*)
      │       │   ├── slop-whir v6.3.1 (*)
      │       │   ├── sp1-hypercube v6.3.1 (*)
      │       │   └── sp1-recursion-machine v6.3.1 (*)
      │       ├── slop-basefold-prover v6.3.1 (*)
      │       ├── slop-jagged v6.3.1 (*)
      │       ├── slop-merkle-tree v6.3.1
      │       │   ├── slop-basefold v6.3.1 (*)
      │       │   ├── slop-basefold-prover v6.3.1 (*)
      │       │   ├── slop-jagged v6.3.1 (*)
      │       │   ├── slop-stacked v6.3.1 (*)
      │       │   ├── slop-whir v6.3.1 (*)
      │       │   └── sp1-hypercube v6.3.1 (*)
      │       ├── slop-sumcheck v6.3.1
      │       │   ├── slop-jagged v6.3.1 (*)
      │       │   └── sp1-hypercube v6.3.1 (*)
      │       └── slop-whir v6.3.1 (*)
      ├── p3-bn254-fr v0.4.3-succinct
      │   └── slop-bn254 v6.3.1
      │       ├── slop-basefold v6.3.1 (*)
      │       ├── slop-basefold-prover v6.3.1 (*)
      │       ├── slop-jagged v6.3.1 (*)
      │       ├── slop-merkle-tree v6.3.1 (*)
      │       ├── sp1-hypercube v6.3.1 (*)
      │       └── sp1-primitives v6.3.1
      │           ├── sp1-hypercube v6.3.1 (*)
      │           ├── sp1-lib v6.3.1
      │           │   └── sp1-zkvm v6.3.1
      │           │       ├── fips204 v0.4.6
      │           │       │   └── postfiat-crypto-provider v0.1.0
      │           │       │       ├── postfiat-bench v0.1.0 (*)
      │           │       │       ├── postfiat-bridge v0.1.0
      │           │       │       │   ├── postfiat-bench v0.1.0 (*)
      │           │       │       │   ├── postfiat-execution v0.1.0 (*)
      │           │       │       │   ├── postfiat-fuzz v0.1.0 (*)
      │           │       │       │   └── postfiat-node v0.1.0 (*)
      │           │       │       ├── postfiat-cobalt-e2-harness v0.1.0 (*)
      │           │       │       ├── postfiat-cobalt-e3-harness v0.1.0 (*)
      │           │       │       ├── postfiat-consensus-cobalt v0.1.0
      │           │       │       │   ├── postfiat-cobalt-e1-harness v0.1.0
      │           │       │       │   ├── postfiat-cobalt-e2-harness v0.1.0 (*)
      │           │       │       │   ├── postfiat-cobalt-e3-harness v0.1.0 (*)
      │           │       │       │   ├── postfiat-fuzz v0.1.0 (*)
      │           │       │       │   ├── postfiat-node v0.1.0 (*)
      │           │       │       │   └── postfiat-pfusdc-proofs v0.1.0
      │           │       │       │       └── postfiat-pftl-uniswap-proofs v0.1.0
      │           │       │       │           └── postfiat-node v0.1.0 (*)
      │           │       │       ├── postfiat-execution v0.1.0 (*)
      │           │       │       ├── postfiat-fastpay-prototype v0.1.0 (*)
      │           │       │       ├── postfiat-fuzz v0.1.0 (*)
      │           │       │       ├── postfiat-mempool-dag v0.1.0
      │           │       │       │   ├── postfiat-bench v0.1.0 (*)
      │           │       │       │   ├── (dev) postfiat-consensus-cobalt v0.1.0 (*)
      │           │       │       │   ├── postfiat-fuzz v0.1.0 (*)
      │           │       │       │   ├── postfiat-node v0.1.0 (*)
      │           │       │       │   └── postfiat-ordering-fast v0.1.0
      │           │       │       │       ├── postfiat-bench v0.1.0 (*)
      │           │       │       │       ├── postfiat-fuzz v0.1.0 (*)
      │           │       │       │       ├── postfiat-node v0.1.0 (*)
      │           │       │       │       └── postfiat-pfusdc-proofs v0.1.0 (*)
      │           │       │       ├── postfiat-network v0.1.0
      │           │       │       │   ├── postfiat-fuzz v0.1.0 (*)
      │           │       │       │   └── postfiat-node v0.1.0 (*)
      │           │       │       ├── postfiat-node v0.1.0 (*)
      │           │       │       ├── postfiat-ordering-fast v0.1.0 (*)
      │           │       │       ├── postfiat-pftl-uniswap-proofs v0.1.0 (*)
      │           │       │       ├── postfiat-pfusdc-proofs v0.1.0 (*)
      │           │       │       ├── postfiat-privacy v0.1.0
      │           │       │       │   ├── postfiat-bench v0.1.0 (*)
      │           │       │       │   ├── postfiat-fuzz v0.1.0 (*)
      │           │       │       │   └── postfiat-node v0.1.0 (*)
      │           │       │       ├── postfiat-privacy-orchard v0.1.0 (*)
      │           │       │       ├── postfiat-proofs v0.1.0
      │           │       │       │   ├── postfiat-bench v0.1.0 (*)
      │           │       │       │   ├── postfiat-fuzz v0.1.0 (*)
      │           │       │       │   └── postfiat-privacy v0.1.0 (*)
      │           │       │       ├── postfiat-rpc-sdk v0.1.0 (*)
      │           │       │       └── postfiat-wallet-wasm v0.1.0 (*)
      │           │       └── postfiat-crypto-provider v0.1.0 (*)
      │           ├── (build) sp1-recursion-machine v6.3.1 (*)
      │           ├── sp1-verifier v6.3.1 (*)
      │           └── sp1-zkvm v6.3.1 (*)
      ├── p3-field v0.4.3-succinct
      │   ├── p3-air v0.4.3-succinct
      │   │   ├── p3-uni-stark v0.4.3-succinct
      │   │   │   └── slop-uni-stark v6.3.1
      │   │   │       └── sp1-hypercube v6.3.1 (*)
      │   │   └── slop-air v6.3.1
      │   │       ├── sp1-hypercube v6.3.1 (*)
      │   │       └── sp1-recursion-machine v6.3.1 (*)
      │   ├── p3-baby-bear v0.4.3-succinct (*)
      │   ├── p3-bn254-fr v0.4.3-succinct (*)
      │   ├── p3-challenger v0.4.3-succinct
      │   │   ├── p3-commit v0.4.3-succinct
      │   │   │   ├── p3-fri v0.4.3-succinct
      │   │   │   │   └── slop-fri v6.3.1
      │   │   │   │       └── slop-basefold-prover v6.3.1 (*)
      │   │   │   ├── p3-merkle-tree v0.4.3-succinct
      │   │   │   │   └── slop-merkle-tree v6.3.1 (*)
      │   │   │   ├── p3-uni-stark v0.4.3-succinct (*)
      │   │   │   └── slop-commit v6.3.1
      │   │   │       ├── slop-basefold-prover v6.3.1 (*)
      │   │   │       ├── slop-jagged v6.3.1 (*)
      │   │   │       ├── slop-merkle-tree v6.3.1 (*)
      │   │   │       ├── slop-multilinear v6.3.1
      │   │   │       │   ├── slop-basefold v6.3.1 (*)
      │   │   │       │   ├── slop-basefold-prover v6.3.1 (*)
      │   │   │       │   ├── slop-jagged v6.3.1 (*)
      │   │   │       │   ├── slop-stacked v6.3.1 (*)
      │   │   │       │   ├── slop-sumcheck v6.3.1 (*)
      │   │   │       │   ├── slop-whir v6.3.1 (*)
      │   │   │       │   └── sp1-hypercube v6.3.1 (*)
      │   │   │       ├── slop-stacked v6.3.1 (*)
      │   │   │       ├── slop-whir v6.3.1 (*)
      │   │   │       └── sp1-hypercube v6.3.1 (*)
      │   │   ├── p3-fri v0.4.3-succinct (*)
      │   │   ├── p3-uni-stark v0.4.3-succinct (*)
      │   │   └── slop-challenger v6.3.1
      │   │       ├── slop-baby-bear v6.3.1 (*)
      │   │       ├── slop-basefold v6.3.1 (*)
      │   │       ├── slop-basefold-prover v6.3.1 (*)
      │   │       ├── slop-bn254 v6.3.1 (*)
      │   │       ├── slop-jagged v6.3.1 (*)
      │   │       ├── slop-koala-bear v6.3.1
      │   │       │   ├── slop-basefold v6.3.1 (*)
      │   │       │   ├── slop-basefold-prover v6.3.1 (*)
      │   │       │   ├── slop-jagged v6.3.1 (*)
      │   │       │   ├── slop-merkle-tree v6.3.1 (*)
      │   │       │   ├── slop-whir v6.3.1 (*)
      │   │       │   ├── sp1-hypercube v6.3.1 (*)
      │   │       │   └── sp1-primitives v6.3.1 (*)
      │   │       ├── slop-merkle-tree v6.3.1 (*)
      │   │       ├── slop-multilinear v6.3.1 (*)
      │   │       ├── slop-stacked v6.3.1 (*)
      │   │       ├── slop-sumcheck v6.3.1 (*)
      │   │       ├── slop-whir v6.3.1 (*)
      │   │       ├── sp1-hypercube v6.3.1 (*)
      │   │       ├── sp1-primitives v6.3.1 (*)
      │   │       └── sp1-verifier v6.3.1 (*)
      │   ├── p3-commit v0.4.3-succinct (*)
      │   ├── p3-dft v0.4.3-succinct
      │   │   ├── p3-fri v0.4.3-succinct (*)
      │   │   ├── p3-mds v0.4.3-succinct
      │   │   │   ├── p3-baby-bear v0.4.3-succinct (*)
      │   │   │   ├── p3-koala-bear v0.4.3-succinct
      │   │   │   │   └── slop-koala-bear v6.3.1 (*)
      │   │   │   └── p3-poseidon2 v0.4.3-succinct
      │   │   │       ├── p3-baby-bear v0.4.3-succinct (*)
      │   │   │       ├── p3-bn254-fr v0.4.3-succinct (*)
      │   │   │       ├── p3-koala-bear v0.4.3-succinct (*)
      │   │   │       └── slop-poseidon2 v6.3.1
      │   │   │           ├── slop-baby-bear v6.3.1 (*)
      │   │   │           ├── slop-bn254 v6.3.1 (*)
      │   │   │           ├── slop-koala-bear v6.3.1 (*)
      │   │   │           ├── slop-merkle-tree v6.3.1 (*)
      │   │   │           ├── sp1-hypercube v6.3.1 (*)
      │   │   │           ├── sp1-primitives v6.3.1 (*)
      │   │   │           └── sp1-recursion-executor v6.3.1 (*)
      │   │   ├── p3-uni-stark v0.4.3-succinct (*)
      │   │   └── slop-dft v6.3.1
      │   │       ├── slop-basefold-prover v6.3.1 (*)
      │   │       └── slop-whir v6.3.1 (*)
      │   ├── p3-fri v0.4.3-succinct (*)
      │   ├── p3-interpolation v0.4.3-succinct
      │   │   └── p3-fri v0.4.3-succinct (*)
      │   ├── p3-koala-bear v0.4.3-succinct (*)
      │   ├── p3-matrix v0.4.3-succinct
      │   │   ├── p3-air v0.4.3-succinct (*)
      │   │   ├── p3-commit v0.4.3-succinct (*)
      │   │   ├── p3-dft v0.4.3-succinct (*)
      │   │   ├── p3-fri v0.4.3-succinct (*)
      │   │   ├── p3-interpolation v0.4.3-succinct (*)
      │   │   ├── p3-mds v0.4.3-succinct (*)
      │   │   ├── p3-merkle-tree v0.4.3-succinct (*)
      │   │   ├── p3-uni-stark v0.4.3-succinct (*)
      │   │   └── slop-matrix v6.3.1
      │   │       ├── slop-dft v6.3.1 (*)
      │   │       ├── slop-merkle-tree v6.3.1 (*)
      │   │       ├── slop-multilinear v6.3.1 (*)
      │   │       ├── slop-tensor v6.3.1
      │   │       │   ├── slop-basefold v6.3.1 (*)
      │   │       │   ├── slop-basefold-prover v6.3.1 (*)
      │   │       │   ├── slop-dft v6.3.1 (*)
      │   │       │   ├── slop-jagged v6.3.1 (*)
      │   │       │   ├── slop-merkle-tree v6.3.1 (*)
      │   │       │   ├── slop-multilinear v6.3.1 (*)
      │   │       │   ├── slop-stacked v6.3.1 (*)
      │   │       │   ├── slop-whir v6.3.1 (*)
      │   │       │   └── sp1-hypercube v6.3.1 (*)
      │   │       ├── slop-whir v6.3.1 (*)
      │   │       ├── sp1-hypercube v6.3.1 (*)
      │   │       └── sp1-recursion-machine v6.3.1 (*)
      │   ├── p3-mds v0.4.3-succinct (*)
      │   ├── p3-merkle-tree v0.4.3-succinct (*)
      │   ├── p3-poseidon2 v0.4.3-succinct (*)
      │   ├── p3-symmetric v0.4.3-succinct
      │   │   ├── p3-baby-bear v0.4.3-succinct (*)
      │   │   ├── p3-bn254-fr v0.4.3-succinct (*)
      │   │   ├── p3-challenger v0.4.3-succinct (*)
      │   │   ├── p3-koala-bear v0.4.3-succinct (*)
      │   │   ├── p3-mds v0.4.3-succinct (*)
      │   │   ├── p3-merkle-tree v0.4.3-succinct (*)
      │   │   ├── p3-poseidon2 v0.4.3-succinct (*)
      │   │   └── slop-symmetric v6.3.1
      │   │       ├── slop-baby-bear v6.3.1 (*)
      │   │       ├── slop-bn254 v6.3.1 (*)
      │   │       ├── slop-challenger v6.3.1 (*)
      │   │       ├── slop-jagged v6.3.1 (*)
      │   │       ├── slop-koala-bear v6.3.1 (*)
      │   │       ├── slop-merkle-tree v6.3.1 (*)
      │   │       ├── sp1-hypercube v6.3.1 (*)
      │   │       ├── sp1-primitives v6.3.1 (*)
      │   │       ├── sp1-recursion-executor v6.3.1 (*)
      │   │       ├── sp1-recursion-machine v6.3.1 (*)
      │   │       └── sp1-verifier v6.3.1 (*)
      │   ├── p3-uni-stark v0.4.3-succinct (*)
      │   └── slop-algebra v6.3.1
      │       ├── slop-alloc v6.3.1
      │       │   ├── slop-basefold v6.3.1 (*)
      │       │   ├── slop-basefold-prover v6.3.1 (*)
      │       │   ├── slop-commit v6.3.1 (*)
      │       │   ├── slop-dft v6.3.1 (*)
      │       │   ├── slop-jagged v6.3.1 (*)
      │       │   ├── slop-merkle-tree v6.3.1 (*)
      │       │   ├── slop-multilinear v6.3.1 (*)
      │       │   ├── slop-stacked v6.3.1 (*)
      │       │   ├── slop-sumcheck v6.3.1 (*)
      │       │   ├── slop-tensor v6.3.1 (*)
      │       │   ├── slop-whir v6.3.1 (*)
      │       │   └── sp1-hypercube v6.3.1 (*)
      │       ├── slop-baby-bear v6.3.1 (*)
      │       ├── slop-basefold v6.3.1 (*)
      │       ├── slop-basefold-prover v6.3.1 (*)
      │       ├── slop-bn254 v6.3.1 (*)
      │       ├── slop-challenger v6.3.1 (*)
      │       ├── slop-dft v6.3.1 (*)
      │       ├── slop-jagged v6.3.1 (*)
      │       ├── slop-koala-bear v6.3.1 (*)
      │       ├── slop-merkle-tree v6.3.1 (*)
      │       ├── slop-multilinear v6.3.1 (*)
      │       ├── slop-primitives v6.3.1
      │       │   ├── slop-basefold v6.3.1 (*)
      │       │   ├── sp1-primitives v6.3.1 (*)
      │       │   └── sp1-verifier v6.3.1 (*)
      │       ├── slop-stacked v6.3.1 (*)
      │       ├── slop-sumcheck v6.3.1 (*)
      │       ├── slop-tensor v6.3.1 (*)
      │       ├── slop-whir v6.3.1 (*)
      │       ├── sp1-hypercube v6.3.1 (*)
      │       ├── sp1-primitives v6.3.1 (*)
      │       ├── sp1-recursion-executor v6.3.1 (*)
      │       ├── sp1-recursion-machine v6.3.1 (*)
      │       └── sp1-verifier v6.3.1 (*)
      ├── p3-koala-bear v0.4.3-succinct (*)
      ├── sp1-hypercube v6.3.1 (*)
      ├── sp1-primitives v6.3.1 (*)
      └── substrate-bn-succinct-rs v0.6.0
          └── sp1-verifier v6.3.1 (*)

warning[duplicate]: found 2 duplicate entries for crate 'sha3'
    ┌─ /home/postfiatchad/repos/postfiatl1v2-release-20260915/Cargo.lock:281:1
    │  
281 │ ╭ sha3 0.10.9 registry+https://github.com/rust-lang/crates.io-index
282 │ │ sha3 0.11.0 registry+https://github.com/rust-lang/crates.io-index
    │ ╰─────────────────────────────────────────────────────────────────┘ lock entries
    │  
    ├ sha3 v0.10.9
      ├── alloy-primitives v1.5.7
      │   ├── alloy-sol-types v1.5.7
      │   │   └── arc-conformance v0.1.0
      │   ├── alloy-trie v0.9.5
      │   │   └── arc-conformance v0.1.0 (*)
      │   └── arc-conformance v0.1.0 (*)
      ├── alloy-sol-macro-expander v1.5.7
      │   └── alloy-sol-macro v1.5.7
      │       ├── alloy-sol-types v1.5.7 (*)
      │       └── arc-conformance v0.1.0 (*)
      ├── fips204 v0.4.6
      │   └── postfiat-crypto-provider v0.1.0
      │       ├── postfiat-bench v0.1.0
      │       ├── postfiat-bridge v0.1.0
      │       │   ├── postfiat-bench v0.1.0 (*)
      │       │   ├── postfiat-execution v0.1.0
      │       │   │   ├── postfiat-bench v0.1.0 (*)
      │       │   │   ├── postfiat-fastpay-prototype v0.1.0
      │       │   │   ├── postfiat-fuzz v0.1.0
      │       │   │   ├── postfiat-node v0.1.0
      │       │   │   │   ├── postfiat-cobalt-e2-harness v0.1.0
      │       │   │   │   ├── postfiat-cobalt-e3-harness v0.1.0
      │       │   │   │   └── postfiat-fuzz v0.1.0 (*)
      │       │   │   └── postfiat-rpc-sdk v0.1.0
      │       │   │       ├── postfiat-node v0.1.0 (*)
      │       │   │       └── postfiat-wallet-wasm v0.1.0
      │       │   ├── postfiat-fuzz v0.1.0 (*)
      │       │   └── postfiat-node v0.1.0 (*)
      │       ├── postfiat-cobalt-e2-harness v0.1.0 (*)
      │       ├── postfiat-cobalt-e3-harness v0.1.0 (*)
      │       ├── postfiat-consensus-cobalt v0.1.0
      │       │   ├── postfiat-cobalt-e1-harness v0.1.0
      │       │   ├── postfiat-cobalt-e2-harness v0.1.0 (*)
      │       │   ├── postfiat-cobalt-e3-harness v0.1.0 (*)
      │       │   ├── postfiat-fuzz v0.1.0 (*)
      │       │   ├── postfiat-node v0.1.0 (*)
      │       │   └── postfiat-pfusdc-proofs v0.1.0
      │       │       └── postfiat-pftl-uniswap-proofs v0.1.0
      │       │           └── postfiat-node v0.1.0 (*)
      │       ├── postfiat-execution v0.1.0 (*)
      │       ├── postfiat-fastpay-prototype v0.1.0 (*)
      │       ├── postfiat-fuzz v0.1.0 (*)
      │       ├── postfiat-mempool-dag v0.1.0
      │       │   ├── postfiat-bench v0.1.0 (*)
      │       │   ├── (dev) postfiat-consensus-cobalt v0.1.0 (*)
      │       │   ├── postfiat-fuzz v0.1.0 (*)
      │       │   ├── postfiat-node v0.1.0 (*)
      │       │   └── postfiat-ordering-fast v0.1.0
      │       │       ├── postfiat-bench v0.1.0 (*)
      │       │       ├── postfiat-fuzz v0.1.0 (*)
      │       │       ├── postfiat-node v0.1.0 (*)
      │       │       └── postfiat-pfusdc-proofs v0.1.0 (*)
      │       ├── postfiat-network v0.1.0
      │       │   ├── postfiat-fuzz v0.1.0 (*)
      │       │   └── postfiat-node v0.1.0 (*)
      │       ├── postfiat-node v0.1.0 (*)
      │       ├── postfiat-ordering-fast v0.1.0 (*)
      │       ├── postfiat-pftl-uniswap-proofs v0.1.0 (*)
      │       ├── postfiat-pfusdc-proofs v0.1.0 (*)
      │       ├── postfiat-privacy v0.1.0
      │       │   ├── postfiat-bench v0.1.0 (*)
      │       │   ├── postfiat-fuzz v0.1.0 (*)
      │       │   └── postfiat-node v0.1.0 (*)
      │       ├── postfiat-privacy-orchard v0.1.0
      │       │   ├── postfiat-fuzz v0.1.0 (*)
      │       │   └── postfiat-node v0.1.0 (*)
      │       ├── postfiat-proofs v0.1.0
      │       │   ├── postfiat-bench v0.1.0 (*)
      │       │   ├── postfiat-fuzz v0.1.0 (*)
      │       │   └── postfiat-privacy v0.1.0 (*)
      │       ├── postfiat-rpc-sdk v0.1.0 (*)
      │       └── postfiat-wallet-wasm v0.1.0 (*)
      └── fips204 v0.4.6
          └── (dev) postfiat-crypto-provider v0.1.0 (*)
    ├ sha3 v0.11.0
      ├── arc-conformance v0.1.0
      ├── postfiat-bridge v0.1.0
      │   ├── postfiat-bench v0.1.0
      │   ├── postfiat-execution v0.1.0
      │   │   ├── postfiat-bench v0.1.0 (*)
      │   │   ├── postfiat-fastpay-prototype v0.1.0
      │   │   ├── postfiat-fuzz v0.1.0
      │   │   ├── postfiat-node v0.1.0
      │   │   │   ├── postfiat-cobalt-e2-harness v0.1.0
      │   │   │   ├── postfiat-cobalt-e3-harness v0.1.0
      │   │   │   └── postfiat-fuzz v0.1.0 (*)
      │   │   └── postfiat-rpc-sdk v0.1.0
      │   │       ├── postfiat-node v0.1.0 (*)
      │   │       └── postfiat-wallet-wasm v0.1.0
      │   ├── postfiat-fuzz v0.1.0 (*)
      │   └── postfiat-node v0.1.0 (*)
      ├── postfiat-crypto-provider v0.1.0
      │   ├── postfiat-bench v0.1.0 (*)
      │   ├── postfiat-bridge v0.1.0 (*)
      │   ├── postfiat-cobalt-e2-harness v0.1.0 (*)
      │   ├── postfiat-cobalt-e3-harness v0.1.0 (*)
      │   ├── postfiat-consensus-cobalt v0.1.0
      │   │   ├── postfiat-cobalt-e1-harness v0.1.0
      │   │   ├── postfiat-cobalt-e2-harness v0.1.0 (*)
      │   │   ├── postfiat-cobalt-e3-harness v0.1.0 (*)
      │   │   ├── postfiat-fuzz v0.1.0 (*)
      │   │   ├── postfiat-node v0.1.0 (*)
      │   │   └── postfiat-pfusdc-proofs v0.1.0
      │   │       └── postfiat-pftl-uniswap-proofs v0.1.0
      │   │           └── postfiat-node v0.1.0 (*)
      │   ├── postfiat-execution v0.1.0 (*)
      │   ├── postfiat-fastpay-prototype v0.1.0 (*)
      │   ├── postfiat-fuzz v0.1.0 (*)
      │   ├── postfiat-mempool-dag v0.1.0
      │   │   ├── postfiat-bench v0.1.0 (*)
      │   │   ├── (dev) postfiat-consensus-cobalt v0.1.0 (*)
      │   │   ├── postfiat-fuzz v0.1.0 (*)
      │   │   ├── postfiat-node v0.1.0 (*)
      │   │   └── postfiat-ordering-fast v0.1.0
      │   │       ├── postfiat-bench v0.1.0 (*)
      │   │       ├── postfiat-fuzz v0.1.0 (*)
      │   │       ├── postfiat-node v0.1.0 (*)
      │   │       └── postfiat-pfusdc-proofs v0.1.0 (*)
      │   ├── postfiat-network v0.1.0
      │   │   ├── postfiat-fuzz v0.1.0 (*)
      │   │   └── postfiat-node v0.1.0 (*)
      │   ├── postfiat-node v0.1.0 (*)
      │   ├── postfiat-ordering-fast v0.1.0 (*)
      │   ├── postfiat-pftl-uniswap-proofs v0.1.0 (*)
      │   ├── postfiat-pfusdc-proofs v0.1.0 (*)
      │   ├── postfiat-privacy v0.1.0
      │   │   ├── postfiat-bench v0.1.0 (*)
      │   │   ├── postfiat-fuzz v0.1.0 (*)
      │   │   └── postfiat-node v0.1.0 (*)
      │   ├── postfiat-privacy-orchard v0.1.0
      │   │   ├── postfiat-fuzz v0.1.0 (*)
      │   │   └── postfiat-node v0.1.0 (*)
      │   ├── postfiat-proofs v0.1.0
      │   │   ├── postfiat-bench v0.1.0 (*)
      │   │   ├── postfiat-fuzz v0.1.0 (*)
      │   │   └── postfiat-privacy v0.1.0 (*)
      │   ├── postfiat-rpc-sdk v0.1.0 (*)
      │   └── postfiat-wallet-wasm v0.1.0 (*)
      ├── postfiat-fuzz v0.1.0 (*)
      ├── postfiat-nav-reserve-protocol v0.1.0
      │   └── postfiat-execution v0.1.0 (*)
      ├── postfiat-node v0.1.0 (*)
      ├── postfiat-pftl-uniswap-proofs v0.1.0 (*)
      ├── postfiat-privacy-orchard v0.1.0 (*)
      ├── postfiat-rpc-sdk v0.1.0 (*)
      ├── postfiat-storage v0.1.0
      │   ├── postfiat-bench v0.1.0 (*)
      │   └── postfiat-node v0.1.0 (*)
      └── postfiat-types v0.1.0
          ├── postfiat-bench v0.1.0 (*)
          ├── postfiat-bridge v0.1.0 (*)
          ├── postfiat-consensus-cobalt v0.1.0 (*)
          ├── postfiat-execution v0.1.0 (*)
          ├── postfiat-fastpay-prototype v0.1.0 (*)
          ├── postfiat-fuzz v0.1.0 (*)
          ├── postfiat-mempool-dag v0.1.0 (*)
          ├── postfiat-nav-reserve-protocol v0.1.0 (*)
          ├── postfiat-node v0.1.0 (*)
          ├── postfiat-ordering-fast v0.1.0 (*)
          ├── postfiat-pftl-uniswap-proofs v0.1.0 (*)
          ├── postfiat-pfusdc-proofs v0.1.0 (*)
          ├── postfiat-privacy v0.1.0 (*)
          ├── postfiat-rpc-sdk v0.1.0 (*)
          ├── postfiat-storage v0.1.0 (*)
          └── postfiat-wallet-wasm v0.1.0 (*)

warning[duplicate]: found 3 duplicate entries for crate 'syn'
    ┌─ /home/postfiatchad/repos/postfiatl1v2-release-20260915/Cargo.lock:338:1
    │  
338 │ ╭ syn 1.0.109 registry+https://github.com/rust-lang/crates.io-index
339 │ │ syn 2.0.117 registry+https://github.com/rust-lang/crates.io-index
340 │ │ syn 3.0.4 registry+https://github.com/rust-lang/crates.io-index
    │ ╰───────────────────────────────────────────────────────────────┘ lock entries
    │  
    ├ syn v1.0.109
      ├── ff_derive v0.13.1
      │   └── ff v0.13.1
      │       ├── bls12_381 v0.8.0
      │       │   └── jubjub v0.10.0
      │       │       └── reddsa v0.5.1
      │       │           └── orchard v0.14.0
      │       │               ├── postfiat-fuzz v0.1.0
      │       │               ├── (dev) postfiat-node v0.1.0
      │       │               │   ├── postfiat-cobalt-e2-harness v0.1.0
      │       │               │   ├── postfiat-cobalt-e3-harness v0.1.0
      │       │               │   └── postfiat-fuzz v0.1.0 (*)
      │       │               └── postfiat-privacy-orchard v0.1.0
      │       │                   ├── postfiat-fuzz v0.1.0 (*)
      │       │                   └── postfiat-node v0.1.0 (*)
      │       ├── elliptic-curve v0.13.8
      │       │   ├── ecdsa v0.16.9
      │       │   │   └── k256 v0.13.4
      │       │   │       └── postfiat-node v0.1.0 (*)
      │       │   └── k256 v0.13.4 (*)
      │       ├── group v0.13.0
      │       │   ├── elliptic-curve v0.13.8 (*)
      │       │   ├── halo2_gadgets v0.5.0
      │       │   │   ├── orchard v0.14.0 (*)
      │       │   │   └── postfiat-privacy-orchard v0.1.0 (*)
      │       │   ├── halo2_poseidon v0.1.0
      │       │   │   ├── halo2_gadgets v0.5.0 (*)
      │       │   │   ├── orchard v0.14.0 (*)
      │       │   │   └── postfiat-privacy-orchard v0.1.0 (*)
      │       │   ├── halo2_proofs v0.3.2
      │       │   │   ├── halo2_gadgets v0.5.0 (*)
      │       │   │   ├── orchard v0.14.0 (*)
      │       │   │   └── postfiat-privacy-orchard v0.1.0 (*)
      │       │   ├── jubjub v0.10.0 (*)
      │       │   ├── orchard v0.14.0 (*)
      │       │   ├── pasta_curves v0.5.1
      │       │   │   ├── halo2_gadgets v0.5.0 (*)
      │       │   │   ├── halo2_poseidon v0.1.0 (*)
      │       │   │   ├── halo2_proofs v0.3.2 (*)
      │       │   │   ├── orchard v0.14.0 (*)
      │       │   │   ├── postfiat-privacy-orchard v0.1.0 (*)
      │       │   │   ├── reddsa v0.5.1 (*)
      │       │   │   └── sinsemilla v0.1.0
      │       │   │       ├── halo2_gadgets v0.5.0 (*)
      │       │   │       ├── orchard v0.14.0 (*)
      │       │   │       └── postfiat-privacy-orchard v0.1.0 (*)
      │       │   ├── postfiat-privacy-orchard v0.1.0 (*)
      │       │   ├── reddsa v0.5.1 (*)
      │       │   └── sinsemilla v0.1.0 (*)
      │       ├── halo2_gadgets v0.5.0 (*)
      │       ├── halo2_poseidon v0.1.0 (*)
      │       ├── halo2_proofs v0.3.2 (*)
      │       ├── jubjub v0.10.0 (*)
      │       ├── orchard v0.14.0 (*)
      │       ├── p3-bn254-fr v0.4.3-succinct
      │       │   └── slop-bn254 v6.3.1
      │       │       ├── slop-basefold v6.3.1
      │       │       │   ├── slop-basefold-prover v6.3.1
      │       │       │   │   ├── slop-jagged v6.3.1
      │       │       │   │   │   ├── slop-whir v6.3.1
      │       │       │   │   │   │   └── sp1-hypercube v6.3.1
      │       │       │   │   │   │       ├── (build) sp1-recursion-executor v6.3.1
      │       │       │   │   │   │       │   ├── (build) sp1-recursion-machine v6.3.1
      │       │       │   │   │   │       │   │   └── sp1-verifier v6.3.1
      │       │       │   │   │   │       │   │       └── postfiat-execution v0.1.0
      │       │       │   │   │   │       │   │           ├── postfiat-bench v0.1.0
      │       │       │   │   │   │       │   │           ├── postfiat-fastpay-prototype v0.1.0
      │       │       │   │   │   │       │   │           ├── postfiat-fuzz v0.1.0 (*)
      │       │       │   │   │   │       │   │           ├── postfiat-node v0.1.0 (*)
      │       │       │   │   │   │       │   │           └── postfiat-rpc-sdk v0.1.0
      │       │       │   │   │   │       │   │               ├── postfiat-node v0.1.0 (*)
      │       │       │   │   │   │       │   │               └── postfiat-wallet-wasm v0.1.0
      │       │       │   │   │   │       │   └── sp1-verifier v6.3.1 (*)
      │       │       │   │   │   │       ├── (build) sp1-recursion-machine v6.3.1 (*)
      │       │       │   │   │   │       └── sp1-verifier v6.3.1 (*)
      │       │       │   │   │   └── sp1-hypercube v6.3.1 (*)
      │       │       │   │   ├── slop-stacked v6.3.1
      │       │       │   │   │   ├── slop-jagged v6.3.1 (*)
      │       │       │   │   │   ├── slop-whir v6.3.1 (*)
      │       │       │   │   │   └── sp1-hypercube v6.3.1 (*)
      │       │       │   │   └── sp1-hypercube v6.3.1 (*)
      │       │       │   ├── slop-jagged v6.3.1 (*)
      │       │       │   ├── slop-stacked v6.3.1 (*)
      │       │       │   ├── slop-whir v6.3.1 (*)
      │       │       │   ├── sp1-hypercube v6.3.1 (*)
      │       │       │   └── sp1-recursion-machine v6.3.1 (*)
      │       │       ├── slop-basefold-prover v6.3.1 (*)
      │       │       ├── slop-jagged v6.3.1 (*)
      │       │       ├── slop-merkle-tree v6.3.1
      │       │       │   ├── slop-basefold v6.3.1 (*)
      │       │       │   ├── slop-basefold-prover v6.3.1 (*)
      │       │       │   ├── slop-jagged v6.3.1 (*)
      │       │       │   ├── slop-stacked v6.3.1 (*)
      │       │       │   ├── slop-whir v6.3.1 (*)
      │       │       │   └── sp1-hypercube v6.3.1 (*)
      │       │       ├── sp1-hypercube v6.3.1 (*)
      │       │       └── sp1-primitives v6.3.1
      │       │           ├── sp1-hypercube v6.3.1 (*)
      │       │           ├── sp1-lib v6.3.1
      │       │           │   └── sp1-zkvm v6.3.1
      │       │           │       ├── fips204 v0.4.6
      │       │           │       │   └── postfiat-crypto-provider v0.1.0
      │       │           │       │       ├── postfiat-bench v0.1.0 (*)
      │       │           │       │       ├── postfiat-bridge v0.1.0
      │       │           │       │       │   ├── postfiat-bench v0.1.0 (*)
      │       │           │       │       │   ├── postfiat-execution v0.1.0 (*)
      │       │           │       │       │   ├── postfiat-fuzz v0.1.0 (*)
      │       │           │       │       │   └── postfiat-node v0.1.0 (*)
      │       │           │       │       ├── postfiat-cobalt-e2-harness v0.1.0 (*)
      │       │           │       │       ├── postfiat-cobalt-e3-harness v0.1.0 (*)
      │       │           │       │       ├── postfiat-consensus-cobalt v0.1.0
      │       │           │       │       │   ├── postfiat-cobalt-e1-harness v0.1.0
      │       │           │       │       │   ├── postfiat-cobalt-e2-harness v0.1.0 (*)
      │       │           │       │       │   ├── postfiat-cobalt-e3-harness v0.1.0 (*)
      │       │           │       │       │   ├── postfiat-fuzz v0.1.0 (*)
      │       │           │       │       │   ├── postfiat-node v0.1.0 (*)
      │       │           │       │       │   └── postfiat-pfusdc-proofs v0.1.0
      │       │           │       │       │       └── postfiat-pftl-uniswap-proofs v0.1.0
      │       │           │       │       │           └── postfiat-node v0.1.0 (*)
      │       │           │       │       ├── postfiat-execution v0.1.0 (*)
      │       │           │       │       ├── postfiat-fastpay-prototype v0.1.0 (*)
      │       │           │       │       ├── postfiat-fuzz v0.1.0 (*)
      │       │           │       │       ├── postfiat-mempool-dag v0.1.0
      │       │           │       │       │   ├── postfiat-bench v0.1.0 (*)
      │       │           │       │       │   ├── (dev) postfiat-consensus-cobalt v0.1.0 (*)
      │       │           │       │       │   ├── postfiat-fuzz v0.1.0 (*)
      │       │           │       │       │   ├── postfiat-node v0.1.0 (*)
      │       │           │       │       │   └── postfiat-ordering-fast v0.1.0
      │       │           │       │       │       ├── postfiat-bench v0.1.0 (*)
      │       │           │       │       │       ├── postfiat-fuzz v0.1.0 (*)
      │       │           │       │       │       ├── postfiat-node v0.1.0 (*)
      │       │           │       │       │       └── postfiat-pfusdc-proofs v0.1.0 (*)
      │       │           │       │       ├── postfiat-network v0.1.0
      │       │           │       │       │   ├── postfiat-fuzz v0.1.0 (*)
      │       │           │       │       │   └── postfiat-node v0.1.0 (*)
      │       │           │       │       ├── postfiat-node v0.1.0 (*)
      │       │           │       │       ├── postfiat-ordering-fast v0.1.0 (*)
      │       │           │       │       ├── postfiat-pftl-uniswap-proofs v0.1.0 (*)
      │       │           │       │       ├── postfiat-pfusdc-proofs v0.1.0 (*)
      │       │           │       │       ├── postfiat-privacy v0.1.0
      │       │           │       │       │   ├── postfiat-bench v0.1.0 (*)
      │       │           │       │       │   ├── postfiat-fuzz v0.1.0 (*)
      │       │           │       │       │   └── postfiat-node v0.1.0 (*)
      │       │           │       │       ├── postfiat-privacy-orchard v0.1.0 (*)
      │       │           │       │       ├── postfiat-proofs v0.1.0
      │       │           │       │       │   ├── postfiat-bench v0.1.0 (*)
      │       │           │       │       │   ├── postfiat-fuzz v0.1.0 (*)
      │       │           │       │       │   └── postfiat-privacy v0.1.0 (*)
      │       │           │       │       ├── postfiat-rpc-sdk v0.1.0 (*)
      │       │           │       │       └── postfiat-wallet-wasm v0.1.0 (*)
      │       │           │       └── postfiat-crypto-provider v0.1.0 (*)
      │       │           ├── (build) sp1-recursion-machine v6.3.1 (*)
      │       │           ├── sp1-verifier v6.3.1 (*)
      │       │           └── sp1-zkvm v6.3.1 (*)
      │       ├── pasta_curves v0.5.1 (*)
      │       ├── postfiat-privacy-orchard v0.1.0 (*)
      │       └── slop-bn254 v6.3.1 (*)
      ├── sp1-derive v6.3.1
      │   ├── sp1-hypercube v6.3.1 (*)
      │   ├── sp1-recursion-executor v6.3.1 (*)
      │   └── sp1-recursion-machine v6.3.1 (*)
      └── svgbobdoc v0.3.0
          └── rlsf v0.2.2
              └── embedded-alloc v0.6.0
                  └── sp1-zkvm v6.3.1 (*)
    ├ syn v2.0.117
      ├── alloy-rlp-derive v0.3.16
      │   └── alloy-rlp v0.3.12
      │       ├── alloy-primitives v1.5.7
      │       │   ├── alloy-sol-types v1.5.7
      │       │   │   └── arc-conformance v0.1.0
      │       │   ├── alloy-trie v0.9.5
      │       │   │   └── arc-conformance v0.1.0 (*)
      │       │   └── arc-conformance v0.1.0 (*)
      │       ├── alloy-trie v0.9.5 (*)
      │       ├── arc-conformance v0.1.0 (*)
      │       └── ruint v1.20.0
      │           ├── alloy-primitives v1.5.7 (*)
      │           └── nybbles v0.4.8
      │               └── alloy-trie v0.9.5 (*)
      ├── alloy-sol-macro v1.5.7
      │   ├── alloy-sol-types v1.5.7 (*)
      │   └── arc-conformance v0.1.0 (*)
      ├── alloy-sol-macro-expander v1.5.7
      │   └── alloy-sol-macro v1.5.7 (*)
      ├── alloy-sol-macro-input v1.5.7
      │   ├── alloy-sol-macro v1.5.7 (*)
      │   └── alloy-sol-macro-expander v1.5.7 (*)
      ├── bytemuck_derive v1.10.2
      │   └── bytemuck v1.25.0
      │       └── substrate-bn-succinct-rs v0.6.0
      │           └── sp1-verifier v6.3.1
      │               └── postfiat-execution v0.1.0
      │                   ├── postfiat-bench v0.1.0
      │                   ├── postfiat-fastpay-prototype v0.1.0
      │                   ├── postfiat-fuzz v0.1.0
      │                   ├── postfiat-node v0.1.0
      │                   │   ├── postfiat-cobalt-e2-harness v0.1.0
      │                   │   ├── postfiat-cobalt-e3-harness v0.1.0
      │                   │   └── postfiat-fuzz v0.1.0 (*)
      │                   └── postfiat-rpc-sdk v0.1.0
      │                       ├── postfiat-node v0.1.0 (*)
      │                       └── postfiat-wallet-wasm v0.1.0
      ├── curve25519-dalek-derive v0.1.1
      │   └── curve25519-dalek v4.1.3
      │       └── ed25519-dalek v2.2.0
      │           └── arc-conformance v0.1.0 (*)
      ├── deepsize_derive2 v0.1.0
      │   └── deepsize2 v0.1.0
      │       └── sp1-hypercube v6.3.1
      │           ├── (build) sp1-recursion-executor v6.3.1
      │           │   ├── (build) sp1-recursion-machine v6.3.1
      │           │   │   └── sp1-verifier v6.3.1 (*)
      │           │   └── sp1-verifier v6.3.1 (*)
      │           ├── (build) sp1-recursion-machine v6.3.1 (*)
      │           └── sp1-verifier v6.3.1 (*)
      ├── derive-where v1.6.1
      │   ├── slop-basefold v6.3.1
      │   │   ├── slop-basefold-prover v6.3.1
      │   │   │   ├── slop-jagged v6.3.1
      │   │   │   │   ├── slop-whir v6.3.1
      │   │   │   │   │   └── sp1-hypercube v6.3.1 (*)
      │   │   │   │   └── sp1-hypercube v6.3.1 (*)
      │   │   │   ├── slop-stacked v6.3.1
      │   │   │   │   ├── slop-jagged v6.3.1 (*)
      │   │   │   │   ├── slop-whir v6.3.1 (*)
      │   │   │   │   └── sp1-hypercube v6.3.1 (*)
      │   │   │   └── sp1-hypercube v6.3.1 (*)
      │   │   ├── slop-jagged v6.3.1 (*)
      │   │   ├── slop-stacked v6.3.1 (*)
      │   │   ├── slop-whir v6.3.1 (*)
      │   │   ├── sp1-hypercube v6.3.1 (*)
      │   │   └── sp1-recursion-machine v6.3.1 (*)
      │   ├── slop-basefold-prover v6.3.1 (*)
      │   ├── slop-jagged v6.3.1 (*)
      │   ├── slop-merkle-tree v6.3.1
      │   │   ├── slop-basefold v6.3.1 (*)
      │   │   ├── slop-basefold-prover v6.3.1 (*)
      │   │   ├── slop-jagged v6.3.1 (*)
      │   │   ├── slop-stacked v6.3.1 (*)
      │   │   ├── slop-whir v6.3.1 (*)
      │   │   └── sp1-hypercube v6.3.1 (*)
      │   ├── slop-multilinear v6.3.1
      │   │   ├── slop-basefold v6.3.1 (*)
      │   │   ├── slop-basefold-prover v6.3.1 (*)
      │   │   ├── slop-jagged v6.3.1 (*)
      │   │   ├── slop-stacked v6.3.1 (*)
      │   │   ├── slop-sumcheck v6.3.1
      │   │   │   ├── slop-jagged v6.3.1 (*)
      │   │   │   └── sp1-hypercube v6.3.1 (*)
      │   │   ├── slop-whir v6.3.1 (*)
      │   │   └── sp1-hypercube v6.3.1 (*)
      │   ├── slop-stacked v6.3.1 (*)
      │   ├── slop-tensor v6.3.1
      │   │   ├── slop-basefold v6.3.1 (*)
      │   │   ├── slop-basefold-prover v6.3.1 (*)
      │   │   ├── slop-dft v6.3.1
      │   │   │   ├── slop-basefold-prover v6.3.1 (*)
      │   │   │   └── slop-whir v6.3.1 (*)
      │   │   ├── slop-jagged v6.3.1 (*)
      │   │   ├── slop-merkle-tree v6.3.1 (*)
      │   │   ├── slop-multilinear v6.3.1 (*)
      │   │   ├── slop-stacked v6.3.1 (*)
      │   │   ├── slop-whir v6.3.1 (*)
      │   │   └── sp1-hypercube v6.3.1 (*)
      │   ├── slop-whir v6.3.1 (*)
      │   └── sp1-hypercube v6.3.1 (*)
      ├── derive_more-impl v2.1.1
      │   └── derive_more v2.1.1
      │       ├── alloy-primitives v1.5.7 (*)
      │       └── alloy-trie v0.9.5 (*)
      ├── futures-macro v0.3.32
      │   └── futures-util v0.3.32
      │       ├── futures v0.3.32
      │       │   ├── slop-challenger v6.3.1
      │       │   │   ├── slop-baby-bear v6.3.1
      │       │   │   │   ├── slop-basefold v6.3.1 (*)
      │       │   │   │   ├── slop-basefold-prover v6.3.1 (*)
      │       │   │   │   ├── slop-jagged v6.3.1 (*)
      │       │   │   │   ├── slop-merkle-tree v6.3.1 (*)
      │       │   │   │   ├── slop-sumcheck v6.3.1 (*)
      │       │   │   │   └── slop-whir v6.3.1 (*)
      │       │   │   ├── slop-basefold v6.3.1 (*)
      │       │   │   ├── slop-basefold-prover v6.3.1 (*)
      │       │   │   ├── slop-bn254 v6.3.1
      │       │   │   │   ├── slop-basefold v6.3.1 (*)
      │       │   │   │   ├── slop-basefold-prover v6.3.1 (*)
      │       │   │   │   ├── slop-jagged v6.3.1 (*)
      │       │   │   │   ├── slop-merkle-tree v6.3.1 (*)
      │       │   │   │   ├── sp1-hypercube v6.3.1 (*)
      │       │   │   │   └── sp1-primitives v6.3.1
      │       │   │   │       ├── sp1-hypercube v6.3.1 (*)
      │       │   │   │       ├── sp1-lib v6.3.1
      │       │   │   │       │   └── sp1-zkvm v6.3.1
      │       │   │   │       │       ├── fips204 v0.4.6
      │       │   │   │       │       │   └── postfiat-crypto-provider v0.1.0
      │       │   │   │       │       │       ├── postfiat-bench v0.1.0 (*)
      │       │   │   │       │       │       ├── postfiat-bridge v0.1.0
      │       │   │   │       │       │       │   ├── postfiat-bench v0.1.0 (*)
      │       │   │   │       │       │       │   ├── postfiat-execution v0.1.0 (*)
      │       │   │   │       │       │       │   ├── postfiat-fuzz v0.1.0 (*)
      │       │   │   │       │       │       │   └── postfiat-node v0.1.0 (*)
      │       │   │   │       │       │       ├── postfiat-cobalt-e2-harness v0.1.0 (*)
      │       │   │   │       │       │       ├── postfiat-cobalt-e3-harness v0.1.0 (*)
      │       │   │   │       │       │       ├── postfiat-consensus-cobalt v0.1.0
      │       │   │   │       │       │       │   ├── postfiat-cobalt-e1-harness v0.1.0
      │       │   │   │       │       │       │   ├── postfiat-cobalt-e2-harness v0.1.0 (*)
      │       │   │   │       │       │       │   ├── postfiat-cobalt-e3-harness v0.1.0 (*)
      │       │   │   │       │       │       │   ├── postfiat-fuzz v0.1.0 (*)
      │       │   │   │       │       │       │   ├── postfiat-node v0.1.0 (*)
      │       │   │   │       │       │       │   └── postfiat-pfusdc-proofs v0.1.0
      │       │   │   │       │       │       │       └── postfiat-pftl-uniswap-proofs v0.1.0
      │       │   │   │       │       │       │           └── postfiat-node v0.1.0 (*)
      │       │   │   │       │       │       ├── postfiat-execution v0.1.0 (*)
      │       │   │   │       │       │       ├── postfiat-fastpay-prototype v0.1.0 (*)
      │       │   │   │       │       │       ├── postfiat-fuzz v0.1.0 (*)
      │       │   │   │       │       │       ├── postfiat-mempool-dag v0.1.0
      │       │   │   │       │       │       │   ├── postfiat-bench v0.1.0 (*)
      │       │   │   │       │       │       │   ├── (dev) postfiat-consensus-cobalt v0.1.0 (*)
      │       │   │   │       │       │       │   ├── postfiat-fuzz v0.1.0 (*)
      │       │   │   │       │       │       │   ├── postfiat-node v0.1.0 (*)
      │       │   │   │       │       │       │   └── postfiat-ordering-fast v0.1.0
      │       │   │   │       │       │       │       ├── postfiat-bench v0.1.0 (*)
      │       │   │   │       │       │       │       ├── postfiat-fuzz v0.1.0 (*)
      │       │   │   │       │       │       │       ├── postfiat-node v0.1.0 (*)
      │       │   │   │       │       │       │       └── postfiat-pfusdc-proofs v0.1.0 (*)
      │       │   │   │       │       │       ├── postfiat-network v0.1.0
      │       │   │   │       │       │       │   ├── postfiat-fuzz v0.1.0 (*)
      │       │   │   │       │       │       │   └── postfiat-node v0.1.0 (*)
      │       │   │   │       │       │       ├── postfiat-node v0.1.0 (*)
      │       │   │   │       │       │       ├── postfiat-ordering-fast v0.1.0 (*)
      │       │   │   │       │       │       ├── postfiat-pftl-uniswap-proofs v0.1.0 (*)
      │       │   │   │       │       │       ├── postfiat-pfusdc-proofs v0.1.0 (*)
      │       │   │   │       │       │       ├── postfiat-privacy v0.1.0
      │       │   │   │       │       │       │   ├── postfiat-bench v0.1.0 (*)
      │       │   │   │       │       │       │   ├── postfiat-fuzz v0.1.0 (*)
      │       │   │   │       │       │       │   └── postfiat-node v0.1.0 (*)
      │       │   │   │       │       │       ├── postfiat-privacy-orchard v0.1.0
      │       │   │   │       │       │       │   ├── postfiat-fuzz v0.1.0 (*)
      │       │   │   │       │       │       │   └── postfiat-node v0.1.0 (*)
      │       │   │   │       │       │       ├── postfiat-proofs v0.1.0
      │       │   │   │       │       │       │   ├── postfiat-bench v0.1.0 (*)
      │       │   │   │       │       │       │   ├── postfiat-fuzz v0.1.0 (*)
      │       │   │   │       │       │       │   └── postfiat-privacy v0.1.0 (*)
      │       │   │   │       │       │       ├── postfiat-rpc-sdk v0.1.0 (*)
      │       │   │   │       │       │       └── postfiat-wallet-wasm v0.1.0 (*)
      │       │   │   │       │       └── postfiat-crypto-provider v0.1.0 (*)
      │       │   │   │       ├── (build) sp1-recursion-machine v6.3.1 (*)
      │       │   │   │       ├── sp1-verifier v6.3.1 (*)
      │       │   │   │       └── sp1-zkvm v6.3.1 (*)
      │       │   │   ├── slop-jagged v6.3.1 (*)
      │       │   │   ├── slop-koala-bear v6.3.1
      │       │   │   │   ├── slop-basefold v6.3.1 (*)
      │       │   │   │   ├── slop-basefold-prover v6.3.1 (*)
      │       │   │   │   ├── slop-jagged v6.3.1 (*)
      │       │   │   │   ├── slop-merkle-tree v6.3.1 (*)
      │       │   │   │   ├── slop-whir v6.3.1 (*)
      │       │   │   │   ├── sp1-hypercube v6.3.1 (*)
      │       │   │   │   └── sp1-primitives v6.3.1 (*)
      │       │   │   ├── slop-merkle-tree v6.3.1 (*)
      │       │   │   ├── slop-multilinear v6.3.1 (*)
      │       │   │   ├── slop-stacked v6.3.1 (*)
      │       │   │   ├── slop-sumcheck v6.3.1 (*)
      │       │   │   ├── slop-whir v6.3.1 (*)
      │       │   │   ├── sp1-hypercube v6.3.1 (*)
      │       │   │   ├── sp1-primitives v6.3.1 (*)
      │       │   │   └── sp1-verifier v6.3.1 (*)
      │       │   ├── slop-futures v6.3.1
      │       │   │   ├── slop-basefold-prover v6.3.1 (*)
      │       │   │   ├── slop-jagged v6.3.1 (*)
      │       │   │   ├── slop-merkle-tree v6.3.1 (*)
      │       │   │   ├── slop-multilinear v6.3.1 (*)
      │       │   │   ├── slop-stacked v6.3.1 (*)
      │       │   │   ├── slop-tensor v6.3.1 (*)
      │       │   │   └── sp1-hypercube v6.3.1 (*)
      │       │   ├── slop-jagged v6.3.1 (*)
      │       │   ├── slop-multilinear v6.3.1 (*)
      │       │   ├── slop-stacked v6.3.1 (*)
      │       │   ├── slop-sumcheck v6.3.1 (*)
      │       │   ├── slop-whir v6.3.1 (*)
      │       │   └── sp1-hypercube v6.3.1 (*)
      │       ├── futures-executor v0.3.32
      │       │   └── futures v0.3.32 (*)
      │       ├── hyper-util v0.1.20
      │       │   ├── hyper-rustls v0.27.9
      │       │   │   └── reqwest v0.12.28
      │       │   │       └── arc-conformance v0.1.0 (*)
      │       │   └── reqwest v0.12.28 (*)
      │       ├── js-sys v0.3.103
      │       │   ├── getrandom v0.2.17
      │       │   │   ├── postfiat-wallet-wasm v0.1.0 (*)
      │       │   │   ├── rand_core v0.6.4
      │       │   │   │   ├── bls12_381 v0.8.0
      │       │   │   │   │   └── jubjub v0.10.0
      │       │   │   │   │       └── reddsa v0.5.1
      │       │   │   │   │           └── orchard v0.14.0
      │       │   │   │   │               ├── postfiat-fuzz v0.1.0 (*)
      │       │   │   │   │               ├── (dev) postfiat-node v0.1.0 (*)
      │       │   │   │   │               └── postfiat-privacy-orchard v0.1.0 (*)
      │       │   │   │   ├── crypto-bigint v0.5.5
      │       │   │   │   │   └── elliptic-curve v0.13.8
      │       │   │   │   │       ├── ecdsa v0.16.9
      │       │   │   │   │       │   └── k256 v0.13.4
      │       │   │   │   │       │       └── postfiat-node v0.1.0 (*)
      │       │   │   │   │       └── k256 v0.13.4 (*)
      │       │   │   │   ├── crypto-common v0.1.7
      │       │   │   │   │   ├── aead v0.5.2
      │       │   │   │   │   │   └── chacha20poly1305 v0.10.1
      │       │   │   │   │   │       ├── postfiat-privacy-orchard v0.1.0 (*)
      │       │   │   │   │   │       └── zcash_note_encryption v0.4.1
      │       │   │   │   │   │           ├── orchard v0.14.0 (*)
      │       │   │   │   │   │           └── postfiat-privacy-orchard v0.1.0 (*)
      │       │   │   │   │   ├── cipher v0.4.4
      │       │   │   │   │   │   ├── aes v0.8.4
      │       │   │   │   │   │   │   └── orchard v0.14.0 (*)
      │       │   │   │   │   │   ├── cbc v0.1.2
      │       │   │   │   │   │   │   └── fpe v0.6.1
      │       │   │   │   │   │   │       └── orchard v0.14.0 (*)
      │       │   │   │   │   │   ├── chacha20 v0.9.1
      │       │   │   │   │   │   │   ├── chacha20poly1305 v0.10.1 (*)
      │       │   │   │   │   │   │   └── zcash_note_encryption v0.4.1 (*)
      │       │   │   │   │   │   ├── chacha20poly1305 v0.10.1 (*)
      │       │   │   │   │   │   ├── fpe v0.6.1 (*)
      │       │   │   │   │   │   └── zcash_note_encryption v0.4.1 (*)
      │       │   │   │   │   ├── digest v0.10.7
      │       │   │   │   │   │   ├── curve25519-dalek v4.1.3 (*)
      │       │   │   │   │   │   ├── ecdsa v0.16.9 (*)
      │       │   │   │   │   │   ├── elliptic-curve v0.13.8 (*)
      │       │   │   │   │   │   ├── hmac v0.12.1
      │       │   │   │   │   │   │   └── rfc6979 v0.4.0
      │       │   │   │   │   │   │       └── ecdsa v0.16.9 (*)
      │       │   │   │   │   │   ├── sha2 v0.10.9
      │       │   │   │   │   │   │   ├── ed25519-dalek v2.2.0 (*)
      │       │   │   │   │   │   │   ├── fips204 v0.4.6 (*)
      │       │   │   │   │   │   │   ├── fips204 v0.4.6
      │       │   │   │   │   │   │   │   └── (dev) postfiat-crypto-provider v0.1.0 (*)
      │       │   │   │   │   │   │   ├── k256 v0.13.4 (*)
      │       │   │   │   │   │   │   ├── postfiat-bench v0.1.0 (*)
      │       │   │   │   │   │   │   ├── postfiat-cobalt-adversarial-oracle v0.1.0
      │       │   │   │   │   │   │   │   └── postfiat-cobalt-e1-harness v0.1.0 (*)
      │       │   │   │   │   │   │   ├── postfiat-cobalt-decision-oracle v0.1.0
      │       │   │   │   │   │   │   │   └── postfiat-cobalt-e1-harness v0.1.0 (*)
      │       │   │   │   │   │   │   ├── postfiat-cobalt-e1-harness v0.1.0 (*)
      │       │   │   │   │   │   │   ├── postfiat-cobalt-e2-harness v0.1.0 (*)
      │       │   │   │   │   │   │   ├── postfiat-cobalt-e3-harness v0.1.0 (*)
      │       │   │   │   │   │   │   ├── postfiat-node v0.1.0 (*)
      │       │   │   │   │   │   │   ├── postfiat-types v0.1.0
      │       │   │   │   │   │   │   │   ├── postfiat-bench v0.1.0 (*)
      │       │   │   │   │   │   │   │   ├── postfiat-bridge v0.1.0 (*)
      │       │   │   │   │   │   │   │   ├── postfiat-consensus-cobalt v0.1.0 (*)
      │       │   │   │   │   │   │   │   ├── postfiat-execution v0.1.0 (*)
      │       │   │   │   │   │   │   │   ├── postfiat-fastpay-prototype v0.1.0 (*)
      │       │   │   │   │   │   │   │   ├── postfiat-fuzz v0.1.0 (*)
      │       │   │   │   │   │   │   │   ├── postfiat-mempool-dag v0.1.0 (*)
      │       │   │   │   │   │   │   │   ├── postfiat-nav-reserve-protocol v0.1.0
      │       │   │   │   │   │   │   │   │   └── postfiat-execution v0.1.0 (*)
      │       │   │   │   │   │   │   │   ├── postfiat-node v0.1.0 (*)
      │       │   │   │   │   │   │   │   ├── postfiat-ordering-fast v0.1.0 (*)
      │       │   │   │   │   │   │   │   ├── postfiat-pftl-uniswap-proofs v0.1.0 (*)
      │       │   │   │   │   │   │   │   ├── postfiat-pfusdc-proofs v0.1.0 (*)
      │       │   │   │   │   │   │   │   ├── postfiat-privacy v0.1.0 (*)
      │       │   │   │   │   │   │   │   ├── postfiat-rpc-sdk v0.1.0 (*)
      │       │   │   │   │   │   │   │   ├── postfiat-storage v0.1.0
      │       │   │   │   │   │   │   │   │   ├── postfiat-bench v0.1.0 (*)
      │       │   │   │   │   │   │   │   │   └── postfiat-node v0.1.0 (*)
      │       │   │   │   │   │   │   │   └── postfiat-wallet-wasm v0.1.0 (*)
      │       │   │   │   │   │   │   ├── sp1-primitives v6.3.1 (*)
      │       │   │   │   │   │   │   ├── sp1-verifier v6.3.1 (*)
      │       │   │   │   │   │   │   └── sp1-zkvm v6.3.1 (*)
      │       │   │   │   │   │   ├── sha3 v0.10.9
      │       │   │   │   │   │   │   ├── alloy-primitives v1.5.7 (*)
      │       │   │   │   │   │   │   ├── alloy-sol-macro-expander v1.5.7 (*)
      │       │   │   │   │   │   │   ├── fips204 v0.4.6 (*)
      │       │   │   │   │   │   │   └── fips204 v0.4.6 (*)
      │       │   │   │   │   │   └── signature v2.2.0
      │       │   │   │   │   │       ├── ecdsa v0.16.9 (*)
      │       │   │   │   │   │       ├── ed25519 v2.2.3
      │       │   │   │   │   │       │   └── ed25519-dalek v2.2.0 (*)
      │       │   │   │   │   │       └── k256 v0.13.4 (*)
      │       │   │   │   │   └── universal-hash v0.5.1
      │       │   │   │   │       └── poly1305 v0.8.0
      │       │   │   │   │           └── chacha20poly1305 v0.10.1 (*)
      │       │   │   │   ├── elliptic-curve v0.13.8 (*)
      │       │   │   │   ├── ff v0.13.1
      │       │   │   │   │   ├── bls12_381 v0.8.0 (*)
      │       │   │   │   │   ├── elliptic-curve v0.13.8 (*)
      │       │   │   │   │   ├── group v0.13.0
      │       │   │   │   │   │   ├── elliptic-curve v0.13.8 (*)
      │       │   │   │   │   │   ├── halo2_gadgets v0.5.0
      │       │   │   │   │   │   │   ├── orchard v0.14.0 (*)
      │       │   │   │   │   │   │   └── postfiat-privacy-orchard v0.1.0 (*)
      │       │   │   │   │   │   ├── halo2_poseidon v0.1.0
      │       │   │   │   │   │   │   ├── halo2_gadgets v0.5.0 (*)
      │       │   │   │   │   │   │   ├── orchard v0.14.0 (*)
      │       │   │   │   │   │   │   └── postfiat-privacy-orchard v0.1.0 (*)
      │       │   │   │   │   │   ├── halo2_proofs v0.3.2
      │       │   │   │   │   │   │   ├── halo2_gadgets v0.5.0 (*)
      │       │   │   │   │   │   │   ├── orchard v0.14.0 (*)
      │       │   │   │   │   │   │   └── postfiat-privacy-orchard v0.1.0 (*)
      │       │   │   │   │   │   ├── jubjub v0.10.0 (*)
      │       │   │   │   │   │   ├── orchard v0.14.0 (*)
      │       │   │   │   │   │   ├── pasta_curves v0.5.1
      │       │   │   │   │   │   │   ├── halo2_gadgets v0.5.0 (*)
      │       │   │   │   │   │   │   ├── halo2_poseidon v0.1.0 (*)
      │       │   │   │   │   │   │   ├── halo2_proofs v0.3.2 (*)
      │       │   │   │   │   │   │   ├── orchard v0.14.0 (*)
      │       │   │   │   │   │   │   ├── postfiat-privacy-orchard v0.1.0 (*)
      │       │   │   │   │   │   │   ├── reddsa v0.5.1 (*)
      │       │   │   │   │   │   │   └── sinsemilla v0.1.0
      │       │   │   │   │   │   │       ├── halo2_gadgets v0.5.0 (*)
      │       │   │   │   │   │   │       ├── orchard v0.14.0 (*)
      │       │   │   │   │   │   │       └── postfiat-privacy-orchard v0.1.0 (*)
      │       │   │   │   │   │   ├── postfiat-privacy-orchard v0.1.0 (*)
      │       │   │   │   │   │   ├── reddsa v0.5.1 (*)
      │       │   │   │   │   │   └── sinsemilla v0.1.0 (*)
      │       │   │   │   │   ├── halo2_gadgets v0.5.0 (*)
      │       │   │   │   │   ├── halo2_poseidon v0.1.0 (*)
      │       │   │   │   │   ├── halo2_proofs v0.3.2 (*)
      │       │   │   │   │   ├── jubjub v0.10.0 (*)
      │       │   │   │   │   ├── orchard v0.14.0 (*)
      │       │   │   │   │   ├── p3-bn254-fr v0.4.3-succinct
      │       │   │   │   │   │   └── slop-bn254 v6.3.1 (*)
      │       │   │   │   │   ├── pasta_curves v0.5.1 (*)
      │       │   │   │   │   ├── postfiat-privacy-orchard v0.1.0 (*)
      │       │   │   │   │   └── slop-bn254 v6.3.1 (*)
      │       │   │   │   ├── fips204 v0.4.6 (*)
      │       │   │   │   ├── fips204 v0.4.6 (*)
      │       │   │   │   ├── group v0.13.0 (*)
      │       │   │   │   ├── halo2_proofs v0.3.2 (*)
      │       │   │   │   ├── jubjub v0.10.0 (*)
      │       │   │   │   ├── orchard v0.14.0 (*)
      │       │   │   │   ├── rand v0.8.6
      │       │   │   │   │   ├── halo2_gadgets v0.5.0 (*)
      │       │   │   │   │   ├── orchard v0.14.0 (*)
      │       │   │   │   │   ├── p3-baby-bear v0.4.3-succinct
      │       │   │   │   │   │   └── slop-baby-bear v6.3.1 (*)
      │       │   │   │   │   ├── p3-bn254-fr v0.4.3-succinct (*)
      │       │   │   │   │   ├── p3-field v0.4.3-succinct
      │       │   │   │   │   │   ├── p3-air v0.4.3-succinct
      │       │   │   │   │   │   │   ├── p3-uni-stark v0.4.3-succinct
      │       │   │   │   │   │   │   │   └── slop-uni-stark v6.3.1
      │       │   │   │   │   │   │   │       └── sp1-hypercube v6.3.1 (*)
      │       │   │   │   │   │   │   └── slop-air v6.3.1
      │       │   │   │   │   │   │       ├── sp1-hypercube v6.3.1 (*)
      │       │   │   │   │   │   │       └── sp1-recursion-machine v6.3.1 (*)
      │       │   │   │   │   │   ├── p3-baby-bear v0.4.3-succinct (*)
      │       │   │   │   │   │   ├── p3-bn254-fr v0.4.3-succinct (*)
      │       │   │   │   │   │   ├── p3-challenger v0.4.3-succinct
      │       │   │   │   │   │   │   ├── p3-commit v0.4.3-succinct
      │       │   │   │   │   │   │   │   ├── p3-fri v0.4.3-succinct
      │       │   │   │   │   │   │   │   │   └── slop-fri v6.3.1
      │       │   │   │   │   │   │   │   │       └── slop-basefold-prover v6.3.1 (*)
      │       │   │   │   │   │   │   │   ├── p3-merkle-tree v0.4.3-succinct
      │       │   │   │   │   │   │   │   │   └── slop-merkle-tree v6.3.1 (*)
      │       │   │   │   │   │   │   │   ├── p3-uni-stark v0.4.3-succinct (*)
      │       │   │   │   │   │   │   │   └── slop-commit v6.3.1
      │       │   │   │   │   │   │   │       ├── slop-basefold-prover v6.3.1 (*)
      │       │   │   │   │   │   │   │       ├── slop-jagged v6.3.1 (*)
      │       │   │   │   │   │   │   │       ├── slop-merkle-tree v6.3.1 (*)
      │       │   │   │   │   │   │   │       ├── slop-multilinear v6.3.1 (*)
      │       │   │   │   │   │   │   │       ├── slop-stacked v6.3.1 (*)
      │       │   │   │   │   │   │   │       ├── slop-whir v6.3.1 (*)
      │       │   │   │   │   │   │   │       └── sp1-hypercube v6.3.1 (*)
      │       │   │   │   │   │   │   ├── p3-fri v0.4.3-succinct (*)
      │       │   │   │   │   │   │   ├── p3-uni-stark v0.4.3-succinct (*)
      │       │   │   │   │   │   │   └── slop-challenger v6.3.1 (*)
      │       │   │   │   │   │   ├── p3-commit v0.4.3-succinct (*)
      │       │   │   │   │   │   ├── p3-dft v0.4.3-succinct
      │       │   │   │   │   │   │   ├── p3-fri v0.4.3-succinct (*)
      │       │   │   │   │   │   │   ├── p3-mds v0.4.3-succinct
      │       │   │   │   │   │   │   │   ├── p3-baby-bear v0.4.3-succinct (*)
      │       │   │   │   │   │   │   │   ├── p3-koala-bear v0.4.3-succinct
      │       │   │   │   │   │   │   │   │   └── slop-koala-bear v6.3.1 (*)
      │       │   │   │   │   │   │   │   └── p3-poseidon2 v0.4.3-succinct
      │       │   │   │   │   │   │   │       ├── p3-baby-bear v0.4.3-succinct (*)
      │       │   │   │   │   │   │   │       ├── p3-bn254-fr v0.4.3-succinct (*)
      │       │   │   │   │   │   │   │       ├── p3-koala-bear v0.4.3-succinct (*)
      │       │   │   │   │   │   │   │       └── slop-poseidon2 v6.3.1
      │       │   │   │   │   │   │   │           ├── slop-baby-bear v6.3.1 (*)
      │       │   │   │   │   │   │   │           ├── slop-bn254 v6.3.1 (*)
      │       │   │   │   │   │   │   │           ├── slop-koala-bear v6.3.1 (*)
      │       │   │   │   │   │   │   │           ├── slop-merkle-tree v6.3.1 (*)
      │       │   │   │   │   │   │   │           ├── sp1-hypercube v6.3.1 (*)
      │       │   │   │   │   │   │   │           ├── sp1-primitives v6.3.1 (*)
      │       │   │   │   │   │   │   │           └── sp1-recursion-executor v6.3.1 (*)
      │       │   │   │   │   │   │   ├── p3-uni-stark v0.4.3-succinct (*)
      │       │   │   │   │   │   │   └── slop-dft v6.3.1 (*)
      │       │   │   │   │   │   ├── p3-fri v0.4.3-succinct (*)
      │       │   │   │   │   │   ├── p3-interpolation v0.4.3-succinct
      │       │   │   │   │   │   │   └── p3-fri v0.4.3-succinct (*)
      │       │   │   │   │   │   ├── p3-koala-bear v0.4.3-succinct (*)
      │       │   │   │   │   │   ├── p3-matrix v0.4.3-succinct
      │       │   │   │   │   │   │   ├── p3-air v0.4.3-succinct (*)
      │       │   │   │   │   │   │   ├── p3-commit v0.4.3-succinct (*)
      │       │   │   │   │   │   │   ├── p3-dft v0.4.3-succinct (*)
      │       │   │   │   │   │   │   ├── p3-fri v0.4.3-succinct (*)
      │       │   │   │   │   │   │   ├── p3-interpolation v0.4.3-succinct (*)
      │       │   │   │   │   │   │   ├── p3-mds v0.4.3-succinct (*)
      │       │   │   │   │   │   │   ├── p3-merkle-tree v0.4.3-succinct (*)
      │       │   │   │   │   │   │   ├── p3-uni-stark v0.4.3-succinct (*)
      │       │   │   │   │   │   │   └── slop-matrix v6.3.1
      │       │   │   │   │   │   │       ├── slop-dft v6.3.1 (*)
      │       │   │   │   │   │   │       ├── slop-merkle-tree v6.3.1 (*)
      │       │   │   │   │   │   │       ├── slop-multilinear v6.3.1 (*)
      │       │   │   │   │   │   │       ├── slop-tensor v6.3.1 (*)
      │       │   │   │   │   │   │       ├── slop-whir v6.3.1 (*)
      │       │   │   │   │   │   │       ├── sp1-hypercube v6.3.1 (*)
      │       │   │   │   │   │   │       └── sp1-recursion-machine v6.3.1 (*)
      │       │   │   │   │   │   ├── p3-mds v0.4.3-succinct (*)
      │       │   │   │   │   │   ├── p3-merkle-tree v0.4.3-succinct (*)
      │       │   │   │   │   │   ├── p3-poseidon2 v0.4.3-succinct (*)
      │       │   │   │   │   │   ├── p3-symmetric v0.4.3-succinct
      │       │   │   │   │   │   │   ├── p3-baby-bear v0.4.3-succinct (*)
      │       │   │   │   │   │   │   ├── p3-bn254-fr v0.4.3-succinct (*)
      │       │   │   │   │   │   │   ├── p3-challenger v0.4.3-succinct (*)
      │       │   │   │   │   │   │   ├── p3-koala-bear v0.4.3-succinct (*)
      │       │   │   │   │   │   │   ├── p3-mds v0.4.3-succinct (*)
      │       │   │   │   │   │   │   ├── p3-merkle-tree v0.4.3-succinct (*)
      │       │   │   │   │   │   │   ├── p3-poseidon2 v0.4.3-succinct (*)
      │       │   │   │   │   │   │   └── slop-symmetric v6.3.1
      │       │   │   │   │   │   │       ├── slop-baby-bear v6.3.1 (*)
      │       │   │   │   │   │   │       ├── slop-bn254 v6.3.1 (*)
      │       │   │   │   │   │   │       ├── slop-challenger v6.3.1 (*)
      │       │   │   │   │   │   │       ├── slop-jagged v6.3.1 (*)
      │       │   │   │   │   │   │       ├── slop-koala-bear v6.3.1 (*)
      │       │   │   │   │   │   │       ├── slop-merkle-tree v6.3.1 (*)
      │       │   │   │   │   │   │       ├── sp1-hypercube v6.3.1 (*)
      │       │   │   │   │   │   │       ├── sp1-primitives v6.3.1 (*)
      │       │   │   │   │   │   │       ├── sp1-recursion-executor v6.3.1 (*)
      │       │   │   │   │   │   │       ├── sp1-recursion-machine v6.3.1 (*)
      │       │   │   │   │   │   │       └── sp1-verifier v6.3.1 (*)
      │       │   │   │   │   │   ├── p3-uni-stark v0.4.3-succinct (*)
      │       │   │   │   │   │   └── slop-algebra v6.3.1
      │       │   │   │   │   │       ├── slop-alloc v6.3.1
      │       │   │   │   │   │       │   ├── slop-basefold v6.3.1 (*)
      │       │   │   │   │   │       │   ├── slop-basefold-prover v6.3.1 (*)
      │       │   │   │   │   │       │   ├── slop-commit v6.3.1 (*)
      │       │   │   │   │   │       │   ├── slop-dft v6.3.1 (*)
      │       │   │   │   │   │       │   ├── slop-jagged v6.3.1 (*)
      │       │   │   │   │   │       │   ├── slop-merkle-tree v6.3.1 (*)
      │       │   │   │   │   │       │   ├── slop-multilinear v6.3.1 (*)
      │       │   │   │   │   │       │   ├── slop-stacked v6.3.1 (*)
      │       │   │   │   │   │       │   ├── slop-sumcheck v6.3.1 (*)
      │       │   │   │   │   │       │   ├── slop-tensor v6.3.1 (*)
      │       │   │   │   │   │       │   ├── slop-whir v6.3.1 (*)
      │       │   │   │   │   │       │   └── sp1-hypercube v6.3.1 (*)
      │       │   │   │   │   │       ├── slop-baby-bear v6.3.1 (*)
      │       │   │   │   │   │       ├── slop-basefold v6.3.1 (*)
      │       │   │   │   │   │       ├── slop-basefold-prover v6.3.1 (*)
      │       │   │   │   │   │       ├── slop-bn254 v6.3.1 (*)
      │       │   │   │   │   │       ├── slop-challenger v6.3.1 (*)
      │       │   │   │   │   │       ├── slop-dft v6.3.1 (*)
      │       │   │   │   │   │       ├── slop-jagged v6.3.1 (*)
      │       │   │   │   │   │       ├── slop-koala-bear v6.3.1 (*)
      │       │   │   │   │   │       ├── slop-merkle-tree v6.3.1 (*)
      │       │   │   │   │   │       ├── slop-multilinear v6.3.1 (*)
      │       │   │   │   │   │       ├── slop-primitives v6.3.1
      │       │   │   │   │   │       │   ├── slop-basefold v6.3.1 (*)
      │       │   │   │   │   │       │   ├── sp1-primitives v6.3.1 (*)
      │       │   │   │   │   │       │   └── sp1-verifier v6.3.1 (*)
      │       │   │   │   │   │       ├── slop-stacked v6.3.1 (*)
      │       │   │   │   │   │       ├── slop-sumcheck v6.3.1 (*)
      │       │   │   │   │   │       ├── slop-tensor v6.3.1 (*)
      │       │   │   │   │   │       ├── slop-whir v6.3.1 (*)
      │       │   │   │   │   │       ├── sp1-hypercube v6.3.1 (*)
      │       │   │   │   │   │       ├── sp1-primitives v6.3.1 (*)
      │       │   │   │   │   │       ├── sp1-recursion-executor v6.3.1 (*)
      │       │   │   │   │   │       ├── sp1-recursion-machine v6.3.1 (*)
      │       │   │   │   │   │       └── sp1-verifier v6.3.1 (*)
      │       │   │   │   │   ├── p3-koala-bear v0.4.3-succinct (*)
      │       │   │   │   │   ├── p3-matrix v0.4.3-succinct (*)
      │       │   │   │   │   ├── p3-mds v0.4.3-succinct (*)
      │       │   │   │   │   ├── p3-poseidon2 v0.4.3-succinct (*)
      │       │   │   │   │   ├── pasta_curves v0.5.1 (*)
      │       │   │   │   │   ├── postfiat-fuzz v0.1.0 (*)
      │       │   │   │   │   ├── (dev) postfiat-node v0.1.0 (*)
      │       │   │   │   │   ├── postfiat-privacy-orchard v0.1.0 (*)
      │       │   │   │   │   ├── slop-basefold-prover v6.3.1 (*)
      │       │   │   │   │   ├── slop-jagged v6.3.1 (*)
      │       │   │   │   │   ├── slop-multilinear v6.3.1 (*)
      │       │   │   │   │   ├── slop-tensor v6.3.1 (*)
      │       │   │   │   │   ├── slop-whir v6.3.1 (*)
      │       │   │   │   │   ├── (build) sp1-recursion-machine v6.3.1 (*)
      │       │   │   │   │   ├── sp1-zkvm v6.3.1 (*)
      │       │   │   │   │   └── substrate-bn-succinct-rs v0.6.0 (*)
      │       │   │   │   ├── rand_chacha v0.3.1
      │       │   │   │   │   └── rand v0.8.6 (*)
      │       │   │   │   ├── reddsa v0.5.1 (*)
      │       │   │   │   ├── signature v2.2.0 (*)
      │       │   │   │   └── zcash_note_encryption v0.4.1 (*)
      │       │   │   ├── ring v0.17.14
      │       │   │   │   ├── rustls v0.23.45
      │       │   │   │   │   ├── hyper-rustls v0.27.9 (*)
      │       │   │   │   │   ├── reqwest v0.12.28 (*)
      │       │   │   │   │   └── tokio-rustls v0.26.4
      │       │   │   │   │       ├── hyper-rustls v0.27.9 (*)
      │       │   │   │   │       └── reqwest v0.12.28 (*)
      │       │   │   │   └── rustls-webpki v0.103.15
      │       │   │   │       └── rustls v0.23.45 (*)
      │       │   │   └── sp1-zkvm v6.3.1 (*)
      │       │   ├── postfiat-wallet-wasm v0.1.0 (*)
      │       │   ├── reqwest v0.12.28 (*)
      │       │   ├── serde-wasm-bindgen v0.6.5
      │       │   │   └── postfiat-wallet-wasm v0.1.0 (*)
      │       │   ├── wasm-bindgen-futures v0.4.76
      │       │   │   └── reqwest v0.12.28 (*)
      │       │   └── web-sys v0.3.103
      │       │       └── reqwest v0.12.28 (*)
      │       ├── reqwest v0.12.28 (*)
      │       ├── tower v0.5.3
      │       │   ├── reqwest v0.12.28 (*)
      │       │   └── tower-http v0.6.11
      │       │       └── reqwest v0.12.28 (*)
      │       └── tower-http v0.6.11 (*)
      ├── getset v0.1.6
      │   └── orchard v0.14.0 (*)
      ├── macro-string v0.1.4
      │   └── alloy-sol-macro-input v1.5.7 (*)
      ├── pin-project-internal v1.1.13
      │   └── pin-project v1.1.13
      │       └── slop-futures v6.3.1 (*)
      ├── proc-macro-error2 v2.0.1
      │   ├── alloy-sol-macro v1.5.7 (*)
      │   ├── alloy-sol-macro-expander v1.5.7 (*)
      │   └── getset v0.1.6 (*)
      ├── serde_derive v1.0.228
      │   └── serde v1.0.228
      │       ├── arc-conformance v0.1.0 (*)
      │       ├── backtrace v0.3.76
      │       │   └── sp1-recursion-executor v6.3.1 (*)
      │       ├── bincode v1.3.3
      │       │   ├── sp1-lib v6.3.1 (*)
      │       │   ├── sp1-primitives v6.3.1 (*)
      │       │   └── sp1-verifier v6.3.1 (*)
      │       ├── hashbrown v0.14.5
      │       │   ├── deepsize2 v0.1.0 (*)
      │       │   ├── sp1-hypercube v6.3.1 (*)
      │       │   └── sp1-recursion-executor v6.3.1 (*)
      │       ├── orchard v0.14.0 (*)
      │       ├── p3-air v0.4.3-succinct (*)
      │       ├── p3-baby-bear v0.4.3-succinct (*)
      │       ├── p3-bn254-fr v0.4.3-succinct (*)
      │       ├── p3-challenger v0.4.3-succinct (*)
      │       ├── p3-commit v0.4.3-succinct (*)
      │       ├── p3-field v0.4.3-succinct (*)
      │       ├── p3-fri v0.4.3-succinct (*)
      │       ├── p3-koala-bear v0.4.3-succinct (*)
      │       ├── p3-matrix v0.4.3-succinct (*)
      │       ├── p3-merkle-tree v0.4.3-succinct (*)
      │       ├── p3-poseidon2 v0.4.3-succinct (*)
      │       ├── p3-symmetric v0.4.3-succinct (*)
      │       ├── p3-uni-stark v0.4.3-succinct (*)
      │       ├── p3-util v0.4.3-succinct
      │       │   ├── p3-challenger v0.4.3-succinct (*)
      │       │   ├── p3-commit v0.4.3-succinct (*)
      │       │   ├── p3-dft v0.4.3-succinct (*)
      │       │   ├── p3-field v0.4.3-succinct (*)
      │       │   ├── p3-fri v0.4.3-succinct (*)
      │       │   ├── p3-interpolation v0.4.3-succinct (*)
      │       │   ├── p3-matrix v0.4.3-succinct (*)
      │       │   ├── p3-mds v0.4.3-succinct (*)
      │       │   ├── p3-merkle-tree v0.4.3-succinct (*)
      │       │   ├── p3-uni-stark v0.4.3-succinct (*)
      │       │   └── slop-utils v6.3.1
      │       │       ├── slop-basefold v6.3.1 (*)
      │       │       ├── slop-jagged v6.3.1 (*)
      │       │       ├── slop-merkle-tree v6.3.1 (*)
      │       │       └── slop-whir v6.3.1 (*)
      │       ├── postfiat-bench v0.1.0 (*)
      │       ├── postfiat-bridge v0.1.0 (*)
      │       ├── postfiat-cobalt-adversarial-oracle v0.1.0 (*)
      │       ├── postfiat-cobalt-decision-oracle v0.1.0 (*)
      │       ├── postfiat-cobalt-e1-harness v0.1.0 (*)
      │       ├── postfiat-cobalt-e2-harness v0.1.0 (*)
      │       ├── postfiat-cobalt-e3-harness v0.1.0 (*)
      │       ├── postfiat-consensus-cobalt v0.1.0 (*)
      │       ├── postfiat-fuzz v0.1.0 (*)
      │       ├── postfiat-mempool-dag v0.1.0 (*)
      │       ├── postfiat-network v0.1.0 (*)
      │       ├── postfiat-node v0.1.0 (*)
      │       ├── postfiat-ordering-fast v0.1.0 (*)
      │       ├── postfiat-pftl-uniswap-proofs v0.1.0 (*)
      │       ├── postfiat-privacy v0.1.0 (*)
      │       ├── postfiat-privacy-orchard v0.1.0 (*)
      │       ├── postfiat-proofs v0.1.0 (*)
      │       ├── postfiat-rpc-sdk v0.1.0 (*)
      │       ├── postfiat-storage v0.1.0 (*)
      │       ├── postfiat-types v0.1.0 (*)
      │       ├── postfiat-wallet-wasm v0.1.0 (*)
      │       ├── reddsa v0.5.1 (*)
      │       ├── reqwest v0.12.28 (*)
      │       ├── serde-wasm-bindgen v0.6.5 (*)
      │       ├── serde_cbor v0.11.2
      │       │   └── postfiat-types v0.1.0 (*)
      │       ├── serde_urlencoded v0.7.1
      │       │   └── reqwest v0.12.28 (*)
      │       ├── slop-algebra v6.3.1 (*)
      │       ├── slop-alloc v6.3.1 (*)
      │       ├── slop-baby-bear v6.3.1 (*)
      │       ├── slop-basefold v6.3.1 (*)
      │       ├── slop-basefold-prover v6.3.1 (*)
      │       ├── slop-bn254 v6.3.1 (*)
      │       ├── slop-challenger v6.3.1 (*)
      │       ├── slop-commit v6.3.1 (*)
      │       ├── slop-dft v6.3.1 (*)
      │       ├── slop-jagged v6.3.1 (*)
      │       ├── slop-koala-bear v6.3.1 (*)
      │       ├── slop-merkle-tree v6.3.1 (*)
      │       ├── slop-multilinear v6.3.1 (*)
      │       ├── slop-stacked v6.3.1 (*)
      │       ├── slop-sumcheck v6.3.1 (*)
      │       ├── slop-tensor v6.3.1 (*)
      │       ├── slop-whir v6.3.1 (*)
      │       ├── smallvec v1.15.2
      │       │   ├── alloy-trie v0.9.5 (*)
      │       │   ├── hyper v1.11.1
      │       │   │   ├── hyper-rustls v0.27.9 (*)
      │       │   │   ├── hyper-util v0.1.20 (*)
      │       │   │   └── reqwest v0.12.28 (*)
      │       │   ├── icu_normalizer v2.3.0
      │       │   │   └── idna_adapter v1.2.2
      │       │   │       └── idna v1.1.0
      │       │   │           └── url v2.5.8
      │       │   │               ├── reqwest v0.12.28 (*)
      │       │   │               └── tower-http v0.6.11 (*)
      │       │   ├── idna v1.1.0 (*)
      │       │   ├── nybbles v0.4.8 (*)
      │       │   ├── sp1-recursion-executor v6.3.1 (*)
      │       │   ├── tracing-forest v0.1.6
      │       │   │   └── slop-utils v6.3.1 (*)
      │       │   └── tracing-subscriber v0.3.23
      │       │       ├── slop-utils v6.3.1 (*)
      │       │       └── tracing-forest v0.1.6 (*)
      │       ├── sp1-hypercube v6.3.1 (*)
      │       ├── sp1-lib v6.3.1 (*)
      │       ├── sp1-primitives v6.3.1 (*)
      │       ├── sp1-recursion-executor v6.3.1 (*)
      │       └── sp1-verifier v6.3.1 (*)
      ├── struct-reflection-derive v0.1.0
      │   └── struct-reflection v0.1.0
      │       └── sp1-hypercube v6.3.1 (*)
      ├── strum_macros v0.27.2
      │   └── strum v0.27.2
      │       ├── sp1-hypercube v6.3.1 (*)
      │       ├── sp1-recursion-machine v6.3.1 (*)
      │       └── sp1-verifier v6.3.1 (*)
      ├── syn-solidity v1.7.1
      │   ├── alloy-sol-macro-expander v1.5.7 (*)
      │   └── alloy-sol-macro-input v1.5.7 (*)
      ├── synstructure v0.13.2
      │   ├── yoke-derive v0.8.2
      │   │   └── yoke v0.8.3
      │   │       ├── icu_collections v2.3.0
      │   │       │   ├── icu_normalizer v2.3.0 (*)
      │   │       │   └── icu_properties v2.3.0
      │   │       │       └── idna_adapter v1.2.2 (*)
      │   │       ├── icu_provider v2.3.1
      │   │       │   ├── icu_normalizer v2.3.0 (*)
      │   │       │   └── icu_properties v2.3.0 (*)
      │   │       ├── zerotrie v0.2.5
      │   │       │   ├── icu_properties v2.3.0 (*)
      │   │       │   └── icu_provider v2.3.1 (*)
      │   │       └── zerovec v0.11.8
      │   │           ├── icu_collections v2.3.0 (*)
      │   │           ├── icu_locale_core v2.3.0
      │   │           │   ├── icu_properties v2.3.0 (*)
      │   │           │   └── icu_provider v2.3.1 (*)
      │   │           ├── icu_normalizer v2.3.0 (*)
      │   │           ├── icu_properties v2.3.0 (*)
      │   │           ├── icu_provider v2.3.1 (*)
      │   │           ├── potential_utf v0.1.6
      │   │           │   └── icu_collections v2.3.0 (*)
      │   │           └── tinystr v0.8.4
      │   │               └── icu_locale_core v2.3.0 (*)
      │   └── zerofrom-derive v0.1.7
      │       └── zerofrom v0.1.8
      │           ├── icu_collections v2.3.0 (*)
      │           ├── icu_provider v2.3.1 (*)
      │           ├── yoke v0.8.3 (*)
      │           ├── zerotrie v0.2.5 (*)
      │           └── zerovec v0.11.8 (*)
      ├── thiserror-impl v1.0.69
      │   └── thiserror v1.0.69
      │       ├── reddsa v0.5.1 (*)
      │       ├── slop-alloc v6.3.1 (*)
      │       ├── slop-basefold v6.3.1 (*)
      │       ├── slop-basefold-prover v6.3.1 (*)
      │       ├── slop-futures v6.3.1 (*)
      │       ├── slop-jagged v6.3.1 (*)
      │       ├── slop-merkle-tree v6.3.1 (*)
      │       ├── slop-stacked v6.3.1 (*)
      │       ├── slop-sumcheck v6.3.1 (*)
      │       ├── slop-tensor v6.3.1 (*)
      │       ├── slop-whir v6.3.1 (*)
      │       ├── sp1-hypercube v6.3.1 (*)
      │       ├── sp1-recursion-executor v6.3.1 (*)
      │       └── tracing-forest v0.1.6 (*)
      ├── thiserror-impl v2.0.18
      │   └── thiserror v2.0.18
      │       ├── alloy-trie v0.9.5 (*)
      │       ├── arc-conformance v0.1.0 (*)
      │       └── sp1-verifier v6.3.1 (*)
      ├── tracing-attributes v0.1.31
      │   └── tracing v0.1.44
      │       ├── alloy-trie v0.9.5 (*)
      │       ├── halo2_proofs v0.3.2 (*)
      │       ├── hyper-util v0.1.20 (*)
      │       ├── orchard v0.14.0 (*)
      │       ├── p3-challenger v0.4.3-succinct (*)
      │       ├── p3-dft v0.4.3-succinct (*)
      │       ├── p3-fri v0.4.3-succinct (*)
      │       ├── p3-matrix v0.4.3-succinct (*)
      │       ├── p3-merkle-tree v0.4.3-succinct (*)
      │       ├── p3-uni-stark v0.4.3-succinct (*)
      │       ├── slop-futures v6.3.1 (*)
      │       ├── slop-jagged v6.3.1 (*)
      │       ├── sp1-hypercube v6.3.1 (*)
      │       ├── sp1-recursion-executor v6.3.1 (*)
      │       ├── sp1-recursion-machine v6.3.1 (*)
      │       ├── tracing-forest v0.1.6 (*)
      │       └── tracing-subscriber v0.3.23 (*)
      ├── visibility v0.1.1
      │   └── orchard v0.14.0 (*)
      ├── wasm-bindgen-macro-support v0.2.126
      │   └── wasm-bindgen-macro v0.2.126
      │       └── wasm-bindgen v0.2.126
      │           ├── getrandom v0.2.17 (*)
      │           ├── js-sys v0.3.103 (*)
      │           ├── postfiat-wallet-wasm v0.1.0 (*)
      │           ├── reqwest v0.12.28 (*)
      │           ├── serde-wasm-bindgen v0.6.5 (*)
      │           ├── wasm-bindgen-futures v0.4.76 (*)
      │           └── web-sys v0.3.103 (*)
      ├── yoke-derive v0.8.2 (*)
      ├── zerofrom-derive v0.1.7 (*)
      └── zeroize_derive v1.4.3
          └── zeroize v1.8.2
              ├── chacha20poly1305 v0.10.1 (*)
              ├── cipher v0.4.4 (*)
              ├── crypto-bigint v0.5.5 (*)
              ├── curve25519-dalek v4.1.3 (*)
              ├── der v0.7.10
              │   ├── ecdsa v0.16.9 (*)
              │   ├── pkcs8 v0.10.2
              │   │   └── elliptic-curve v0.13.8 (*)
              │   ├── sec1 v0.7.3
              │   │   └── elliptic-curve v0.13.8 (*)
              │   └── spki v0.7.3
              │       ├── ecdsa v0.16.9 (*)
              │       └── pkcs8 v0.10.2 (*)
              ├── ed25519-dalek v2.2.0 (*)
              ├── elliptic-curve v0.13.8 (*)
              ├── fips204 v0.4.6 (*)
              ├── fips204 v0.4.6 (*)
              ├── generic-array v0.14.7
              │   ├── aead v0.5.2 (*)
              │   ├── block-buffer v0.10.4
              │   │   └── digest v0.10.7 (*)
              │   ├── crypto-bigint v0.5.5 (*)
              │   ├── crypto-common v0.1.7 (*)
              │   ├── elliptic-curve v0.13.8 (*)
              │   ├── inout v0.1.4
              │   │   └── cipher v0.4.4 (*)
              │   └── sec1 v0.7.3 (*)
              ├── postfiat-crypto-provider v0.1.0 (*)
              ├── postfiat-node v0.1.0 (*)
              ├── postfiat-privacy-orchard v0.1.0 (*)
              ├── postfiat-rpc-sdk v0.1.0 (*)
              ├── postfiat-wallet-wasm v0.1.0 (*)
              ├── reddsa v0.5.1 (*)
              ├── rustls v0.23.45 (*)
              ├── rustls-pki-types v1.15.1
              │   ├── reqwest v0.12.28 (*)
              │   ├── rustls v0.23.45 (*)
              │   ├── rustls-webpki v0.103.15 (*)
              │   └── webpki-roots v1.0.9
              │       ├── hyper-rustls v0.27.9 (*)
              │       └── reqwest v0.12.28 (*)
              └── sec1 v0.7.3 (*)
    ├ syn v3.0.4
      ├── displaydoc v0.2.7
      │   ├── icu_collections v2.3.0
      │   │   ├── icu_normalizer v2.3.0
      │   │   │   └── idna_adapter v1.2.2
      │   │   │       └── idna v1.1.0
      │   │   │           └── url v2.5.8
      │   │   │               ├── reqwest v0.12.28
      │   │   │               │   └── arc-conformance v0.1.0
      │   │   │               └── tower-http v0.6.11
      │   │   │                   └── reqwest v0.12.28 (*)
      │   │   └── icu_properties v2.3.0
      │   │       └── idna_adapter v1.2.2 (*)
      │   ├── icu_locale_core v2.3.0
      │   │   ├── icu_properties v2.3.0 (*)
      │   │   └── icu_provider v2.3.1
      │   │       ├── icu_normalizer v2.3.0 (*)
      │   │       └── icu_properties v2.3.0 (*)
      │   ├── icu_properties v2.3.0 (*)
      │   ├── icu_provider v2.3.1 (*)
      │   ├── tinystr v0.8.4
      │   │   └── icu_locale_core v2.3.0 (*)
      │   └── zerotrie v0.2.5
      │       ├── icu_properties v2.3.0 (*)
      │       └── icu_provider v2.3.1 (*)
      └── zerovec-derive v0.11.6
          └── zerovec v0.11.8
              ├── icu_collections v2.3.0 (*)
              ├── icu_locale_core v2.3.0 (*)
              ├── icu_normalizer v2.3.0 (*)
              ├── icu_properties v2.3.0 (*)
              ├── icu_provider v2.3.1 (*)
              ├── potential_utf v0.1.6
              │   └── icu_collections v2.3.0 (*)
              └── tinystr v0.8.4 (*)

warning[duplicate]: found 2 duplicate entries for crate 'thiserror'
    ┌─ /home/postfiatchad/repos/postfiatl1v2-release-20260915/Cargo.lock:345:1
    │  
345 │ ╭ thiserror 1.0.69 registry+https://github.com/rust-lang/crates.io-index
346 │ │ thiserror 2.0.18 registry+https://github.com/rust-lang/crates.io-index
    │ ╰──────────────────────────────────────────────────────────────────────┘ lock entries
    │  
    ├ thiserror v1.0.69
      ├── reddsa v0.5.1
      │   └── orchard v0.14.0
      │       ├── postfiat-fuzz v0.1.0
      │       ├── (dev) postfiat-node v0.1.0
      │       │   ├── postfiat-cobalt-e2-harness v0.1.0
      │       │   ├── postfiat-cobalt-e3-harness v0.1.0
      │       │   └── postfiat-fuzz v0.1.0 (*)
      │       └── postfiat-privacy-orchard v0.1.0
      │           ├── postfiat-fuzz v0.1.0 (*)
      │           └── postfiat-node v0.1.0 (*)
      ├── slop-alloc v6.3.1
      │   ├── slop-basefold v6.3.1
      │   │   ├── slop-basefold-prover v6.3.1
      │   │   │   ├── slop-jagged v6.3.1
      │   │   │   │   ├── slop-whir v6.3.1
      │   │   │   │   │   └── sp1-hypercube v6.3.1
      │   │   │   │   │       ├── (build) sp1-recursion-executor v6.3.1
      │   │   │   │   │       │   ├── (build) sp1-recursion-machine v6.3.1
      │   │   │   │   │       │   │   └── sp1-verifier v6.3.1
      │   │   │   │   │       │   │       └── postfiat-execution v0.1.0
      │   │   │   │   │       │   │           ├── postfiat-bench v0.1.0
      │   │   │   │   │       │   │           ├── postfiat-fastpay-prototype v0.1.0
      │   │   │   │   │       │   │           ├── postfiat-fuzz v0.1.0 (*)
      │   │   │   │   │       │   │           ├── postfiat-node v0.1.0 (*)
      │   │   │   │   │       │   │           └── postfiat-rpc-sdk v0.1.0
      │   │   │   │   │       │   │               ├── postfiat-node v0.1.0 (*)
      │   │   │   │   │       │   │               └── postfiat-wallet-wasm v0.1.0
      │   │   │   │   │       │   └── sp1-verifier v6.3.1 (*)
      │   │   │   │   │       ├── (build) sp1-recursion-machine v6.3.1 (*)
      │   │   │   │   │       └── sp1-verifier v6.3.1 (*)
      │   │   │   │   └── sp1-hypercube v6.3.1 (*)
      │   │   │   ├── slop-stacked v6.3.1
      │   │   │   │   ├── slop-jagged v6.3.1 (*)
      │   │   │   │   ├── slop-whir v6.3.1 (*)
      │   │   │   │   └── sp1-hypercube v6.3.1 (*)
      │   │   │   └── sp1-hypercube v6.3.1 (*)
      │   │   ├── slop-jagged v6.3.1 (*)
      │   │   ├── slop-stacked v6.3.1 (*)
      │   │   ├── slop-whir v6.3.1 (*)
      │   │   ├── sp1-hypercube v6.3.1 (*)
      │   │   └── sp1-recursion-machine v6.3.1 (*)
      │   ├── slop-basefold-prover v6.3.1 (*)
      │   ├── slop-commit v6.3.1
      │   │   ├── slop-basefold-prover v6.3.1 (*)
      │   │   ├── slop-jagged v6.3.1 (*)
      │   │   ├── slop-merkle-tree v6.3.1
      │   │   │   ├── slop-basefold v6.3.1 (*)
      │   │   │   ├── slop-basefold-prover v6.3.1 (*)
      │   │   │   ├── slop-jagged v6.3.1 (*)
      │   │   │   ├── slop-stacked v6.3.1 (*)
      │   │   │   ├── slop-whir v6.3.1 (*)
      │   │   │   └── sp1-hypercube v6.3.1 (*)
      │   │   ├── slop-multilinear v6.3.1
      │   │   │   ├── slop-basefold v6.3.1 (*)
      │   │   │   ├── slop-basefold-prover v6.3.1 (*)
      │   │   │   ├── slop-jagged v6.3.1 (*)
      │   │   │   ├── slop-stacked v6.3.1 (*)
      │   │   │   ├── slop-sumcheck v6.3.1
      │   │   │   │   ├── slop-jagged v6.3.1 (*)
      │   │   │   │   └── sp1-hypercube v6.3.1 (*)
      │   │   │   ├── slop-whir v6.3.1 (*)
      │   │   │   └── sp1-hypercube v6.3.1 (*)
      │   │   ├── slop-stacked v6.3.1 (*)
      │   │   ├── slop-whir v6.3.1 (*)
      │   │   └── sp1-hypercube v6.3.1 (*)
      │   ├── slop-dft v6.3.1
      │   │   ├── slop-basefold-prover v6.3.1 (*)
      │   │   └── slop-whir v6.3.1 (*)
      │   ├── slop-jagged v6.3.1 (*)
      │   ├── slop-merkle-tree v6.3.1 (*)
      │   ├── slop-multilinear v6.3.1 (*)
      │   ├── slop-stacked v6.3.1 (*)
      │   ├── slop-sumcheck v6.3.1 (*)
      │   ├── slop-tensor v6.3.1
      │   │   ├── slop-basefold v6.3.1 (*)
      │   │   ├── slop-basefold-prover v6.3.1 (*)
      │   │   ├── slop-dft v6.3.1 (*)
      │   │   ├── slop-jagged v6.3.1 (*)
      │   │   ├── slop-merkle-tree v6.3.1 (*)
      │   │   ├── slop-multilinear v6.3.1 (*)
      │   │   ├── slop-stacked v6.3.1 (*)
      │   │   ├── slop-whir v6.3.1 (*)
      │   │   └── sp1-hypercube v6.3.1 (*)
      │   ├── slop-whir v6.3.1 (*)
      │   └── sp1-hypercube v6.3.1 (*)
      ├── slop-basefold v6.3.1 (*)
      ├── slop-basefold-prover v6.3.1 (*)
      ├── slop-futures v6.3.1
      │   ├── slop-basefold-prover v6.3.1 (*)
      │   ├── slop-jagged v6.3.1 (*)
      │   ├── slop-merkle-tree v6.3.1 (*)
      │   ├── slop-multilinear v6.3.1 (*)
      │   ├── slop-stacked v6.3.1 (*)
      │   ├── slop-tensor v6.3.1 (*)
      │   └── sp1-hypercube v6.3.1 (*)
      ├── slop-jagged v6.3.1 (*)
      ├── slop-merkle-tree v6.3.1 (*)
      ├── slop-stacked v6.3.1 (*)
      ├── slop-sumcheck v6.3.1 (*)
      ├── slop-tensor v6.3.1 (*)
      ├── slop-whir v6.3.1 (*)
      ├── sp1-hypercube v6.3.1 (*)
      ├── sp1-recursion-executor v6.3.1 (*)
      └── tracing-forest v0.1.6
          └── slop-utils v6.3.1
              ├── slop-basefold v6.3.1 (*)
              ├── slop-jagged v6.3.1 (*)
              ├── slop-merkle-tree v6.3.1 (*)
              └── slop-whir v6.3.1 (*)
    ├ thiserror v2.0.18
      ├── alloy-trie v0.9.5
      │   └── arc-conformance v0.1.0
      ├── arc-conformance v0.1.0 (*)
      └── sp1-verifier v6.3.1
          └── postfiat-execution v0.1.0
              ├── postfiat-bench v0.1.0
              ├── postfiat-fastpay-prototype v0.1.0
              ├── postfiat-fuzz v0.1.0
              ├── postfiat-node v0.1.0
              │   ├── postfiat-cobalt-e2-harness v0.1.0
              │   ├── postfiat-cobalt-e3-harness v0.1.0
              │   └── postfiat-fuzz v0.1.0 (*)
              └── postfiat-rpc-sdk v0.1.0
                  ├── postfiat-node v0.1.0 (*)
                  └── postfiat-wallet-wasm v0.1.0

warning[duplicate]: found 2 duplicate entries for crate 'thiserror-impl'
    ┌─ /home/postfiatchad/repos/postfiatl1v2-release-20260915/Cargo.lock:347:1
    │  
347 │ ╭ thiserror-impl 1.0.69 registry+https://github.com/rust-lang/crates.io-index
348 │ │ thiserror-impl 2.0.18 registry+https://github.com/rust-lang/crates.io-index
    │ ╰───────────────────────────────────────────────────────────────────────────┘ lock entries
    │  
    ├ thiserror-impl v1.0.69
      └── thiserror v1.0.69
          ├── reddsa v0.5.1
          │   └── orchard v0.14.0
          │       ├── postfiat-fuzz v0.1.0
          │       ├── (dev) postfiat-node v0.1.0
          │       │   ├── postfiat-cobalt-e2-harness v0.1.0
          │       │   ├── postfiat-cobalt-e3-harness v0.1.0
          │       │   └── postfiat-fuzz v0.1.0 (*)
          │       └── postfiat-privacy-orchard v0.1.0
          │           ├── postfiat-fuzz v0.1.0 (*)
          │           └── postfiat-node v0.1.0 (*)
          ├── slop-alloc v6.3.1
          │   ├── slop-basefold v6.3.1
          │   │   ├── slop-basefold-prover v6.3.1
          │   │   │   ├── slop-jagged v6.3.1
          │   │   │   │   ├── slop-whir v6.3.1
          │   │   │   │   │   └── sp1-hypercube v6.3.1
          │   │   │   │   │       ├── (build) sp1-recursion-executor v6.3.1
          │   │   │   │   │       │   ├── (build) sp1-recursion-machine v6.3.1
          │   │   │   │   │       │   │   └── sp1-verifier v6.3.1
          │   │   │   │   │       │   │       └── postfiat-execution v0.1.0
          │   │   │   │   │       │   │           ├── postfiat-bench v0.1.0
          │   │   │   │   │       │   │           ├── postfiat-fastpay-prototype v0.1.0
          │   │   │   │   │       │   │           ├── postfiat-fuzz v0.1.0 (*)
          │   │   │   │   │       │   │           ├── postfiat-node v0.1.0 (*)
          │   │   │   │   │       │   │           └── postfiat-rpc-sdk v0.1.0
          │   │   │   │   │       │   │               ├── postfiat-node v0.1.0 (*)
          │   │   │   │   │       │   │               └── postfiat-wallet-wasm v0.1.0
          │   │   │   │   │       │   └── sp1-verifier v6.3.1 (*)
          │   │   │   │   │       ├── (build) sp1-recursion-machine v6.3.1 (*)
          │   │   │   │   │       └── sp1-verifier v6.3.1 (*)
          │   │   │   │   └── sp1-hypercube v6.3.1 (*)
          │   │   │   ├── slop-stacked v6.3.1
          │   │   │   │   ├── slop-jagged v6.3.1 (*)
          │   │   │   │   ├── slop-whir v6.3.1 (*)
          │   │   │   │   └── sp1-hypercube v6.3.1 (*)
          │   │   │   └── sp1-hypercube v6.3.1 (*)
          │   │   ├── slop-jagged v6.3.1 (*)
          │   │   ├── slop-stacked v6.3.1 (*)
          │   │   ├── slop-whir v6.3.1 (*)
          │   │   ├── sp1-hypercube v6.3.1 (*)
          │   │   └── sp1-recursion-machine v6.3.1 (*)
          │   ├── slop-basefold-prover v6.3.1 (*)
          │   ├── slop-commit v6.3.1
          │   │   ├── slop-basefold-prover v6.3.1 (*)
          │   │   ├── slop-jagged v6.3.1 (*)
          │   │   ├── slop-merkle-tree v6.3.1
          │   │   │   ├── slop-basefold v6.3.1 (*)
          │   │   │   ├── slop-basefold-prover v6.3.1 (*)
          │   │   │   ├── slop-jagged v6.3.1 (*)
          │   │   │   ├── slop-stacked v6.3.1 (*)
          │   │   │   ├── slop-whir v6.3.1 (*)
          │   │   │   └── sp1-hypercube v6.3.1 (*)
          │   │   ├── slop-multilinear v6.3.1
          │   │   │   ├── slop-basefold v6.3.1 (*)
          │   │   │   ├── slop-basefold-prover v6.3.1 (*)
          │   │   │   ├── slop-jagged v6.3.1 (*)
          │   │   │   ├── slop-stacked v6.3.1 (*)
          │   │   │   ├── slop-sumcheck v6.3.1
          │   │   │   │   ├── slop-jagged v6.3.1 (*)
          │   │   │   │   └── sp1-hypercube v6.3.1 (*)
          │   │   │   ├── slop-whir v6.3.1 (*)
          │   │   │   └── sp1-hypercube v6.3.1 (*)
          │   │   ├── slop-stacked v6.3.1 (*)
          │   │   ├── slop-whir v6.3.1 (*)
          │   │   └── sp1-hypercube v6.3.1 (*)
          │   ├── slop-dft v6.3.1
          │   │   ├── slop-basefold-prover v6.3.1 (*)
          │   │   └── slop-whir v6.3.1 (*)
          │   ├── slop-jagged v6.3.1 (*)
          │   ├── slop-merkle-tree v6.3.1 (*)
          │   ├── slop-multilinear v6.3.1 (*)
          │   ├── slop-stacked v6.3.1 (*)
          │   ├── slop-sumcheck v6.3.1 (*)
          │   ├── slop-tensor v6.3.1
          │   │   ├── slop-basefold v6.3.1 (*)
          │   │   ├── slop-basefold-prover v6.3.1 (*)
          │   │   ├── slop-dft v6.3.1 (*)
          │   │   ├── slop-jagged v6.3.1 (*)
          │   │   ├── slop-merkle-tree v6.3.1 (*)
          │   │   ├── slop-multilinear v6.3.1 (*)
          │   │   ├── slop-stacked v6.3.1 (*)
          │   │   ├── slop-whir v6.3.1 (*)
          │   │   └── sp1-hypercube v6.3.1 (*)
          │   ├── slop-whir v6.3.1 (*)
          │   └── sp1-hypercube v6.3.1 (*)
          ├── slop-basefold v6.3.1 (*)
          ├── slop-basefold-prover v6.3.1 (*)
          ├── slop-futures v6.3.1
          │   ├── slop-basefold-prover v6.3.1 (*)
          │   ├── slop-jagged v6.3.1 (*)
          │   ├── slop-merkle-tree v6.3.1 (*)
          │   ├── slop-multilinear v6.3.1 (*)
          │   ├── slop-stacked v6.3.1 (*)
          │   ├── slop-tensor v6.3.1 (*)
          │   └── sp1-hypercube v6.3.1 (*)
          ├── slop-jagged v6.3.1 (*)
          ├── slop-merkle-tree v6.3.1 (*)
          ├── slop-stacked v6.3.1 (*)
          ├── slop-sumcheck v6.3.1 (*)
          ├── slop-tensor v6.3.1 (*)
          ├── slop-whir v6.3.1 (*)
          ├── sp1-hypercube v6.3.1 (*)
          ├── sp1-recursion-executor v6.3.1 (*)
          └── tracing-forest v0.1.6
              └── slop-utils v6.3.1
                  ├── slop-basefold v6.3.1 (*)
                  ├── slop-jagged v6.3.1 (*)
                  ├── slop-merkle-tree v6.3.1 (*)
                  └── slop-whir v6.3.1 (*)
    ├ thiserror-impl v2.0.18
      └── thiserror v2.0.18
          ├── alloy-trie v0.9.5
          │   └── arc-conformance v0.1.0
          ├── arc-conformance v0.1.0 (*)
          └── sp1-verifier v6.3.1
              └── postfiat-execution v0.1.0
                  ├── postfiat-bench v0.1.0
                  ├── postfiat-fastpay-prototype v0.1.0
                  ├── postfiat-fuzz v0.1.0
                  ├── postfiat-node v0.1.0
                  │   ├── postfiat-cobalt-e2-harness v0.1.0
                  │   ├── postfiat-cobalt-e3-harness v0.1.0
                  │   └── postfiat-fuzz v0.1.0 (*)
                  └── postfiat-rpc-sdk v0.1.0
                      ├── postfiat-node v0.1.0 (*)
                      └── postfiat-wallet-wasm v0.1.0

advisories ok, bans ok, licenses ok, sources ok
