reproduce-current-v2-identities	Build both guests twice from clean source trees	﻿2026-09-15T23:38:18.8693270Z ##[group]Run set -euo pipefail
reproduce-current-v2-identities	Build both guests twice from clean source trees	2026-09-15T23:38:18.8693778Z [36;1mset -euo pipefail[0m
reproduce-current-v2-identities	Build both guests twice from clean source trees	2026-09-15T23:38:18.8694077Z [36;1mexport PATH="$HOME/.sp1/bin:$PATH"[0m
reproduce-current-v2-identities	Build both guests twice from clean source trees	2026-09-15T23:38:18.8694460Z [36;1mroot="$RUNNER_TEMP/arc-proof-identities"[0m
reproduce-current-v2-identities	Build both guests twice from clean source trees	2026-09-15T23:38:18.8694933Z [36;1mmkdir -p "$root/src-a" "$root/src-b" \[0m
reproduce-current-v2-identities	Build both guests twice from clean source trees	2026-09-15T23:38:18.8695295Z [36;1m  "$root/out-a/ingress" "$root/out-a/egress" \[0m
reproduce-current-v2-identities	Build both guests twice from clean source trees	2026-09-15T23:38:18.8695670Z [36;1m  "$root/out-b/ingress" "$root/out-b/egress" \[0m
reproduce-current-v2-identities	Build both guests twice from clean source trees	2026-09-15T23:38:18.8696002Z [36;1m  "$root/report"[0m
reproduce-current-v2-identities	Build both guests twice from clean source trees	2026-09-15T23:38:18.8696347Z [36;1mgit archive "$SOURCE_COMMIT" | tar -x -C "$root/src-a"[0m
reproduce-current-v2-identities	Build both guests twice from clean source trees	2026-09-15T23:38:18.8696807Z [36;1mgit archive "$SOURCE_COMMIT" | tar -x -C "$root/src-b"[0m
reproduce-current-v2-identities	Build both guests twice from clean source trees	2026-09-15T23:38:18.8697141Z [36;1m[0m
reproduce-current-v2-identities	Build both guests twice from clean source trees	2026-09-15T23:38:18.8697397Z [36;1mbuild_pair() {[0m
reproduce-current-v2-identities	Build both guests twice from clean source trees	2026-09-15T23:38:18.8697665Z [36;1m  local source="$1"[0m
reproduce-current-v2-identities	Build both guests twice from clean source trees	2026-09-15T23:38:18.8697958Z [36;1m  local output="$2"[0m
reproduce-current-v2-identities	Build both guests twice from clean source trees	2026-09-15T23:38:18.8698250Z [36;1m  ([0m
reproduce-current-v2-identities	Build both guests twice from clean source trees	2026-09-15T23:38:18.8698608Z [36;1m    cd "$source/programs/pfusdc-arc-ingress"[0m
reproduce-current-v2-identities	Build both guests twice from clean source trees	2026-09-15T23:38:18.8699012Z [36;1m    cargo prove build --docker --tag v6.3.1 --locked \[0m
reproduce-current-v2-identities	Build both guests twice from clean source trees	2026-09-15T23:38:18.8699401Z [36;1m      --workspace-directory "$source" \[0m
reproduce-current-v2-identities	Build both guests twice from clean source trees	2026-09-15T23:38:18.8699756Z [36;1m      --output-directory "$output/ingress"[0m
reproduce-current-v2-identities	Build both guests twice from clean source trees	2026-09-15T23:38:18.8700107Z [36;1m  )[0m
reproduce-current-v2-identities	Build both guests twice from clean source trees	2026-09-15T23:38:18.8700330Z [36;1m  ([0m
reproduce-current-v2-identities	Build both guests twice from clean source trees	2026-09-15T23:38:18.8701132Z [36;1m    cd "$source/programs/pfusdc-egress"[0m
reproduce-current-v2-identities	Build both guests twice from clean source trees	2026-09-15T23:38:18.8701543Z [36;1m    cargo prove build --docker --tag v6.3.1 --locked \[0m
reproduce-current-v2-identities	Build both guests twice from clean source trees	2026-09-15T23:38:18.8701912Z [36;1m      --workspace-directory "$source" \[0m
reproduce-current-v2-identities	Build both guests twice from clean source trees	2026-09-15T23:38:18.8702263Z [36;1m      --output-directory "$output/egress"[0m
reproduce-current-v2-identities	Build both guests twice from clean source trees	2026-09-15T23:38:18.8702576Z [36;1m  )[0m
reproduce-current-v2-identities	Build both guests twice from clean source trees	2026-09-15T23:38:18.8702827Z [36;1m}[0m
reproduce-current-v2-identities	Build both guests twice from clean source trees	2026-09-15T23:38:18.8703112Z [36;1mbuild_pair "$root/src-a" "$root/out-a"[0m
reproduce-current-v2-identities	Build both guests twice from clean source trees	2026-09-15T23:38:18.8703493Z [36;1mbuild_pair "$root/src-b" "$root/out-b"[0m
reproduce-current-v2-identities	Build both guests twice from clean source trees	2026-09-15T23:38:18.8703833Z [36;1m[0m
reproduce-current-v2-identities	Build both guests twice from clean source trees	2026-09-15T23:38:18.8704154Z [36;1mingress_a="$root/out-a/ingress/pfusdc-arc-ingress-program"[0m
reproduce-current-v2-identities	Build both guests twice from clean source trees	2026-09-15T23:38:18.8704604Z [36;1mingress_b="$root/out-b/ingress/pfusdc-arc-ingress-program"[0m
reproduce-current-v2-identities	Build both guests twice from clean source trees	2026-09-15T23:38:18.8705046Z [36;1megress_a="$root/out-a/egress/pfusdc-egress-program"[0m
reproduce-current-v2-identities	Build both guests twice from clean source trees	2026-09-15T23:38:18.8705439Z [36;1megress_b="$root/out-b/egress/pfusdc-egress-program"[0m
reproduce-current-v2-identities	Build both guests twice from clean source trees	2026-09-15T23:38:18.8705835Z [36;1mtest -s "$ingress_a" && test -s "$ingress_b"[0m
reproduce-current-v2-identities	Build both guests twice from clean source trees	2026-09-15T23:38:18.8706198Z [36;1mtest -s "$egress_a" && test -s "$egress_b"[0m
reproduce-current-v2-identities	Build both guests twice from clean source trees	2026-09-15T23:38:18.8706580Z [36;1mingress_sha="$(sha256sum "$ingress_a" | cut -d' ' -f1)"[0m
reproduce-current-v2-identities	Build both guests twice from clean source trees	2026-09-15T23:38:18.8706993Z [36;1mingress_b_sha="$(sha256sum "$ingress_b" | cut -d' ' -f1)"[0m
reproduce-current-v2-identities	Build both guests twice from clean source trees	2026-09-15T23:38:18.8707366Z [36;1megress_sha="$(sha256sum "$egress_a" | cut -d' ' -f1)"[0m
reproduce-current-v2-identities	Build both guests twice from clean source trees	2026-09-15T23:38:18.8707762Z [36;1megress_b_sha="$(sha256sum "$egress_b" | cut -d' ' -f1)"[0m
reproduce-current-v2-identities	Build both guests twice from clean source trees	2026-09-15T23:38:18.8708188Z [36;1mprintf 'arc-ingress build-a=%s build-b=%s\n' "$ingress_sha" "$ingress_b_sha"[0m
reproduce-current-v2-identities	Build both guests twice from clean source trees	2026-09-15T23:38:18.8708670Z [36;1mprintf 'egress build-a=%s build-b=%s\n' "$egress_sha" "$egress_b_sha"[0m
reproduce-current-v2-identities	Build both guests twice from clean source trees	2026-09-15T23:38:18.8709106Z [36;1mtest "$ingress_sha" = "$ingress_b_sha"[0m
reproduce-current-v2-identities	Build both guests twice from clean source trees	2026-09-15T23:38:18.8709412Z [36;1mtest "$egress_sha" = "$egress_b_sha"[0m
reproduce-current-v2-identities	Build both guests twice from clean source trees	2026-09-15T23:38:18.8709742Z [36;1mcmp "$ingress_a" "$ingress_b"[0m
reproduce-current-v2-identities	Build both guests twice from clean source trees	2026-09-15T23:38:18.8710034Z [36;1mcmp "$egress_a" "$egress_b"[0m
reproduce-current-v2-identities	Build both guests twice from clean source trees	2026-09-15T23:38:18.8710316Z [36;1m[0m
reproduce-current-v2-identities	Build both guests twice from clean source trees	2026-09-15T23:38:18.8710874Z [36;1mexpected_ingress_sha="$(jq -r .arc_ingress.elf_sha256 "$EXPECTED")"[0m
reproduce-current-v2-identities	Build both guests twice from clean source trees	2026-09-15T23:38:18.8711342Z [36;1mexpected_egress_sha="$(jq -r .egress.elf_sha256 "$EXPECTED")"[0m
reproduce-current-v2-identities	Build both guests twice from clean source trees	2026-09-15T23:38:18.8711861Z [36;1mprintf 'arc-ingress rebuilt=%s expected=%s\n' "$ingress_sha" "$expected_ingress_sha"[0m
reproduce-current-v2-identities	Build both guests twice from clean source trees	2026-09-15T23:38:18.8712419Z [36;1mprintf 'egress rebuilt=%s expected=%s\n' "$egress_sha" "$expected_egress_sha"[0m
reproduce-current-v2-identities	Build both guests twice from clean source trees	2026-09-15T23:38:18.8712814Z [36;1m[0m
reproduce-current-v2-identities	Build both guests twice from clean source trees	2026-09-15T23:38:18.8713187Z [36;1mcp "$ingress_a" "$root/report/pfusdc-arc-ingress-program"[0m
reproduce-current-v2-identities	Build both guests twice from clean source trees	2026-09-15T23:38:18.8713732Z [36;1mcp "$egress_a" "$root/report/pfusdc-egress-program"[0m
reproduce-current-v2-identities	Build both guests twice from clean source trees	2026-09-15T23:38:18.8714234Z [36;1mcp "$ingress_a" "$root/src-a/programs/pfusdc-arc-ingress/elf/pfusdc-arc-ingress-program"[0m
reproduce-current-v2-identities	Build both guests twice from clean source trees	2026-09-15T23:38:18.8715206Z [36;1mcp "$egress_a" "$root/src-a/programs/pfusdc-egress/elf/pfusdc-egress-program"[0m
reproduce-current-v2-identities	Build both guests twice from clean source trees	2026-09-15T23:38:18.8715781Z [36;1mcargo run --locked --release --no-default-features \[0m
reproduce-current-v2-identities	Build both guests twice from clean source trees	2026-09-15T23:38:18.8716318Z [36;1m  --manifest-path "$root/src-a/tools/pfusdc-tier4-prover/Cargo.toml" -- \[0m
reproduce-current-v2-identities	Build both guests twice from clean source trees	2026-09-15T23:38:18.8716834Z [36;1m  program-info --output "$root/report/program-info.json"[0m
reproduce-current-v2-identities	Build both guests twice from clean source trees	2026-09-15T23:38:18.8717269Z [36;1mjq -e --slurpfile expected "$EXPECTED" '[0m
reproduce-current-v2-identities	Build both guests twice from clean source trees	2026-09-15T23:38:18.8717654Z [36;1m  .arc_ingress == $expected[0].arc_ingress and[0m
reproduce-current-v2-identities	Build both guests twice from clean source trees	2026-09-15T23:38:18.8718028Z [36;1m  .egress == $expected[0].egress and[0m
reproduce-current-v2-identities	Build both guests twice from clean source trees	2026-09-15T23:38:18.8718432Z [36;1m  .sp1_sdk_version == "6.3.1"[0m
reproduce-current-v2-identities	Build both guests twice from clean source trees	2026-09-15T23:38:18.8718824Z [36;1m' "$root/report/program-info.json"[0m
reproduce-current-v2-identities	Build both guests twice from clean source trees	2026-09-15T23:38:18.8719192Z [36;1m[0m
reproduce-current-v2-identities	Build both guests twice from clean source trees	2026-09-15T23:38:18.8719547Z [36;1mdocker_image="$(docker image inspect ghcr.io/succinctlabs/sp1:v6.3.1 \[0m
reproduce-current-v2-identities	Build both guests twice from clean source trees	2026-09-15T23:38:18.8719971Z [36;1m  --format '{{index .RepoDigests 0}}')"[0m
reproduce-current-v2-identities	Build both guests twice from clean source trees	2026-09-15T23:38:18.8720351Z [36;1mrust_version="$(rustc +1.95.0 --version)"[0m
reproduce-current-v2-identities	Build both guests twice from clean source trees	2026-09-15T23:38:18.8721006Z [36;1mcargo_prove_version="$(cargo prove --version)"[0m
reproduce-current-v2-identities	Build both guests twice from clean source trees	2026-09-15T23:38:18.8721381Z [36;1mjq -n \[0m
reproduce-current-v2-identities	Build both guests twice from clean source trees	2026-09-15T23:38:18.8721660Z [36;1m  --arg source_commit "$SOURCE_COMMIT" \[0m
reproduce-current-v2-identities	Build both guests twice from clean source trees	2026-09-15T23:38:18.8722004Z [36;1m  --arg ingress_sha256 "$ingress_sha" \[0m
reproduce-current-v2-identities	Build both guests twice from clean source trees	2026-09-15T23:38:18.8722365Z [36;1m  --arg egress_sha256 "$egress_sha" \[0m
reproduce-current-v2-identities	Build both guests twice from clean source trees	2026-09-15T23:38:18.8722876Z [36;1m  --arg ingress_lock_sha256 "$(sha256sum "$root/src-a/programs/pfusdc-arc-ingress/Cargo.lock" | cut -d' ' -f1)" \[0m
reproduce-current-v2-identities	Build both guests twice from clean source trees	2026-09-15T23:38:18.8723545Z [36;1m  --arg egress_lock_sha256 "$(sha256sum "$root/src-a/programs/pfusdc-egress/Cargo.lock" | cut -d' ' -f1)" \[0m
reproduce-current-v2-identities	Build both guests twice from clean source trees	2026-09-15T23:38:18.8724065Z [36;1m  --arg docker_image "$docker_image" \[0m
reproduce-current-v2-identities	Build both guests twice from clean source trees	2026-09-15T23:38:18.8724437Z [36;1m  --arg rust_version "$rust_version" \[0m
reproduce-current-v2-identities	Build both guests twice from clean source trees	2026-09-15T23:38:18.8724817Z [36;1m  --arg cargo_prove_version "$cargo_prove_version" \[0m
reproduce-current-v2-identities	Build both guests twice from clean source trees	2026-09-15T23:38:18.8725160Z [36;1m  '{[0m
reproduce-current-v2-identities	Build both guests twice from clean source trees	2026-09-15T23:38:18.8725496Z [36;1m    schema:"postfiat.pfusdc.arc_proof_identity_reproduction.v1",[0m
reproduce-current-v2-identities	Build both guests twice from clean source trees	2026-09-15T23:38:18.8725900Z [36;1m    source_commit:$source_commit,[0m
reproduce-current-v2-identities	Build both guests twice from clean source trees	2026-09-15T23:38:18.8726238Z [36;1m    build_count_per_guest:2,[0m
reproduce-current-v2-identities	Build both guests twice from clean source trees	2026-09-15T23:38:18.8726606Z [36;1m    clean_source_trees:2,[0m
reproduce-current-v2-identities	Build both guests twice from clean source trees	2026-09-15T23:38:18.8726903Z [36;1m    byte_exact_replay:true,[0m
reproduce-current-v2-identities	Build both guests twice from clean source trees	2026-09-15T23:38:18.8727573Z [36;1m    arc_ingress_elf_sha256:$ingress_sha256,[0m
reproduce-current-v2-identities	Build both guests twice from clean source trees	2026-09-15T23:38:18.8727955Z [36;1m    egress_elf_sha256:$egress_sha256,[0m
reproduce-current-v2-identities	Build both guests twice from clean source trees	2026-09-15T23:38:18.8728305Z [36;1m    arc_ingress_lock_sha256:$ingress_lock_sha256,[0m
reproduce-current-v2-identities	Build both guests twice from clean source trees	2026-09-15T23:38:18.8728674Z [36;1m    egress_lock_sha256:$egress_lock_sha256,[0m
reproduce-current-v2-identities	Build both guests twice from clean source trees	2026-09-15T23:38:18.8729016Z [36;1m    docker_image:$docker_image,[0m
reproduce-current-v2-identities	Build both guests twice from clean source trees	2026-09-15T23:38:18.8729312Z [36;1m    rust_version:$rust_version,[0m
reproduce-current-v2-identities	Build both guests twice from clean source trees	2026-09-15T23:38:18.8729702Z [36;1m    cargo_prove_version:$cargo_prove_version[0m
reproduce-current-v2-identities	Build both guests twice from clean source trees	2026-09-15T23:38:18.8730074Z [36;1m  }' > "$root/report/reproduction.json"[0m
reproduce-current-v2-identities	Build both guests twice from clean source trees	2026-09-15T23:38:18.8730656Z [36;1msha256sum "$root/report/program-info.json" "$root/report/reproduction.json" \[0m
reproduce-current-v2-identities	Build both guests twice from clean source trees	2026-09-15T23:38:18.8731106Z [36;1m  > "$root/report/SHA256SUMS"[0m
reproduce-current-v2-identities	Build both guests twice from clean source trees	2026-09-15T23:38:18.8752943Z shell: /usr/bin/bash -e {0}
reproduce-current-v2-identities	Build both guests twice from clean source trees	2026-09-15T23:38:18.8753264Z env:
reproduce-current-v2-identities	Build both guests twice from clean source trees	2026-09-15T23:38:18.8753705Z   EXPECTED: docs/evidence/arc-mvp-20260828/program-info.current-v2-docker-20260902.json
reproduce-current-v2-identities	Build both guests twice from clean source trees	2026-09-15T23:38:18.8754208Z   SOURCE_COMMIT: dd276d70e0974fa17e7dfa3ad0b4e6cbd00349f3
reproduce-current-v2-identities	Build both guests twice from clean source trees	2026-09-15T23:38:18.8754559Z ##[endgroup]
reproduce-current-v2-identities	Build both guests twice from clean source trees	2026-09-15T23:39:39.5235910Z cargo:warning=docker: rustc +succinct --version: "rustc 1.94.0-dev\n"
reproduce-current-v2-identities	Build both guests twice from clean source trees	2026-09-15T23:39:41.6924094Z cargo:warning=docker: rustc_bin: "/root/.sp1/toolchains/g7wv95WZT7/bin/rustc"
reproduce-current-v2-identities	Build both guests twice from clean source trees	2026-09-15T23:39:51.6982572Z [sp1] [docker]  info: `cargo` is unavailable for the active toolchain
reproduce-current-v2-identities	Build both guests twice from clean source trees	2026-09-15T23:39:51.6983548Z [sp1] [docker]  info: falling back to "/root/.rustup/toolchains/stable-x86_64-unknown-linux-gnu/bin/cargo"
reproduce-current-v2-identities	Build both guests twice from clean source trees	2026-09-15T23:39:51.7514726Z [sp1] [docker]  [1m[92m    Updating[0m git repository `https://github.com/sp1-patches/curve25519-dalek`
reproduce-current-v2-identities	Build both guests twice from clean source trees	2026-09-15T23:39:52.8522516Z [sp1] [docker]  [1m[92m    Updating[0m git repository `https://github.com/sp1-patches/RustCrypto-hashes`
reproduce-current-v2-identities	Build both guests twice from clean source trees	2026-09-15T23:39:53.7302641Z [sp1] [docker]  [1m[92m    Updating[0m crates.io index
reproduce-current-v2-identities	Build both guests twice from clean source trees	2026-09-15T23:39:54.5839372Z [sp1] [docker]  [1m[33mwarning[0m: patch `tiny-keccak v2.0.2 (https://github.com/sp1-patches/tiny-keccak?tag=patch-2.0.2-sp1-6.0.0#957430a4)` was not used in the crate graph
reproduce-current-v2-identities	Build both guests twice from clean source trees	2026-09-15T23:39:54.5840879Z [sp1] [docker]  [1m[96mhelp[0m: Check that the patched package version and available features are compatible
reproduce-current-v2-identities	Build both guests twice from clean source trees	2026-09-15T23:39:54.5841525Z [sp1] [docker]        with the dependency requirements. If the patch has a different version from
reproduce-current-v2-identities	Build both guests twice from clean source trees	2026-09-15T23:39:54.5842146Z [sp1] [docker]        what is locked in the Cargo.lock file, run `cargo update` to use the new
reproduce-current-v2-identities	Build both guests twice from clean source trees	2026-09-15T23:39:54.5842733Z [sp1] [docker]        version. This may also occur with an optional dependency that is not enabled.
reproduce-current-v2-identities	Build both guests twice from clean source trees	2026-09-15T23:39:54.6519041Z [sp1] [docker]  [1m[92m Downloading[0m crates ...
reproduce-current-v2-identities	Build both guests twice from clean source trees	2026-09-15T23:39:54.8015958Z [sp1] [docker]  [1m[92m  Downloaded[0m alloy-rlp-derive v0.3.16
reproduce-current-v2-identities	Build both guests twice from clean source trees	2026-09-15T23:39:54.8065482Z [sp1] [docker]  [1m[92m  Downloaded[0m alloy-rlp v0.3.12
reproduce-current-v2-identities	Build both guests twice from clean source trees	2026-09-15T23:39:54.8467710Z [sp1] [docker]  [1m[92m  Downloaded[0m ark-ff v0.6.0
reproduce-current-v2-identities	Build both guests twice from clean source trees	2026-09-15T23:39:54.8603832Z [sp1] [docker]  [1m[92m  Downloaded[0m ark-ff-asm v0.6.0
reproduce-current-v2-identities	Build both guests twice from clean source trees	2026-09-15T23:39:54.8709726Z [sp1] [docker]  [1m[92m  Downloaded[0m cpufeatures v0.3.1
reproduce-current-v2-identities	Build both guests twice from clean source trees	2026-09-15T23:39:54.8719942Z [sp1] [docker]  [1m[92m  Downloaded[0m cfg_aliases v0.2.2
reproduce-current-v2-identities	Build both guests twice from clean source trees	2026-09-15T23:39:54.8836942Z [sp1] [docker]  [1m[92m  Downloaded[0m time-macros v0.2.32
reproduce-current-v2-identities	Build both guests twice from clean source trees	2026-09-15T23:39:54.8937771Z [sp1] [docker]  [1m[92m  Downloaded[0m sp1-primitives v6.3.1
reproduce-current-v2-identities	Build both guests twice from clean source trees	2026-09-15T23:39:54.9080815Z [sp1] [docker]  [1m[92m  Downloaded[0m thiserror-impl v2.0.20
reproduce-current-v2-identities	Build both guests twice from clean source trees	2026-09-15T23:39:54.9210051Z [sp1] [docker]  [1m[92m  Downloaded[0m ref-cast v1.0.27
reproduce-current-v2-identities	Build both guests twice from clean source trees	2026-09-15T23:39:54.9229849Z [sp1] [docker]  [1m[92m  Downloaded[0m slop-primitives v6.5.0
reproduce-current-v2-identities	Build both guests twice from clean source trees	2026-09-15T23:39:54.9237171Z [sp1] [docker]  [1m[92m  Downloaded[0m ref-cast-impl v1.0.27
reproduce-current-v2-identities	Build both guests twice from clean source trees	2026-09-15T23:39:54.9279179Z [sp1] [docker]  [1m[92m  Downloaded[0m slop-koala-bear v6.5.0
reproduce-current-v2-identities	Build both guests twice from clean source trees	2026-09-15T23:39:54.9286856Z [sp1] [docker]  [1m[92m  Downloaded[0m futures-task v0.3.34
reproduce-current-v2-identities	Build both guests twice from clean source trees	2026-09-15T23:39:54.9299731Z [sp1] [docker]  [1m[92m  Downloaded[0m num-conv v0.2.2
reproduce-current-v2-identities	Build both guests twice from clean source trees	2026-09-15T23:39:54.9446001Z [sp1] [docker]  [1m[92m  Downloaded[0m zeroize_derive v1.5.0
reproduce-current-v2-identities	Build both guests twice from clean source trees	2026-09-15T23:39:54.9485256Z [sp1] [docker]  [1m[92m  Downloaded[0m toml_edit v0.25.13+spec-1.1.0
reproduce-current-v2-identities	Build both guests twice from clean source trees	2026-09-15T23:39:54.9513123Z [sp1] [docker]  [1m[92m  Downloaded[0m keccak-asm v0.1.8
reproduce-current-v2-identities	Build both guests twice from clean source trees	2026-09-15T23:39:54.9523765Z [sp1] [docker]  [1m[92m  Downloaded[0m slop-poseidon2 v6.5.0
reproduce-current-v2-identities	Build both guests twice from clean source trees	2026-09-15T23:39:54.9531330Z [sp1] [docker]  [1m[92m  Downloaded[0m slop-algebra v6.5.0
reproduce-current-v2-identities	Build both guests twice from clean source trees	2026-09-15T23:39:54.9558783Z [sp1] [docker]  [1m[92m  Downloaded[0m bitcoin-io v0.1.101
reproduce-current-v2-identities	Build both guests twice from clean source trees	2026-09-15T23:39:54.9567968Z [sp1] [docker]  [1m[92m  Downloaded[0m ark-serialize-derive v0.6.0
reproduce-current-v2-identities	Build both guests twice from clean source trees	2026-09-15T23:39:54.9577195Z [sp1] [docker]  [1m[92m  Downloaded[0m slop-bn254 v6.5.0
reproduce-current-v2-identities	Build both guests twice from clean source trees	2026-09-15T23:39:54.9587544Z [sp1] [docker]  [1m[92m  Downloaded[0m futures-macro v0.3.34
reproduce-current-v2-identities	Build both guests twice from clean source trees	2026-09-15T23:39:54.9620093Z [sp1] [docker]  [1m[92m  Downloaded[0m time-core v0.1.9
reproduce-current-v2-identities	Build both guests twice from clean source trees	2026-09-15T23:39:54.9834818Z [sp1] [docker]  [1m[92m  Downloaded[0m enum-ordinalize-derive v4.4.2
reproduce-current-v2-identities	Build both guests twice from clean source trees	2026-09-15T23:39:54.9862899Z [sp1] [docker]  [1m[92m  Downloaded[0m slop-symmetric v6.5.0
reproduce-current-v2-identities	Build both guests twice from clean source trees	2026-09-15T23:39:54.9881778Z [sp1] [docker]  [1m[92m  Downloaded[0m futures-io v0.3.34
reproduce-current-v2-identities	Build both guests twice from clean source trees	2026-09-15T23:39:54.9888964Z [sp1] [docker]  [1m[92m  Downloaded[0m defmt-parser v1.0.0
reproduce-current-v2-identities	Build both guests twice from clean source trees	2026-09-15T23:39:54.9940336Z [sp1] [docker]  [1m[92m  Downloaded[0m slop-challenger v6.5.0
reproduce-current-v2-identities	Build both guests twice from clean source trees	2026-09-15T23:39:54.9973425Z [sp1] [docker]  [1m[92m  Downloaded[0m futures-sink v0.3.34
reproduce-current-v2-identities	Build both guests twice from clean source trees	2026-09-15T23:39:55.0015972Z [sp1] [docker]  [1m[92m  Downloaded[0m zeroize v1.9.0
reproduce-current-v2-identities	Build both guests twice from clean source trees	2026-09-15T23:39:55.0061176Z [sp1] [docker]  [1m[92m  Downloaded[0m zmij v1.0.23
reproduce-current-v2-identities	Build both guests twice from clean source trees	2026-09-15T23:39:55.0124435Z [sp1] [docker]  [1m[92m  Downloaded[0m toml_parser v1.1.3+spec-1.1.0
reproduce-current-v2-identities	Build both guests twice from clean source trees	2026-09-15T23:39:55.0141257Z [sp1] [docker]  [1m[92m  Downloaded[0m rustc-hash v2.1.3
reproduce-current-v2-identities	Build both guests twice from clean source trees	2026-09-15T23:39:55.0151491Z [sp1] [docker]  [1m[92m  Downloaded[0m enum-ordinalize v4.4.2
reproduce-current-v2-identities	Build both guests twice from clean source trees	2026-09-15T23:39:55.0175553Z [sp1] [docker]  [1m[92m  Downloaded[0m ark-std v0.6.0
reproduce-current-v2-identities	Build both guests twice from clean source trees	2026-09-15T23:39:55.0186943Z [sp1] [docker]  [1m[92m  Downloaded[0m futures-core v0.3.34
reproduce-current-v2-identities	Build both guests twice from clean source trees	2026-09-15T23:39:55.0197869Z [sp1] [docker]  [1m[92m  Downloaded[0m quote v1.0.47
reproduce-current-v2-identities	Build both guests twice from clean source trees	2026-09-15T23:39:55.0214894Z [sp1] [docker]  [1m[92m  Downloaded[0m alloy-eip7928 v0.3.7
reproduce-current-v2-identities	Build both guests twice from clean source trees	2026-09-15T23:39:55.0262174Z [sp1] [docker]  [1m[92m  Downloaded[0m autocfg v1.5.1
reproduce-current-v2-identities	Build both guests twice from clean source trees	2026-09-15T23:39:55.0344905Z [sp1] [docker]  [1m[92m  Downloaded[0m tinyvec v1.12.0
reproduce-current-v2-identities	Build both guests twice from clean source trees	2026-09-15T23:39:55.0450444Z [sp1] [docker]  [1m[92m  Downloaded[0m thiserror v2.0.20
reproduce-current-v2-identities	Build both guests twice from clean source trees	2026-09-15T23:39:55.0486756Z [sp1] [docker]  [1m[92m  Downloaded[0m rustversion v1.0.23
reproduce-current-v2-identities	Build both guests twice from clean source trees	2026-09-15T23:39:55.0504137Z [sp1] [docker]  [1m[92m  Downloaded[0m ark-ff-macros v0.6.0
reproduce-current-v2-identities	Build both guests twice from clean source trees	2026-09-15T23:39:55.0517255Z [sp1] [docker]  [1m[92m  Downloaded[0m num-integer v0.1.47
reproduce-current-v2-identities	Build both guests twice from clean source trees	2026-09-15T23:39:55.0527430Z [sp1] [docker]  [1m[92m  Downloaded[0m futures-executor v0.3.34
reproduce-current-v2-identities	Build both guests twice from clean source trees	2026-09-15T23:39:55.0538697Z [sp1] [docker]  [1m[92m  Downloaded[0m bitcoin-internals v0.6.0
reproduce-current-v2-identities	Build both guests twice from clean source trees	2026-09-15T23:39:55.0551654Z [sp1] [docker]  [1m[92m  Downloaded[0m ark-serialize v0.6.0
reproduce-current-v2-identities	Build both guests twice from clean source trees	2026-09-15T23:39:55.0564404Z [sp1] [docker]  [1m[92m  Downloaded[0m ed25519 v2.2.3
reproduce-current-v2-identities	Build both guests twice from clean source trees	2026-09-15T23:39:55.0576402Z [sp1] [docker]  [1m[92m  Downloaded[0m fastrand v2.5.0
reproduce-current-v2-identities	Build both guests twice from clean source trees	2026-09-15T23:39:55.0684072Z [sp1] [docker]  [1m[92m  Downloaded[0m unicode-segmentation v1.13.3
reproduce-current-v2-identities	Build both guests twice from clean source trees	2026-09-15T23:39:55.0706432Z [sp1] [docker]  [1m[92m  Downloaded[0m typenum v1.20.1
reproduce-current-v2-identities	Build both guests twice from clean source trees	2026-09-15T23:39:55.0731075Z [sp1] [docker]  [1m[92m  Downloaded[0m defmt-macros v1.1.1
reproduce-current-v2-identities	Build both guests twice from clean source trees	2026-09-15T23:39:55.0759067Z [sp1] [docker]  [1m[92m  Downloaded[0m sp1-zkvm v6.3.1
reproduce-current-v2-identities	Build both guests twice from clean source trees	2026-09-15T23:39:55.0780219Z [sp1] [docker]  [1m[92m  Downloaded[0m bitcoin-consensus-encoding v1.2.0
reproduce-current-v2-identities	Build both guests twice from clean source trees	2026-09-15T23:39:55.0798334Z [sp1] [docker]  [1m[92m  Downloaded[0m sp1-lib v6.3.1
reproduce-current-v2-identities	Build both guests twice from clean source trees	2026-09-15T23:39:55.0812407Z [sp1] [docker]  [1m[92m  Downloaded[0m serde_derive v1.0.229
reproduce-current-v2-identities	Build both guests twice from clean source trees	2026-09-15T23:39:55.0835957Z [sp1] [docker]  [1m[92m  Downloaded[0m syn-solidity v1.7.1
reproduce-current-v2-identities	Build both guests twice from clean source trees	2026-09-15T23:39:55.0869872Z [sp1] [docker]  [1m[92m  Downloaded[0m futures v0.3.34
reproduce-current-v2-identities	Build both guests twice from clean source trees	2026-09-15T23:39:55.0899707Z [sp1] [docker]  [1m[92m  Downloaded[0m hex-conservative v1.2.0
reproduce-current-v2-identities	Build both guests twice from clean source trees	2026-09-15T23:39:55.0914688Z [sp1] [docker]  [1m[92m  Downloaded[0m bitflags v2.13.1
reproduce-current-v2-identities	Build both guests twice from clean source trees	2026-09-15T23:39:55.0938882Z [sp1] [docker]  [1m[92m  Downloaded[0m bitcoin_hashes v0.14.101
reproduce-current-v2-identities	Build both guests twice from clean source trees	2026-09-15T23:39:55.0952934Z [sp1] [docker]  [1m[92m  Downloaded[0m rlsf v0.2.3
reproduce-current-v2-identities	Build both guests twice from clean source trees	2026-09-15T23:39:55.0967388Z [sp1] [docker]  [1m[92m  Downloaded[0m rapidhash v4.5.1
reproduce-current-v2-identities	Build both guests twice from clean source trees	2026-09-15T23:39:55.0989114Z [sp1] [docker]  [1m[92m  Downloaded[0m zerocopy v0.8.56
reproduce-current-v2-identities	Build both guests twice from clean source trees	2026-09-15T23:39:55.1112433Z [sp1] [docker]  [1m[92m  Downloaded[0m log v0.4.34
reproduce-current-v2-identities	Build both guests twice from clean source trees	2026-09-15T23:39:55.1134513Z [sp1] [docker]  [1m[92m  Downloaded[0m winnow v1.0.4
reproduce-current-v2-identities	Build both guests twice from clean source trees	2026-09-15T23:39:55.1194268Z [sp1] [docker]  [1m[92m  Downloaded[0m rand v0.9.5
reproduce-current-v2-identities	Build both guests twice from clean source trees	2026-09-15T23:39:55.1219459Z [sp1] [docker]  [1m[92m  Downloaded[0m schemars v1.2.2
reproduce-current-v2-identities	Build both guests twice from clean source trees	2026-09-15T23:39:55.1300405Z [sp1] [docker]  [1m[92m  Downloaded[0m indexmap v2.14.1
reproduce-current-v2-identities	Build both guests twice from clean source trees	2026-09-15T23:39:55.1325900Z [sp1] [docker]  [1m[92m  Downloaded[0m cc v1.4.4
reproduce-current-v2-identities	Build both guests twice from clean source trees	2026-09-15T23:39:55.1345275Z [sp1] [docker]  [1m[92m  Downloaded[0m memchr v2.8.3
reproduce-current-v2-identities	Build both guests twice from clean source trees	2026-09-15T23:39:55.1374241Z [sp1] [docker]  [1m[92m  Downloaded[0m ed25519-dalek v2.2.0
reproduce-current-v2-identities	Build both guests twice from clean source trees	2026-09-15T23:39:55.1392724Z [sp1] [docker]  [1m[92m  Downloaded[0m serde v1.0.229
reproduce-current-v2-identities	Build both guests twice from clean source trees	2026-09-15T23:39:55.1422169Z [sp1] [docker]  [1m[92m  Downloaded[0m num-bigint v0.4.8
reproduce-current-v2-identities	Build both guests twice from clean source trees	2026-09-15T23:39:55.1462611Z [sp1] [docker]  [1m[92m  Downloaded[0m ruint v1.20.0
reproduce-current-v2-identities	Build both guests twice from clean source trees	2026-09-15T23:39:55.1509196Z [sp1] [docker]  [1m[92m  Downloaded[0m serde_json v1.0.151
reproduce-current-v2-identities	Build both guests twice from clean source trees	2026-09-15T23:39:55.1553608Z [sp1] [docker]  [1m[92m  Downloaded[0m hashbrown v0.17.1
reproduce-current-v2-identities	Build both guests twice from clean source trees	2026-09-15T23:39:55.1587695Z [sp1] [docker]  [1m[92m  Downloaded[0m futures-util v0.3.34
reproduce-current-v2-identities	Build both guests twice from clean source trees	2026-09-15T23:39:55.1653339Z [sp1] [docker]  [1m[92m  Downloaded[0m pest v2.9.0
reproduce-current-v2-identities	Build both guests twice from clean source trees	2026-09-15T23:39:55.1682028Z [sp1] [docker]  [1m[92m  Downloaded[0m jiff-core v0.1.0
reproduce-current-v2-identities	Build both guests twice from clean source trees	2026-09-15T23:39:55.1704317Z [sp1] [docker]  [1m[92m  Downloaded[0m rand v0.8.8
reproduce-current-v2-identities	Build both guests twice from clean source trees	2026-09-15T23:39:55.1732081Z [sp1] [docker]  [1m[92m  Downloaded[0m bytes v1.12.1
reproduce-current-v2-identities	Build both guests twice from clean source trees	2026-09-15T23:39:55.1761249Z [sp1] [docker]  [1m[92m  Downloaded[0m serde_with v3.22.0
reproduce-current-v2-identities	Build both guests twice from clean source trees	2026-09-15T23:39:55.1843188Z [sp1] [docker]  [1m[92m  Downloaded[0m chrono v0.4.45
reproduce-current-v2-identities	Build both guests twice from clean source trees	2026-09-15T23:39:55.1890862Z [sp1] [docker]  [1m[92m  Downloaded[0m bitvec v1.1.1
reproduce-current-v2-identities	Build both guests twice from clean source trees	2026-09-15T23:39:55.1978345Z [sp1] [docker]  [1m[92m  Downloaded[0m blake3 v1.8.7
reproduce-current-v2-identities	Build both guests twice from clean source trees	2026-09-15T23:39:55.2028354Z [sp1] [docker]  [1m[92m  Downloaded[0m time v0.3.55
reproduce-current-v2-identities	Build both guests twice from clean source trees	2026-09-15T23:39:55.2116043Z [sp1] [docker]  [1m[92m  Downloaded[0m syn v2.0.119
reproduce-current-v2-identities	Build both guests twice from clean source trees	2026-09-15T23:39:55.2182909Z [sp1] [docker]  [1m[92m  Downloaded[0m regex-syntax v0.8.11
reproduce-current-v2-identities	Build both guests twice from clean source trees	2026-09-15T23:39:55.2233677Z [sp1] [docker]  [1m[92m  Downloaded[0m syn v3.0.4
reproduce-current-v2-identities	Build both guests twice from clean source trees	2026-09-15T23:39:55.2297900Z [sp1] [docker]  [1m[92m  Downloaded[0m blst v0.3.17
reproduce-current-v2-identities	Build both guests twice from clean source trees	2026-09-15T23:39:55.2379520Z [sp1] [docker]  [1m[92m  Downloaded[0m borsh v1.8.1
reproduce-current-v2-identities	Build both guests twice from clean source trees	2026-09-15T23:39:55.2414973Z [sp1] [docker]  [1m[92m  Downloaded[0m sha3-asm v0.1.8
reproduce-current-v2-identities	Build both guests twice from clean source trees	2026-09-15T23:39:55.2479808Z [sp1] [docker]  [1m[92m  Downloaded[0m serde_core v1.0.229
reproduce-current-v2-identities	Build both guests twice from clean source trees	2026-09-15T23:39:55.2497745Z [sp1] [docker]  [1m[92m  Downloaded[0m proc-macro2 v1.0.107
reproduce-current-v2-identities	Build both guests twice from clean source trees	2026-09-15T23:39:55.2514569Z [sp1] [docker]  [1m[92m  Downloaded[0m getrandom v0.4.3
reproduce-current-v2-identities	Build both guests twice from clean source trees	2026-09-15T23:39:55.2535506Z [sp1] [docker]  [1m[92m  Downloaded[0m half v1.8.3
reproduce-current-v2-identities	Build both guests twice from clean source trees	2026-09-15T23:39:55.2550080Z [sp1] [docker]  [1m[92m  Downloaded[0m futures-channel v0.3.34
reproduce-current-v2-identities	Build both guests twice from clean source trees	2026-09-15T23:39:55.2562483Z [sp1] [docker]  [1m[92m  Downloaded[0m find-msvc-tools v0.1.11
reproduce-current-v2-identities	Build both guests twice from clean source trees	2026-09-15T23:39:55.2573686Z [sp1] [docker]  [1m[92m  Downloaded[0m borsh-derive v1.8.1
reproduce-current-v2-identities	Build both guests twice from clean source trees	2026-09-15T23:39:55.2591906Z [sp1] [docker]  [1m[92m  Downloaded[0m arrayvec v0.7.8
reproduce-current-v2-identities	Build both guests twice from clean source trees	2026-09-15T23:39:55.2605301Z [sp1] [docker]  [1m[92m  Downloaded[0m smallvec v1.15.2
reproduce-current-v2-identities	Build both guests twice from clean source trees	2026-09-15T23:39:55.2615665Z [sp1] [docker]  [1m[92m  Downloaded[0m shlex v2.0.1
reproduce-current-v2-identities	Build both guests twice from clean source trees	2026-09-15T23:39:55.2623843Z [sp1] [docker]  [1m[92m  Downloaded[0m serde_with_macros v3.22.0
reproduce-current-v2-identities	Build both guests twice from clean source trees	2026-09-15T23:39:55.2635631Z [sp1] [docker]  [1m[92m  Downloaded[0m serde_cbor v0.11.2
reproduce-current-v2-identities	Build both guests twice from clean source trees	2026-09-15T23:39:55.2651437Z [sp1] [docker]  [1m[92m  Downloaded[0m either v1.18.0
reproduce-current-v2-identities	Build both guests twice from clean source trees	2026-09-15T23:39:55.2660609Z [sp1] [docker]  [1m[92m  Downloaded[0m const-hex v1.19.1
reproduce-current-v2-identities	Build both guests twice from clean source trees	2026-09-15T23:39:55.2675157Z [sp1] [docker]  [1m[92m  Downloaded[0m jiff v0.2.35
reproduce-current-v2-identities	Build both guests twice from clean source trees	2026-09-15T23:39:55.2775322Z [sp1] [docker]  [1m[92m  Downloaded[0m bs58 v0.5.1
reproduce-current-v2-identities	Build both guests twice from clean source trees	2026-09-15T23:39:55.2787380Z [sp1] [docker]  [1m[92m  Downloaded[0m defmt v1.1.1
reproduce-current-v2-identities	Build both guests twice from clean source trees	2026-09-15T23:39:55.2814112Z [sp1] [docker]  [1m[92m  Downloaded[0m libc v0.2.189
reproduce-current-v2-identities	Build both guests twice from clean source trees	2026-09-15T23:39:55.3048378Z [sp1] [docker]  [1m[92m  Downloaded[0m c-kzg v2.1.8
reproduce-current-v2-identities	Build both guests twice from clean source trees	2026-09-15T23:39:56.1279997Z [sp1] [docker]  [1m[92m   Compiling[0m proc-macro2 v1.0.107
reproduce-current-v2-identities	Build both guests twice from clean source trees	2026-09-15T23:39:56.1281131Z [sp1] [docker]  [1m[92m   Compiling[0m unicode-ident v1.0.24
reproduce-current-v2-identities	Build both guests twice from clean source trees	2026-09-15T23:39:56.1281858Z [sp1] [docker]  [1m[92m   Compiling[0m quote v1.0.47
reproduce-current-v2-identities	Build both guests twice from clean source trees	2026-09-15T23:39:56.1282331Z [sp1] [docker]  [1m[92m   Compiling[0m cfg-if v1.0.4
reproduce-current-v2-identities	Build both guests twice from clean source trees	2026-09-15T23:39:56.1672563Z [sp1] [docker]  [1m[92m   Compiling[0m serde_core v1.0.229
reproduce-current-v2-identities	Build both guests twice from clean source trees	2026-09-15T23:39:56.2015455Z [sp1] [docker]  [1m[92m   Compiling[0m serde v1.0.229
reproduce-current-v2-identities	Build both guests twice from clean source trees	2026-09-15T23:39:56.2984545Z [sp1] [docker]  [1m[92m   Compiling[0m autocfg v1.5.1
reproduce-current-v2-identities	Build both guests twice from clean source trees	2026-09-15T23:39:56.3992449Z [sp1] [docker]  [1m[92m   Compiling[0m version_check v0.9.5
reproduce-current-v2-identities	Build both guests twice from clean source trees	2026-09-15T23:39:56.6713964Z [sp1] [docker]  [1m[92m   Compiling[0m getrandom v0.2.17
reproduce-current-v2-identities	Build both guests twice from clean source trees	2026-09-15T23:39:56.7085450Z [sp1] [docker]  [1m[92m   Compiling[0m generic-array v0.14.9
reproduce-current-v2-identities	Build both guests twice from clean source trees	2026-09-15T23:39:56.7856693Z [sp1] [docker]  [1m[92m   Compiling[0m rand_core v0.6.4
reproduce-current-v2-identities	Build both guests twice from clean source trees	2026-09-15T23:39:56.7912771Z [sp1] [docker]  [1m[92m   Compiling[0m zeroize v1.9.0
reproduce-current-v2-identities	Build both guests twice from clean source trees	2026-09-15T23:39:57.0105723Z [sp1] [docker]  [1m[92m   Compiling[0m subtle v2.6.1
reproduce-current-v2-identities	Build both guests twice from clean source trees	2026-09-15T23:39:57.1183536Z [sp1] [docker]  [1m[92m   Compiling[0m zerocopy v0.8.56
reproduce-current-v2-identities	Build both guests twice from clean source trees	2026-09-15T23:39:57.1395651Z [sp1] [docker]  [1m[92m   Compiling[0m syn v3.0.4
reproduce-current-v2-identities	Build both guests twice from clean source trees	2026-09-15T23:39:57.2168322Z [sp1] [docker]  [1m[92m   Compiling[0m syn v2.0.119
reproduce-current-v2-identities	Build both guests twice from clean source trees	2026-09-15T23:39:57.4635826Z [sp1] [docker]  [1m[92m   Compiling[0m num-traits v0.2.19
reproduce-current-v2-identities	Build both guests twice from clean source trees	2026-09-15T23:39:57.5344701Z [sp1] [docker]  [1m[92m   Compiling[0m either v1.18.0
reproduce-current-v2-identities	Build both guests twice from clean source trees	2026-09-15T23:39:57.7833598Z [sp1] [docker]  [1m[92m   Compiling[0m typenum v1.20.1
reproduce-current-v2-identities	Build both guests twice from clean source trees	2026-09-15T23:40:00.4949317Z [sp1] [docker]  [1m[92m   Compiling[0m num-integer v0.1.47
reproduce-current-v2-identities	Build both guests twice from clean source trees	2026-09-15T23:40:01.1697519Z [sp1] [docker]  [1m[92m   Compiling[0m once_cell v1.21.4
reproduce-current-v2-identities	Build both guests twice from clean source trees	2026-09-15T23:40:01.3957537Z [sp1] [docker]  [1m[92m   Compiling[0m pin-project-lite v0.2.17
reproduce-current-v2-identities	Build both guests twice from clean source trees	2026-09-15T23:40:01.4427565Z [sp1] [docker]  [1m[92m   Compiling[0m num-bigint v0.4.8
reproduce-current-v2-identities	Build both guests twice from clean source trees	2026-09-15T23:40:01.9661046Z [sp1] [docker]  [1m[92m   Compiling[0m serde_derive v1.0.229
reproduce-current-v2-identities	Build both guests twice from clean source trees	2026-09-15T23:40:03.6725841Z [sp1] [docker]  [1m[92m   Compiling[0m itertools v0.12.1
reproduce-current-v2-identities	Build both guests twice from clean source trees	2026-09-15T23:40:04.7345871Z [sp1] [docker]  [1m[92m   Compiling[0m ppv-lite86 v0.2.21
reproduce-current-v2-identities	Build both guests twice from clean source trees	2026-09-15T23:40:05.0377631Z [sp1] [docker]  [1m[92m   Compiling[0m rand_chacha v0.3.1
reproduce-current-v2-identities	Build both guests twice from clean source trees	2026-09-15T23:40:05.9235674Z [sp1] [docker]  [1m[92m   Compiling[0m rand v0.8.8
reproduce-current-v2-identities	Build both guests twice from clean source trees	2026-09-15T23:40:06.3617801Z [sp1] [docker]  [1m[92m   Compiling[0m p3-util v0.4.3-succinct
reproduce-current-v2-identities	Build both guests twice from clean source trees	2026-09-15T23:40:06.4910044Z [sp1] [docker]  [1m[92m   Compiling[0m crypto-common v0.1.6
reproduce-current-v2-identities	Build both guests twice from clean source trees	2026-09-15T23:40:06.5738555Z [sp1] [docker]  [1m[92m   Compiling[0m block-buffer v0.10.4
reproduce-current-v2-identities	Build both guests twice from clean source trees	2026-09-15T23:40:06.6782693Z [sp1] [docker]  [1m[92m   Compiling[0m p3-field v0.4.3-succinct
reproduce-current-v2-identities	Build both guests twice from clean source trees	2026-09-15T23:40:06.9796038Z [sp1] [docker]  [1m[92m   Compiling[0m digest v0.10.7
reproduce-current-v2-identities	Build both guests twice from clean source trees	2026-09-15T23:40:07.1026499Z [sp1] [docker]  [1m[92m   Compiling[0m tracing-attributes v0.1.31
reproduce-current-v2-identities	Build both guests twice from clean source trees	2026-09-15T23:40:07.1055728Z [sp1] [docker]  [1m[92m   Compiling[0m tracing-core v0.1.36
reproduce-current-v2-identities	Build both guests twice from clean source trees	2026-09-15T23:40:07.1428373Z [sp1] [docker]  [1m[92m   Compiling[0m arrayvec v0.7.8
reproduce-current-v2-identities	Build both guests twice from clean source trees	2026-09-15T23:40:07.3100394Z [sp1] [docker]  [1m[92m   Compiling[0m p3-maybe-rayon v0.4.3-succinct
reproduce-current-v2-identities	Build both guests twice from clean source trees	2026-09-15T23:40:07.4012138Z [sp1] [docker]  [1m[92m   Compiling[0m p3-symmetric v0.4.3-succinct
reproduce-current-v2-identities	Build both guests twice from clean source trees	2026-09-15T23:40:07.4348147Z [sp1] [docker]  [1m[92m   Compiling[0m paste v1.0.15
reproduce-current-v2-identities	Build both guests twice from clean source trees	2026-09-15T23:40:07.5993115Z [sp1] [docker]  [1m[92m   Compiling[0m num-bigint v0.3.3
reproduce-current-v2-identities	Build both guests twice from clean source trees	2026-09-15T23:40:08.2586028Z [sp1] [docker]  [1m[92m   Compiling[0m syn v1.0.109
reproduce-current-v2-identities	Build both guests twice from clean source trees	2026-09-15T23:40:08.4209777Z [sp1] [docker]  [1m[92m   Compiling[0m tracing v0.1.44
reproduce-current-v2-identities	Build both guests twice from clean source trees	2026-09-15T23:40:08.4328769Z [sp1] [docker]  [1m[92m   Compiling[0m radium v0.7.0
reproduce-current-v2-identities	Build both guests twice from clean source trees	2026-09-15T23:40:08.5197936Z [sp1] [docker]  [1m[92m   Compiling[0m bytes v1.12.1
reproduce-current-v2-identities	Build both guests twice from clean source trees	2026-09-15T23:40:08.5683674Z [sp1] [docker]  [1m[92m   Compiling[0m alloy-rlp-derive v0.3.16
reproduce-current-v2-identities	Build both guests twice from clean source trees	2026-09-15T23:40:08.7462709Z [sp1] [docker]  [1m[92m   Compiling[0m p3-matrix v0.4.3-succinct
reproduce-current-v2-identities	Build both guests twice from clean source trees	2026-09-15T23:40:09.0839897Z [sp1] [docker]  [1m[92m   Compiling[0m p3-dft v0.4.3-succinct
reproduce-current-v2-identities	Build both guests twice from clean source trees	2026-09-15T23:40:09.0943469Z [sp1] [docker]  [1m[92m   Compiling[0m futures-sink v0.3.34
reproduce-current-v2-identities	Build both guests twice from clean source trees	2026-09-15T23:40:09.1501238Z [sp1] [docker]  [1m[92m   Compiling[0m futures-core v0.3.34
reproduce-current-v2-identities	Build both guests twice from clean source trees	2026-09-15T23:40:09.2468140Z [sp1] [docker]  [1m[92m   Compiling[0m unicode-segmentation v1.13.3
reproduce-current-v2-identities	Build both guests twice from clean source trees	2026-09-15T23:40:09.3081699Z [sp1] [docker]  [1m[92m   Compiling[0m tap v1.0.1
reproduce-current-v2-identities	Build both guests twice from clean source trees	2026-09-15T23:40:09.3839169Z [sp1] [docker]  [1m[92m   Compiling[0m semver v1.0.28
reproduce-current-v2-identities	Build both guests twice from clean source trees	2026-09-15T23:40:09.7079883Z [sp1] [docker]  [1m[92m   Compiling[0m rustc_version v0.4.1
reproduce-current-v2-identities	Build both guests twice from clean source trees	2026-09-15T23:40:09.7340051Z [sp1] [docker]  [1m[92m   Compiling[0m convert_case v0.10.0
reproduce-current-v2-identities	Build both guests twice from clean source trees	2026-09-15T23:40:09.8271251Z [sp1] [docker]  [1m[92m   Compiling[0m wyz v0.5.1
reproduce-current-v2-identities	Build both guests twice from clean source trees	2026-09-15T23:40:09.9850261Z [sp1] [docker]  [1m[92m   Compiling[0m alloy-rlp v0.3.12
reproduce-current-v2-identities	Build both guests twice from clean source trees	2026-09-15T23:40:10.0238700Z [sp1] [docker]  [1m[92m   Compiling[0m p3-mds v0.4.3-succinct
reproduce-current-v2-identities	Build both guests twice from clean source trees	2026-09-15T23:40:10.0495723Z [sp1] [docker]  [1m[92m   Compiling[0m futures-channel v0.3.34
reproduce-current-v2-identities	Build both guests twice from clean source trees	2026-09-15T23:40:10.2065439Z [sp1] [docker]  [1m[92m   Compiling[0m addchain v0.2.1
reproduce-current-v2-identities	Build both guests twice from clean source trees	2026-09-15T23:40:10.3368489Z [sp1] [docker]  [1m[92m   Compiling[0m futures-macro v0.3.34
reproduce-current-v2-identities	Build both guests twice from clean source trees	2026-09-15T23:40:10.4954986Z [sp1] [docker]  [1m[92m   Compiling[0m futures-io v0.3.34
reproduce-current-v2-identities	Build both guests twice from clean source trees	2026-09-15T23:40:10.5047947Z [sp1] [docker]  [1m[92m   Compiling[0m gcd v2.3.0
reproduce-current-v2-identities	Build both guests twice from clean source trees	2026-09-15T23:40:10.6344469Z [sp1] [docker]  [1m[92m   Compiling[0m slab v0.4.12
reproduce-current-v2-identities	Build both guests twice from clean source trees	2026-09-15T23:40:10.6373315Z [sp1] [docker]  [1m[92m   Compiling[0m ruint-macro v1.2.1
reproduce-current-v2-identities	Build both guests twice from clean source trees	2026-09-15T23:40:10.8084034Z [sp1] [docker]  [1m[92m   Compiling[0m funty v2.0.0
reproduce-current-v2-identities	Build both guests twice from clean source trees	2026-09-15T23:40:10.9048306Z [sp1] [docker]  [1m[92m   Compiling[0m futures-task v0.3.34
reproduce-current-v2-identities	Build both guests twice from clean source trees	2026-09-15T23:40:11.0371483Z [sp1] [docker]  [1m[92m   Compiling[0m memchr v2.8.3
reproduce-current-v2-identities	Build both guests twice from clean source trees	2026-09-15T23:40:11.0631725Z [sp1] [docker]  [1m[92m   Compiling[0m unicode-xid v0.2.6
reproduce-current-v2-identities	Build both guests twice from clean source trees	2026-09-15T23:40:11.1296879Z [sp1] [docker]  [1m[92m   Compiling[0m derive_more-impl v2.1.1
reproduce-current-v2-identities	Build both guests twice from clean source trees	2026-09-15T23:40:11.8141394Z [sp1] [docker]  [1m[92m   Compiling[0m futures-util v0.3.34
reproduce-current-v2-identities	Build both guests twice from clean source trees	2026-09-15T23:40:12.1576918Z [sp1] [docker]  [1m[92m   Compiling[0m bitvec v1.1.1
reproduce-current-v2-identities	Build both guests twice from clean source trees	2026-09-15T23:40:15.0357911Z [sp1] [docker]  [1m[92m   Compiling[0m ff_derive v0.13.1
reproduce-current-v2-identities	Build both guests twice from clean source trees	2026-09-15T23:40:15.1079021Z [sp1] [docker]  [1m[92m   Compiling[0m ruint v1.20.0
reproduce-current-v2-identities	Build both guests twice from clean source trees	2026-09-15T23:40:15.7789670Z [sp1] [docker]  [1m[92m   Compiling[0m p3-poseidon2 v0.4.3-succinct
reproduce-current-v2-identities	Build both guests twice from clean source trees	2026-09-15T23:40:15.8178324Z [sp1] [docker]  [1m[92m   Compiling[0m itertools v0.14.0
reproduce-current-v2-identities	Build both guests twice from clean source trees	2026-09-15T23:40:15.9735844Z [sp1] [docker]  [1m[92m   Compiling[0m byteorder v1.5.0
reproduce-current-v2-identities	Build both guests twice from clean source trees	2026-09-15T23:40:16.0533229Z [sp1] [docker]  [1m[92m   Compiling[0m keccak v0.1.6
reproduce-current-v2-identities	Build both guests twice from clean source trees	2026-09-15T23:40:16.0653985Z [sp1] [docker]  [1m[92m   Compiling[0m foldhash v0.2.0
reproduce-current-v2-identities	Build both guests twice from clean source trees	2026-09-15T23:40:16.1713427Z [sp1] [docker]  [1m[92m   Compiling[0m ff v0.13.1
reproduce-current-v2-identities	Build both guests twice from clean source trees	2026-09-15T23:40:16.2896820Z [sp1] [docker]  [1m[92m   Compiling[0m hashbrown v0.16.1
reproduce-current-v2-identities	Build both guests twice from clean source trees	2026-09-15T23:40:16.2929845Z [sp1] [docker]  [1m[92m   Compiling[0m sha3 v0.10.8 (https://github.com/sp1-patches/RustCrypto-hashes?tag=patch-sha3-0.10.8-sp1-6.0.0#0a16ae7a)
reproduce-current-v2-identities	Build both guests twice from clean source trees	2026-09-15T23:40:16.3548954Z [sp1] [docker]  [1m[92m   Compiling[0m derive_more v2.1.1
reproduce-current-v2-identities	Build both guests twice from clean source trees	2026-09-15T23:40:16.4391950Z [sp1] [docker]  [1m[92m   Compiling[0m futures-executor v0.3.34
reproduce-current-v2-identities	Build both guests twice from clean source trees	2026-09-15T23:40:16.7732068Z [sp1] [docker]  [1m[92m   Compiling[0m const-hex v1.19.1
reproduce-current-v2-identities	Build both guests twice from clean source trees	2026-09-15T23:40:16.9537313Z [sp1] [docker]  [1m[92m   Compiling[0m find-msvc-tools v0.1.11
reproduce-current-v2-identities	Build both guests twice from clean source trees	2026-09-15T23:40:17.0560777Z [sp1] [docker]  [1m[92m   Compiling[0m rustc-hash v2.1.3
reproduce-current-v2-identities	Build both guests twice from clean source trees	2026-09-15T23:40:17.1219224Z [sp1] [docker]  [1m[92m   Compiling[0m itoa v1.0.18
reproduce-current-v2-identities	Build both guests twice from clean source trees	2026-09-15T23:40:17.1760927Z [sp1] [docker]  [1m[92m   Compiling[0m shlex v2.0.1
reproduce-current-v2-identities	Build both guests twice from clean source trees	2026-09-15T23:40:17.2543392Z [sp1] [docker]  [1m[92m   Compiling[0m alloy-primitives v1.5.7
reproduce-current-v2-identities	Build both guests twice from clean source trees	2026-09-15T23:40:17.3278786Z [sp1] [docker]  [1m[92m   Compiling[0m cc v1.4.4
reproduce-current-v2-identities	Build both guests twice from clean source trees	2026-09-15T23:40:17.4077754Z [sp1] [docker]  [1m[92m   Compiling[0m futures v0.3.34
reproduce-current-v2-identities	Build both guests twice from clean source trees	2026-09-15T23:40:17.4388584Z [sp1] [docker]  [1m[92m   Compiling[0m p3-koala-bear v0.4.3-succinct
reproduce-current-v2-identities	Build both guests twice from clean source trees	2026-09-15T23:40:17.5239212Z [sp1] [docker]  [1m[92m   Compiling[0m p3-challenger v0.4.3-succinct
reproduce-current-v2-identities	Build both guests twice from clean source trees	2026-09-15T23:40:17.9043036Z [sp1] [docker]  [1m[92m   Compiling[0m slop-symmetric v6.5.0
reproduce-current-v2-identities	Build both guests twice from clean source trees	2026-09-15T23:40:18.0919931Z [sp1] [docker]  [1m[92m   Compiling[0m slop-algebra v6.5.0
reproduce-current-v2-identities	Build both guests twice from clean source trees	2026-09-15T23:40:18.2995965Z [sp1] [docker]  [1m[92m   Compiling[0m thiserror v2.0.20
reproduce-current-v2-identities	Build both guests twice from clean source trees	2026-09-15T23:40:18.5804394Z [sp1] [docker]  [1m[92m   Compiling[0m slop-challenger v6.5.0
reproduce-current-v2-identities	Build both guests twice from clean source trees	2026-09-15T23:40:18.6694400Z [sp1] [docker]  [1m[92m   Compiling[0m slop-poseidon2 v6.5.0
reproduce-current-v2-identities	Build both guests twice from clean source trees	2026-09-15T23:40:18.7099252Z [sp1] [docker]  [1m[92m   Compiling[0m sha2 v0.10.9 (https://github.com/sp1-patches/RustCrypto-hashes?tag=patch-sha2-0.10.9-sp1-6.0.0#e48b656e)
reproduce-current-v2-identities	Build both guests twice from clean source trees	2026-09-15T23:40:19.0919932Z [sp1] [docker]  [1m[92m   Compiling[0m blake3 v1.8.7
reproduce-current-v2-identities	Build both guests twice from clean source trees	2026-09-15T23:40:19.3005783Z [sp1] [docker]  [1m[92m   Compiling[0m thiserror-impl v2.0.20
reproduce-current-v2-identities	Build both guests twice from clean source trees	2026-09-15T23:40:19.5021154Z [sp1] [docker]  [1m[92m   Compiling[0m const-oid v0.9.6
reproduce-current-v2-identities	Build both guests twice from clean source trees	2026-09-15T23:40:19.6361752Z [sp1] [docker]  [1m[92m   Compiling[0m der v0.7.10
reproduce-current-v2-identities	Build both guests twice from clean source trees	2026-09-15T23:40:20.0213040Z [sp1] [docker]  [1m[92m   Compiling[0m p3-bn254-fr v0.4.3-succinct
reproduce-current-v2-identities	Build both guests twice from clean source trees	2026-09-15T23:40:20.6127767Z [sp1] [docker]  [1m[92m   Compiling[0m hmac v0.12.1
reproduce-current-v2-identities	Build both guests twice from clean source trees	2026-09-15T23:40:20.6665156Z [sp1] [docker]  [1m[92m   Compiling[0m constant_time_eq v0.4.2
reproduce-current-v2-identities	Build both guests twice from clean source trees	2026-09-15T23:40:20.7134664Z [sp1] [docker]  [1m[92m   Compiling[0m base16ct v0.2.0
reproduce-current-v2-identities	Build both guests twice from clean source trees	2026-09-15T23:40:20.7480378Z [sp1] [docker]  [1m[92m   Compiling[0m lazy_static v1.5.0
reproduce-current-v2-identities	Build both guests twice from clean source trees	2026-09-15T23:40:20.7898921Z [sp1] [docker]  [1m[92m   Compiling[0m slop-koala-bear v6.5.0
reproduce-current-v2-identities	Build both guests twice from clean source trees	2026-09-15T23:40:20.8529967Z [sp1] [docker]  [1m[92m   Compiling[0m sec1 v0.7.3
reproduce-current-v2-identities	Build both guests twice from clean source trees	2026-09-15T23:40:21.7336959Z [sp1] [docker]  [1m[92m   Compiling[0m slop-bn254 v6.5.0
reproduce-current-v2-identities	Build both guests twice from clean source trees	2026-09-15T23:40:22.0858120Z [sp1] [docker]  [1m[92m   Compiling[0m hkdf v0.12.4
reproduce-current-v2-identities	Build both guests twice from clean source trees	2026-09-15T23:40:22.2258683Z [sp1] [docker]  [1m[92m   Compiling[0m slop-primitives v6.5.0
reproduce-current-v2-identities	Build both guests twice from clean source trees	2026-09-15T23:40:22.2747781Z [sp1] [docker]  [1m[92m   Compiling[0m group v0.13.0
reproduce-current-v2-identities	Build both guests twice from clean source trees	2026-09-15T23:40:22.2772526Z [sp1] [docker]  [1m[92m   Compiling[0m bincode v1.3.3
reproduce-current-v2-identities	Build both guests twice from clean source trees	2026-09-15T23:40:22.3380115Z [sp1] [docker]  [1m[92m   Compiling[0m crypto-bigint v0.5.5
reproduce-current-v2-identities	Build both guests twice from clean source trees	2026-09-15T23:40:22.4916550Z [sp1] [docker]  [1m[92m   Compiling[0m cpufeatures v0.2.17
reproduce-current-v2-identities	Build both guests twice from clean source trees	2026-09-15T23:40:22.5308609Z [sp1] [docker]  [1m[92m   Compiling[0m rustversion v1.0.23
reproduce-current-v2-identities	Build both guests twice from clean source trees	2026-09-15T23:40:22.7516651Z [sp1] [docker]  [1m[92m   Compiling[0m ident_case v1.0.1
reproduce-current-v2-identities	Build both guests twice from clean source trees	2026-09-15T23:40:22.8354110Z [sp1] [docker]  [1m[92m   Compiling[0m elf v0.7.4
reproduce-current-v2-identities	Build both guests twice from clean source trees	2026-09-15T23:40:22.8502740Z [sp1] [docker]  [1m[92m   Compiling[0m strsim v0.11.1
reproduce-current-v2-identities	Build both guests twice from clean source trees	2026-09-15T23:40:23.0293667Z [sp1] [docker]  [1m[92m   Compiling[0m hex v0.4.3
reproduce-current-v2-identities	Build both guests twice from clean source trees	2026-09-15T23:40:23.1303303Z [sp1] [docker]  [1m[92m   Compiling[0m darling_core v0.23.0
reproduce-current-v2-identities	Build both guests twice from clean source trees	2026-09-15T23:40:23.6759571Z [sp1] [docker]  [1m[92m   Compiling[0m sp1-primitives v6.3.1
reproduce-current-v2-identities	Build both guests twice from clean source trees	2026-09-15T23:40:23.9223393Z [sp1] [docker]  [1m[92m   Compiling[0m syn-solidity v1.7.1
reproduce-current-v2-identities	Build both guests twice from clean source trees	2026-09-15T23:40:25.1266242Z [sp1] [docker]  [1m[92m   Compiling[0m elliptic-curve v0.13.8
reproduce-current-v2-identities	Build both guests twice from clean source trees	2026-09-15T23:40:25.5101281Z [sp1] [docker]  [1m[92m   Compiling[0m macro-string v0.1.4
reproduce-current-v2-identities	Build both guests twice from clean source trees	2026-09-15T23:40:25.8169164Z [sp1] [docker]  [1m[92m   Compiling[0m proc-macro-error-attr2 v2.0.0
reproduce-current-v2-identities	Build both guests twice from clean source trees	2026-09-15T23:40:25.8465726Z [sp1] [docker]  [1m[92m   Compiling[0m crc-catalog v2.5.0
reproduce-current-v2-identities	Build both guests twice from clean source trees	2026-09-15T23:40:25.9162945Z [sp1] [docker]  [1m[92m   Compiling[0m dunce v1.0.5
reproduce-current-v2-identities	Build both guests twice from clean source trees	2026-09-15T23:40:25.9509789Z [sp1] [docker]  [1m[92m   Compiling[0m equivalent v1.0.2
reproduce-current-v2-identities	Build both guests twice from clean source trees	2026-09-15T23:40:25.9807704Z [sp1] [docker]  [1m[92m   Compiling[0m heck v0.5.0
reproduce-current-v2-identities	Build both guests twice from clean source trees	2026-09-15T23:40:26.0588191Z [sp1] [docker]  [1m[92m   Compiling[0m hashbrown v0.17.1
reproduce-current-v2-identities	Build both guests twice from clean source trees	2026-09-15T23:40:26.6044583Z [sp1] [docker]  [1m[92m   Compiling[0m proc-macro-error2 v2.0.1
reproduce-current-v2-identities	Build both guests twice from clean source trees	2026-09-15T23:40:26.6314983Z [sp1] [docker]  [1m[92m   Compiling[0m darling_macro v0.23.0
reproduce-current-v2-identities	Build both guests twice from clean source trees	2026-09-15T23:40:26.8135204Z [sp1] [docker]  [1m[92m   Compiling[0m indexmap v2.14.1
reproduce-current-v2-identities	Build both guests twice from clean source trees	2026-09-15T23:40:26.8538671Z [sp1] [docker]  [1m[92m   Compiling[0m alloy-sol-macro-input v1.5.7
reproduce-current-v2-identities	Build both guests twice from clean source trees	2026-09-15T23:40:26.8601587Z [sp1] [docker]  [1m[92m   Compiling[0m crc v3.4.0
reproduce-current-v2-identities	Build both guests twice from clean source trees	2026-09-15T23:40:27.0461270Z [sp1] [docker]  [1m[92m   Compiling[0m sp1-lib v6.3.1
reproduce-current-v2-identities	Build both guests twice from clean source trees	2026-09-15T23:40:27.6718207Z [sp1] [docker]  [1m[92m   Compiling[0m curve25519-dalek v4.1.3 (https://github.com/sp1-patches/curve25519-dalek?tag=patch-4.1.3-sp1-6.2.0#b251b2a1)
reproduce-current-v2-identities	Build both guests twice from clean source trees	2026-09-15T23:40:27.6805443Z [sp1] [docker]  [1m[92m   Compiling[0m smallvec v1.15.2
reproduce-current-v2-identities	Build both guests twice from clean source trees	2026-09-15T23:40:27.7006323Z [sp1] [docker]  [1m[92m   Compiling[0m const-default v1.0.0
reproduce-current-v2-identities	Build both guests twice from clean source trees	2026-09-15T23:40:27.7550363Z [sp1] [docker]  [1m[92m   Compiling[0m libm v0.2.16
reproduce-current-v2-identities	Build both guests twice from clean source trees	2026-09-15T23:40:27.7883657Z [sp1] [docker]  [1m[92m   Compiling[0m getrandom v0.3.4
reproduce-current-v2-identities	Build both guests twice from clean source trees	2026-09-15T23:40:27.9269733Z [sp1] [docker]  [1m[92m   Compiling[0m nybbles v0.4.8
reproduce-current-v2-identities	Build both guests twice from clean source trees	2026-09-15T23:40:27.9747429Z [sp1] [docker]  [1m[92m   Compiling[0m rlsf v0.2.3
reproduce-current-v2-identities	Build both guests twice from clean source trees	2026-09-15T23:40:27.9803042Z [sp1] [docker]  [1m[92m   Compiling[0m alloy-sol-macro-expander v1.5.7
reproduce-current-v2-identities	Build both guests twice from clean source trees	2026-09-15T23:40:28.2690467Z [sp1] [docker]  [1m[92m   Compiling[0m alloy-eip2124 v0.2.0
reproduce-current-v2-identities	Build both guests twice from clean source trees	2026-09-15T23:40:28.2910177Z [sp1] [docker]  [1m[92m   Compiling[0m darling v0.23.0
reproduce-current-v2-identities	Build both guests twice from clean source trees	2026-09-15T23:40:28.3261643Z [sp1] [docker]  [1m[92m   Compiling[0m alloy-eip7702 v0.6.3
reproduce-current-v2-identities	Build both guests twice from clean source trees	2026-09-15T23:40:28.5192594Z [sp1] [docker]  [1m[92m   Compiling[0m alloy-eip7928 v0.3.7
reproduce-current-v2-identities	Build both guests twice from clean source trees	2026-09-15T23:40:28.7446949Z [sp1] [docker]  [1m[92m   Compiling[0m alloy-eip2930 v0.2.3
reproduce-current-v2-identities	Build both guests twice from clean source trees	2026-09-15T23:40:28.8047365Z [sp1] [docker]  [1m[92m   Compiling[0m auto_impl v1.3.0
reproduce-current-v2-identities	Build both guests twice from clean source trees	2026-09-15T23:40:29.1193380Z [sp1] [docker]  [1m[92m   Compiling[0m critical-section v1.2.0
reproduce-current-v2-identities	Build both guests twice from clean source trees	2026-09-15T23:40:29.1848906Z [sp1] [docker]  [1m[92m   Compiling[0m signature v2.2.0
reproduce-current-v2-identities	Build both guests twice from clean source trees	2026-09-15T23:40:29.2459061Z [sp1] [docker]  [1m[92m   Compiling[0m sp1-zkvm v6.3.1
reproduce-current-v2-identities	Build both guests twice from clean source trees	2026-09-15T23:40:29.3582575Z [sp1] [docker]  [1m[92m   Compiling[0m linked_list_allocator v0.10.6
reproduce-current-v2-identities	Build both guests twice from clean source trees	2026-09-15T23:40:29.5435918Z [sp1] [docker]  [1m[92m   Compiling[0m embedded-alloc v0.6.0
reproduce-current-v2-identities	Build both guests twice from clean source trees	2026-09-15T23:40:29.6129171Z [sp1] [docker]  [1m[92m   Compiling[0m alloy-eips v1.8.3
reproduce-current-v2-identities	Build both guests twice from clean source trees	2026-09-15T23:40:29.7240125Z [sp1] [docker]  [1m[92m   Compiling[0m ed25519 v2.2.3
reproduce-current-v2-identities	Build both guests twice from clean source trees	2026-09-15T23:40:29.9151594Z [sp1] [docker]  [1m[92m   Compiling[0m alloy-tx-macros v1.8.3
reproduce-current-v2-identities	Build both guests twice from clean source trees	2026-09-15T23:40:30.7107089Z [sp1] [docker]  [1m[92m   Compiling[0m alloy-trie v0.9.5
reproduce-current-v2-identities	Build both guests twice from clean source trees	2026-09-15T23:40:31.2440327Z [sp1] [docker]  [1m[92m   Compiling[0m alloy-sol-macro v1.5.7
reproduce-current-v2-identities	Build both guests twice from clean source trees	2026-09-15T23:40:32.1771443Z [sp1] [docker]  [1m[92m   Compiling[0m half v1.8.3
reproduce-current-v2-identities	Build both guests twice from clean source trees	2026-09-15T23:40:32.6644171Z [sp1] [docker]  [1m[92m   Compiling[0m winnow v0.7.15
reproduce-current-v2-identities	Build both guests twice from clean source trees	2026-09-15T23:40:34.6241424Z [sp1] [docker]  [1m[92m   Compiling[0m serde_cbor v0.11.2
reproduce-current-v2-identities	Build both guests twice from clean source trees	2026-09-15T23:40:35.2378838Z [sp1] [docker]  [1m[92m   Compiling[0m alloy-sol-type-parser v1.5.7
reproduce-current-v2-identities	Build both guests twice from clean source trees	2026-09-15T23:40:35.3703403Z [sp1] [docker]  [1m[92m   Compiling[0m ed25519-dalek v2.2.0
reproduce-current-v2-identities	Build both guests twice from clean source trees	2026-09-15T23:40:35.4760858Z [sp1] [docker]  [1m[92m   Compiling[0m alloy-consensus v1.8.3
reproduce-current-v2-identities	Build both guests twice from clean source trees	2026-09-15T23:40:35.8339493Z [sp1] [docker]  [1m[92m   Compiling[0m alloy-sol-types v1.5.7
reproduce-current-v2-identities	Build both guests twice from clean source trees	2026-09-15T23:40:38.2128322Z [sp1] [docker]  [1m[92m   Compiling[0m pfusdc-arc-ingress-program v0.1.0 (/root/program/programs/pfusdc-arc-ingress)
reproduce-current-v2-identities	Build both guests twice from clean source trees	2026-09-15T23:40:44.7393301Z [sp1] [docker]  [1m[92m    Finished[0m `release` profile [optimized] target(s) in 53.03s
reproduce-current-v2-identities	Build both guests twice from clean source trees	2026-09-15T23:40:45.6967337Z cargo:rustc-env=SP1_ELF_pfusdc-arc-ingress-program=/home/runner/work/_temp/arc-proof-identities/src-a/programs/pfusdc-arc-ingress/target/elf-compilation/docker/riscv64im-succinct-zkvm-elf/release/pfusdc-arc-ingress-program
reproduce-current-v2-identities	Build both guests twice from clean source trees	2026-09-15T23:40:47.8405948Z cargo:warning=docker: rustc +succinct --version: "rustc 1.94.0-dev\n"
reproduce-current-v2-identities	Build both guests twice from clean source trees	2026-09-15T23:40:50.0226207Z cargo:warning=docker: rustc_bin: "/root/.sp1/toolchains/g7wv95WZT7/bin/rustc"
reproduce-current-v2-identities	Build both guests twice from clean source trees	2026-09-15T23:40:50.1373295Z [sp1] [docker]  info: `cargo` is unavailable for the active toolchain
reproduce-current-v2-identities	Build both guests twice from clean source trees	2026-09-15T23:40:50.1374301Z [sp1] [docker]  info: falling back to "/root/.rustup/toolchains/stable-x86_64-unknown-linux-gnu/bin/cargo"
reproduce-current-v2-identities	Build both guests twice from clean source trees	2026-09-15T23:40:50.1879874Z [sp1] [docker]  [1m[92m    Updating[0m git repository `https://github.com/sp1-patches/bls12_381`
reproduce-current-v2-identities	Build both guests twice from clean source trees	2026-09-15T23:40:50.7077869Z [sp1] [docker]  [1m[92m    Updating[0m git repository `https://github.com/sp1-patches/RustCrypto-hashes`
reproduce-current-v2-identities	Build both guests twice from clean source trees	2026-09-15T23:40:51.5461899Z [sp1] [docker]  [1m[92m    Updating[0m git repository `https://github.com/sp1-patches/RustCrypto-hashes`
reproduce-current-v2-identities	Build both guests twice from clean source trees	2026-09-15T23:40:52.1283823Z [sp1] [docker]  [1m[92m    Updating[0m git repository `https://github.com/sp1-patches/RustCrypto-hashes`
reproduce-current-v2-identities	Build both guests twice from clean source trees	2026-09-15T23:40:52.7491404Z [sp1] [docker]  [1m[92m    Updating[0m crates.io index
reproduce-current-v2-identities	Build both guests twice from clean source trees	2026-09-15T23:40:53.0136649Z [sp1] [docker]  [1m[33mwarning[0m: patch `sha2 v0.9.9 (https://github.com/sp1-patches/RustCrypto-hashes?tag=patch-sha2-0.9.9-sp1-6.0.0#1b29839d)` was not used in the crate graph
reproduce-current-v2-identities	Build both guests twice from clean source trees	2026-09-15T23:40:53.0138082Z [sp1] [docker]    [1m[94m|[0m
reproduce-current-v2-identities	Build both guests twice from clean source trees	2026-09-15T23:40:53.0138838Z [sp1] [docker]    [1m[94m= [0m[1mhelp[0m: perhaps you meant one of the following:
reproduce-current-v2-identities	Build both guests twice from clean source trees	2026-09-15T23:40:53.0139490Z [sp1] [docker]            	https://github.com/sp1-patches/RustCrypto-hashes
reproduce-current-v2-identities	Build both guests twice from clean source trees	2026-09-15T23:40:53.0140724Z [sp1] [docker]  [1m[33mwarning[0m: patch `bls12_381 v0.8.0 (https://github.com/sp1-patches/bls12_381?tag=patch-0.8.0-sp1-6.0.0-v2#7726731d)` was not used in the crate graph
reproduce-current-v2-identities	Build both guests twice from clean source trees	2026-09-15T23:40:53.0142149Z [sp1] [docker]  [1m[33mwarning[0m: patch `tiny-keccak v2.0.2 (https://github.com/sp1-patches/tiny-keccak?tag=patch-2.0.2-sp1-6.0.0#957430a4)` was not used in the crate graph
reproduce-current-v2-identities	Build both guests twice from clean source trees	2026-09-15T23:40:53.0143389Z [sp1] [docker]  [1m[96mhelp[0m: Check that the patched package version and available features are compatible
reproduce-current-v2-identities	Build both guests twice from clean source trees	2026-09-15T23:40:53.0144259Z [sp1] [docker]        with the dependency requirements. If the patch has a different version from
reproduce-current-v2-identities	Build both guests twice from clean source trees	2026-09-15T23:40:53.0144830Z [sp1] [docker]        what is locked in the Cargo.lock file, run `cargo update` to use the new
reproduce-current-v2-identities	Build both guests twice from clean source trees	2026-09-15T23:40:53.0145433Z [sp1] [docker]        version. This may also occur with an optional dependency that is not enabled.
reproduce-current-v2-identities	Build both guests twice from clean source trees	2026-09-15T23:40:53.8839115Z [sp1] [docker]  [1m[92m Downloading[0m crates ...
reproduce-current-v2-identities	Build both guests twice from clean source trees	2026-09-15T23:40:54.0635366Z [sp1] [docker]  [1m[92m  Downloaded[0m crypto-common v0.2.2
reproduce-current-v2-identities	Build both guests twice from clean source trees	2026-09-15T23:40:54.0842988Z [sp1] [docker]  [1m[92m  Downloaded[0m crypto-common v0.1.7
reproduce-current-v2-identities	Build both guests twice from clean source trees	2026-09-15T23:40:54.0939939Z [sp1] [docker]  [1m[92m  Downloaded[0m digest v0.11.3
reproduce-current-v2-identities	Build both guests twice from clean source trees	2026-09-15T23:40:54.0988598Z [sp1] [docker]  [1m[92m  Downloaded[0m block-buffer v0.12.1
reproduce-current-v2-identities	Build both guests twice from clean source trees	2026-09-15T23:40:54.1364045Z [sp1] [docker]  [1m[92m  Downloaded[0m slop-bn254 v6.3.1
reproduce-current-v2-identities	Build both guests twice from clean source trees	2026-09-15T23:40:54.1369811Z [sp1] [docker]  [1m[92m  Downloaded[0m generic-array v0.14.7
reproduce-current-v2-identities	Build both guests twice from clean source trees	2026-09-15T23:40:54.1394890Z [sp1] [docker]  [1m[92m  Downloaded[0m slop-poseidon2 v6.3.1
reproduce-current-v2-identities	Build both guests twice from clean source trees	2026-09-15T23:40:54.1399241Z [sp1] [docker]  [1m[92m  Downloaded[0m slop-koala-bear v6.3.1
reproduce-current-v2-identities	Build both guests twice from clean source trees	2026-09-15T23:40:54.1546581Z [sp1] [docker]  [1m[92m  Downloaded[0m quote v1.0.46
reproduce-current-v2-identities	Build both guests twice from clean source trees	2026-09-15T23:40:54.1564235Z [sp1] [docker]  [1m[92m  Downloaded[0m cc v1.2.67
reproduce-current-v2-identities	Build both guests twice from clean source trees	2026-09-15T23:40:54.1645026Z [sp1] [docker]  [1m[92m  Downloaded[0m slop-primitives v6.3.1
reproduce-current-v2-identities	Build both guests twice from clean source trees	2026-09-15T23:40:54.1649740Z [sp1] [docker]  [1m[92m  Downloaded[0m slop-challenger v6.3.1
reproduce-current-v2-identities	Build both guests twice from clean source trees	2026-09-15T23:40:54.1655907Z [sp1] [docker]  [1m[92m  Downloaded[0m slop-algebra v6.3.1
reproduce-current-v2-identities	Build both guests twice from clean source trees	2026-09-15T23:40:54.1661999Z [sp1] [docker]  [1m[92m  Downloaded[0m slop-symmetric v6.3.1
reproduce-current-v2-identities	Build both guests twice from clean source trees	2026-09-15T23:40:54.1876397Z [sp1] [docker]  [1m[92m  Downloaded[0m either v1.16.0
reproduce-current-v2-identities	Build both guests twice from clean source trees	2026-09-15T23:40:54.1902899Z [sp1] [docker]  [1m[92m  Downloaded[0m keccak v0.2.0
reproduce-current-v2-identities	Build both guests twice from clean source trees	2026-09-15T23:40:54.1935200Z [sp1] [docker]  [1m[92m  Downloaded[0m hybrid-array v0.4.13
reproduce-current-v2-identities	Build both guests twice from clean source trees	2026-09-15T23:40:54.2217236Z [sp1] [docker]  [1m[92m  Downloaded[0m rand v0.8.7
reproduce-current-v2-identities	Build both guests twice from clean source trees	2026-09-15T23:40:54.2320773Z [sp1] [docker]  [1m[92m  Downloaded[0m serde_json v1.0.150
reproduce-current-v2-identities	Build both guests twice from clean source trees	2026-09-15T23:40:54.2584882Z [sp1] [docker]  [1m[92m  Downloaded[0m zerocopy v0.8.54
reproduce-current-v2-identities	Build both guests twice from clean source trees	2026-09-15T23:40:54.2839528Z [sp1] [docker]  [1m[92m  Downloaded[0m sha3 v0.11.0
reproduce-current-v2-identities	Build both guests twice from clean source trees	2026-09-15T23:40:54.4152666Z [sp1] [docker]  [1m[92m   Compiling[0m proc-macro2 v1.0.106
reproduce-current-v2-identities	Build both guests twice from clean source trees	2026-09-15T23:40:54.4153546Z [sp1] [docker]  [1m[92m   Compiling[0m unicode-ident v1.0.24
reproduce-current-v2-identities	Build both guests twice from clean source trees	2026-09-15T23:40:54.4154199Z [sp1] [docker]  [1m[92m   Compiling[0m quote v1.0.46
reproduce-current-v2-identities	Build both guests twice from clean source trees	2026-09-15T23:40:54.4154746Z [sp1] [docker]  [1m[92m   Compiling[0m cfg-if v1.0.4
reproduce-current-v2-identities	Build both guests twice from clean source trees	2026-09-15T23:40:54.4470891Z [sp1] [docker]  [1m[92m   Compiling[0m autocfg v1.5.1
reproduce-current-v2-identities	Build both guests twice from clean source trees	2026-09-15T23:40:54.4831653Z [sp1] [docker]  [1m[92m   Compiling[0m serde_core v1.0.228
reproduce-current-v2-identities	Build both guests twice from clean source trees	2026-09-15T23:40:54.5672760Z [sp1] [docker]  [1m[92m   Compiling[0m getrandom v0.2.17
reproduce-current-v2-identities	Build both guests twice from clean source trees	2026-09-15T23:40:54.6772751Z [sp1] [docker]  [1m[92m   Compiling[0m serde v1.0.228
reproduce-current-v2-identities	Build both guests twice from clean source trees	2026-09-15T23:40:54.8522016Z [sp1] [docker]  [1m[92m   Compiling[0m rand_core v0.6.4
reproduce-current-v2-identities	Build both guests twice from clean source trees	2026-09-15T23:40:54.8661245Z [sp1] [docker]  [1m[92m   Compiling[0m zerocopy v0.8.54
reproduce-current-v2-identities	Build both guests twice from clean source trees	2026-09-15T23:40:55.0718151Z [sp1] [docker]  [1m[92m   Compiling[0m num-traits v0.2.19
reproduce-current-v2-identities	Build both guests twice from clean source trees	2026-09-15T23:40:55.3762567Z [sp1] [docker]  [1m[92m   Compiling[0m syn v2.0.119
reproduce-current-v2-identities	Build both guests twice from clean source trees	2026-09-15T23:40:56.4362515Z [sp1] [docker]  [1m[92m   Compiling[0m either v1.16.0
reproduce-current-v2-identities	Build both guests twice from clean source trees	2026-09-15T23:40:56.6685734Z [sp1] [docker]  [1m[92m   Compiling[0m typenum v1.20.1
reproduce-current-v2-identities	Build both guests twice from clean source trees	2026-09-15T23:40:57.6845113Z [sp1] [docker]  [1m[92m   Compiling[0m num-integer v0.1.46
reproduce-current-v2-identities	Build both guests twice from clean source trees	2026-09-15T23:40:57.7920168Z [sp1] [docker]  [1m[92m   Compiling[0m itertools v0.12.1
reproduce-current-v2-identities	Build both guests twice from clean source trees	2026-09-15T23:40:58.3237073Z [sp1] [docker]  [1m[92m   Compiling[0m num-bigint v0.4.8
reproduce-current-v2-identities	Build both guests twice from clean source trees	2026-09-15T23:40:59.9572592Z [sp1] [docker]  [1m[92m   Compiling[0m pin-project-lite v0.2.17
reproduce-current-v2-identities	Build both guests twice from clean source trees	2026-09-15T23:41:00.0023480Z [sp1] [docker]  [1m[92m   Compiling[0m version_check v0.9.5
reproduce-current-v2-identities	Build both guests twice from clean source trees	2026-09-15T23:41:00.2722339Z [sp1] [docker]  [1m[92m   Compiling[0m ppv-lite86 v0.2.21
reproduce-current-v2-identities	Build both guests twice from clean source trees	2026-09-15T23:41:00.2787163Z [sp1] [docker]  [1m[92m   Compiling[0m generic-array v0.14.7
reproduce-current-v2-identities	Build both guests twice from clean source trees	2026-09-15T23:41:00.3734206Z [sp1] [docker]  [1m[92m   Compiling[0m once_cell v1.21.4
reproduce-current-v2-identities	Build both guests twice from clean source trees	2026-09-15T23:41:00.5768400Z [sp1] [docker]  [1m[92m   Compiling[0m rand_chacha v0.3.1
reproduce-current-v2-identities	Build both guests twice from clean source trees	2026-09-15T23:41:00.5939270Z [sp1] [docker]  [1m[92m   Compiling[0m tracing-core v0.1.36
reproduce-current-v2-identities	Build both guests twice from clean source trees	2026-09-15T23:41:01.6331065Z [sp1] [docker]  [1m[92m   Compiling[0m serde_derive v1.0.228
reproduce-current-v2-identities	Build both guests twice from clean source trees	2026-09-15T23:41:01.8512934Z [sp1] [docker]  [1m[92m   Compiling[0m rand v0.8.7
reproduce-current-v2-identities	Build both guests twice from clean source trees	2026-09-15T23:41:02.4959685Z [sp1] [docker]  [1m[92m   Compiling[0m tracing-attributes v0.1.31
reproduce-current-v2-identities	Build both guests twice from clean source trees	2026-09-15T23:41:03.7851548Z [sp1] [docker]  [1m[92m   Compiling[0m memchr v2.8.3
reproduce-current-v2-identities	Build both guests twice from clean source trees	2026-09-15T23:41:03.7919054Z [sp1] [docker]  [1m[92m   Compiling[0m tracing v0.1.44
reproduce-current-v2-identities	Build both guests twice from clean source trees	2026-09-15T23:41:03.8872726Z [sp1] [docker]  [1m[92m   Compiling[0m p3-maybe-rayon v0.4.3-succinct
reproduce-current-v2-identities	Build both guests twice from clean source trees	2026-09-15T23:41:03.9446931Z [sp1] [docker]  [1m[92m   Compiling[0m block-buffer v0.10.4
reproduce-current-v2-identities	Build both guests twice from clean source trees	2026-09-15T23:41:04.0459857Z [sp1] [docker]  [1m[92m   Compiling[0m crypto-common v0.1.7
reproduce-current-v2-identities	Build both guests twice from clean source trees	2026-09-15T23:41:04.1224197Z [sp1] [docker]  [1m[92m   Compiling[0m digest v0.10.7
reproduce-current-v2-identities	Build both guests twice from clean source trees	2026-09-15T23:41:04.1965924Z [sp1] [docker]  [1m[92m   Compiling[0m syn v1.0.109
reproduce-current-v2-identities	Build both guests twice from clean source trees	2026-09-15T23:41:04.5215530Z [sp1] [docker]  [1m[92m   Compiling[0m sha2 v0.10.9 (https://github.com/sp1-patches/RustCrypto-hashes?tag=patch-sha2-0.10.9-sp1-6.0.0#e48b656e)
reproduce-current-v2-identities	Build both guests twice from clean source trees	2026-09-15T23:41:05.2390166Z [sp1] [docker]  [1m[92m   Compiling[0m hybrid-array v0.4.13
reproduce-current-v2-identities	Build both guests twice from clean source trees	2026-09-15T23:41:05.4468713Z [sp1] [docker]  [1m[92m   Compiling[0m num-bigint v0.3.3
reproduce-current-v2-identities	Build both guests twice from clean source trees	2026-09-15T23:41:05.5916096Z [sp1] [docker]  [1m[92m   Compiling[0m futures-sink v0.3.32
reproduce-current-v2-identities	Build both guests twice from clean source trees	2026-09-15T23:41:05.6558880Z [sp1] [docker]  [1m[92m   Compiling[0m futures-core v0.3.32
reproduce-current-v2-identities	Build both guests twice from clean source trees	2026-09-15T23:41:05.7558379Z [sp1] [docker]  [1m[92m   Compiling[0m futures-channel v0.3.32
reproduce-current-v2-identities	Build both guests twice from clean source trees	2026-09-15T23:41:05.9436249Z [sp1] [docker]  [1m[92m   Compiling[0m p3-util v0.4.3-succinct
reproduce-current-v2-identities	Build both guests twice from clean source trees	2026-09-15T23:41:06.0456211Z [sp1] [docker]  [1m[92m   Compiling[0m p3-field v0.4.3-succinct
reproduce-current-v2-identities	Build both guests twice from clean source trees	2026-09-15T23:41:06.0974691Z [sp1] [docker]  [1m[92m   Compiling[0m futures-macro v0.3.32
reproduce-current-v2-identities	Build both guests twice from clean source trees	2026-09-15T23:41:06.3312321Z [sp1] [docker]  [1m[92m   Compiling[0m gcd v2.3.0
reproduce-current-v2-identities	Build both guests twice from clean source trees	2026-09-15T23:41:06.4573639Z [sp1] [docker]  [1m[92m   Compiling[0m p3-symmetric v0.4.3-succinct
reproduce-current-v2-identities	Build both guests twice from clean source trees	2026-09-15T23:41:06.4739939Z [sp1] [docker]  [1m[92m   Compiling[0m p3-matrix v0.4.3-succinct
reproduce-current-v2-identities	Build both guests twice from clean source trees	2026-09-15T23:41:06.6338889Z [sp1] [docker]  [1m[92m   Compiling[0m slab v0.4.12
reproduce-current-v2-identities	Build both guests twice from clean source trees	2026-09-15T23:41:06.7938621Z [sp1] [docker]  [1m[92m   Compiling[0m futures-task v0.3.32
reproduce-current-v2-identities	Build both guests twice from clean source trees	2026-09-15T23:41:06.8246133Z [sp1] [docker]  [1m[92m   Compiling[0m p3-dft v0.4.3-succinct
reproduce-current-v2-identities	Build both guests twice from clean source trees	2026-09-15T23:41:06.8266442Z [sp1] [docker]  [1m[92m   Compiling[0m radium v0.7.0
reproduce-current-v2-identities	Build both guests twice from clean source trees	2026-09-15T23:41:06.9193467Z [sp1] [docker]  [1m[92m   Compiling[0m futures-io v0.3.32
reproduce-current-v2-identities	Build both guests twice from clean source trees	2026-09-15T23:41:07.0270277Z [sp1] [docker]  [1m[92m   Compiling[0m p3-mds v0.4.3-succinct
reproduce-current-v2-identities	Build both guests twice from clean source trees	2026-09-15T23:41:07.0541285Z [sp1] [docker]  [1m[92m   Compiling[0m futures-util v0.3.32
reproduce-current-v2-identities	Build both guests twice from clean source trees	2026-09-15T23:41:07.2026934Z [sp1] [docker]  [1m[92m   Compiling[0m p3-poseidon2 v0.4.3-succinct
reproduce-current-v2-identities	Build both guests twice from clean source trees	2026-09-15T23:41:07.3889771Z [sp1] [docker]  [1m[92m   Compiling[0m block-buffer v0.12.1
reproduce-current-v2-identities	Build both guests twice from clean source trees	2026-09-15T23:41:07.5315814Z [sp1] [docker]  [1m[92m   Compiling[0m crypto-common v0.2.2
reproduce-current-v2-identities	Build both guests twice from clean source trees	2026-09-15T23:41:08.5760422Z [sp1] [docker]  [1m[92m   Compiling[0m itertools v0.14.0
reproduce-current-v2-identities	Build both guests twice from clean source trees	2026-09-15T23:41:09.0640234Z [sp1] [docker]  [1m[92m   Compiling[0m semver v1.0.28
reproduce-current-v2-identities	Build both guests twice from clean source trees	2026-09-15T23:41:09.4049203Z [sp1] [docker]  [1m[92m   Compiling[0m zmij v1.0.23
reproduce-current-v2-identities	Build both guests twice from clean source trees	2026-09-15T23:41:09.5530073Z [sp1] [docker]  [1m[92m   Compiling[0m tap v1.0.1
reproduce-current-v2-identities	Build both guests twice from clean source trees	2026-09-15T23:41:09.5562726Z [sp1] [docker]  [1m[92m   Compiling[0m const-oid v0.10.2
reproduce-current-v2-identities	Build both guests twice from clean source trees	2026-09-15T23:41:09.6246558Z [sp1] [docker]  [1m[92m   Compiling[0m wyz v0.5.1
reproduce-current-v2-identities	Build both guests twice from clean source trees	2026-09-15T23:41:09.8354775Z [sp1] [docker]  [1m[92m   Compiling[0m digest v0.11.3
reproduce-current-v2-identities	Build both guests twice from clean source trees	2026-09-15T23:41:09.8707520Z [sp1] [docker]  [1m[92m   Compiling[0m rustc_version v0.4.1
reproduce-current-v2-identities	Build both guests twice from clean source trees	2026-09-15T23:41:09.9868704Z [sp1] [docker]  [1m[92m   Compiling[0m addchain v0.2.1
reproduce-current-v2-identities	Build both guests twice from clean source trees	2026-09-15T23:41:10.1243283Z [sp1] [docker]  [1m[92m   Compiling[0m zeroize_derive v1.5.0
reproduce-current-v2-identities	Build both guests twice from clean source trees	2026-09-15T23:41:10.3466345Z [sp1] [docker]  [1m[92m   Compiling[0m keccak v0.2.0
reproduce-current-v2-identities	Build both guests twice from clean source trees	2026-09-15T23:41:10.4915370Z [sp1] [docker]  [1m[92m   Compiling[0m find-msvc-tools v0.1.9
reproduce-current-v2-identities	Build both guests twice from clean source trees	2026-09-15T23:41:10.5882452Z [sp1] [docker]  [1m[92m   Compiling[0m shlex v2.0.1
reproduce-current-v2-identities	Build both guests twice from clean source trees	2026-09-15T23:41:10.7018766Z [sp1] [docker]  [1m[92m   Compiling[0m keccak v0.1.6
reproduce-current-v2-identities	Build both guests twice from clean source trees	2026-09-15T23:41:10.7232025Z [sp1] [docker]  [1m[92m   Compiling[0m serde_json v1.0.150
reproduce-current-v2-identities	Build both guests twice from clean source trees	2026-09-15T23:41:10.8083804Z [sp1] [docker]  [1m[92m   Compiling[0m futures-executor v0.3.32
reproduce-current-v2-identities	Build both guests twice from clean source trees	2026-09-15T23:41:10.9033826Z [sp1] [docker]  [1m[92m   Compiling[0m slop-algebra v6.3.1
reproduce-current-v2-identities	Build both guests twice from clean source trees	2026-09-15T23:41:11.0214217Z [sp1] [docker]  [1m[92m   Compiling[0m funty v2.0.0
reproduce-current-v2-identities	Build both guests twice from clean source trees	2026-09-15T23:41:11.0251575Z [sp1] [docker]  [1m[92m   Compiling[0m futures v0.3.32
reproduce-current-v2-identities	Build both guests twice from clean source trees	2026-09-15T23:41:11.0583352Z [sp1] [docker]  [1m[92m   Compiling[0m sha3 v0.10.8 (https://github.com/sp1-patches/RustCrypto-hashes?tag=patch-sha3-0.10.8-sp1-6.0.0#0a16ae7a)
reproduce-current-v2-identities	Build both guests twice from clean source trees	2026-09-15T23:41:11.1010659Z [sp1] [docker]  [1m[92m   Compiling[0m cc v1.2.67
reproduce-current-v2-identities	Build both guests twice from clean source trees	2026-09-15T23:41:11.2711840Z [sp1] [docker]  [1m[92m   Compiling[0m zeroize v1.9.0
reproduce-current-v2-identities	Build both guests twice from clean source trees	2026-09-15T23:41:11.4109701Z [sp1] [docker]  [1m[92m   Compiling[0m sha3 v0.11.0
reproduce-current-v2-identities	Build both guests twice from clean source trees	2026-09-15T23:41:11.5318678Z [sp1] [docker]  [1m[92m   Compiling[0m p3-koala-bear v0.4.3-succinct
reproduce-current-v2-identities	Build both guests twice from clean source trees	2026-09-15T23:41:11.6257515Z [sp1] [docker]  [1m[92m   Compiling[0m bitvec v1.1.1
reproduce-current-v2-identities	Build both guests twice from clean source trees	2026-09-15T23:41:11.9452312Z [sp1] [docker]  [1m[92m   Compiling[0m ff_derive v0.13.1
reproduce-current-v2-identities	Build both guests twice from clean source trees	2026-09-15T23:41:12.7433631Z [sp1] [docker]  [1m[92m   Compiling[0m p3-challenger v0.4.3-succinct
reproduce-current-v2-identities	Build both guests twice from clean source trees	2026-09-15T23:41:12.7609372Z [sp1] [docker]  [1m[92m   Compiling[0m slop-symmetric v6.3.1
reproduce-current-v2-identities	Build both guests twice from clean source trees	2026-09-15T23:41:12.7953504Z [sp1] [docker]  [1m[92m   Compiling[0m half v1.8.3
reproduce-current-v2-identities	Build both guests twice from clean source trees	2026-09-15T23:41:12.9623033Z [sp1] [docker]  [1m[92m   Compiling[0m byteorder v1.5.0
reproduce-current-v2-identities	Build both guests twice from clean source trees	2026-09-15T23:41:13.1478851Z [sp1] [docker]  [1m[92m   Compiling[0m itoa v1.0.18
reproduce-current-v2-identities	Build both guests twice from clean source trees	2026-09-15T23:41:13.1621939Z [sp1] [docker]  [1m[92m   Compiling[0m subtle v2.6.1
reproduce-current-v2-identities	Build both guests twice from clean source trees	2026-09-15T23:41:13.2763789Z [sp1] [docker]  [1m[92m   Compiling[0m slop-challenger v6.3.1
reproduce-current-v2-identities	Build both guests twice from clean source trees	2026-09-15T23:41:13.3381607Z [sp1] [docker]  [1m[92m   Compiling[0m serde_cbor v0.11.2
reproduce-current-v2-identities	Build both guests twice from clean source trees	2026-09-15T23:41:13.3912754Z [sp1] [docker]  [1m[92m   Compiling[0m blake3 v1.8.5
reproduce-current-v2-identities	Build both guests twice from clean source trees	2026-09-15T23:41:13.6100783Z [sp1] [docker]  [1m[92m   Compiling[0m fips204 v0.4.6 (/root/program/third_party/fips204)
reproduce-current-v2-identities	Build both guests twice from clean source trees	2026-09-15T23:41:14.5141915Z [sp1] [docker]  [1m[92m   Compiling[0m ff v0.13.1
reproduce-current-v2-identities	Build both guests twice from clean source trees	2026-09-15T23:41:14.5723710Z [sp1] [docker]  [1m[92m   Compiling[0m slop-poseidon2 v6.3.1
reproduce-current-v2-identities	Build both guests twice from clean source trees	2026-09-15T23:41:14.6054148Z [sp1] [docker]  [1m[92m   Compiling[0m rustversion v1.0.23
reproduce-current-v2-identities	Build both guests twice from clean source trees	2026-09-15T23:41:14.6406867Z [sp1] [docker]  [1m[92m   Compiling[0m p3-bn254-fr v0.4.3-succinct
reproduce-current-v2-identities	Build both guests twice from clean source trees	2026-09-15T23:41:14.8428910Z [sp1] [docker]  [1m[92m   Compiling[0m postfiat-types v0.1.0 (/root/program/crates/types)
reproduce-current-v2-identities	Build both guests twice from clean source trees	2026-09-15T23:41:16.6862276Z [sp1] [docker]  [1m[92m   Compiling[0m postfiat-crypto-provider v0.1.0 (/root/program/crates/crypto_provider)
reproduce-current-v2-identities	Build both guests twice from clean source trees	2026-09-15T23:41:17.4349970Z [sp1] [docker]  [1m[92m   Compiling[0m base64 v0.13.1
reproduce-current-v2-identities	Build both guests twice from clean source trees	2026-09-15T23:41:17.6816548Z [sp1] [docker]  [1m[92m   Compiling[0m unicode-width v0.1.14
reproduce-current-v2-identities	Build both guests twice from clean source trees	2026-09-15T23:41:17.8897252Z [sp1] [docker]  [1m[92m   Compiling[0m lazy_static v1.5.0
reproduce-current-v2-identities	Build both guests twice from clean source trees	2026-09-15T23:41:17.9316546Z [sp1] [docker]  [1m[92m   Compiling[0m constant_time_eq v0.4.2
reproduce-current-v2-identities	Build both guests twice from clean source trees	2026-09-15T23:41:18.0165935Z [sp1] [docker]  [1m[92m   Compiling[0m arrayref v0.3.9
reproduce-current-v2-identities	Build both guests twice from clean source trees	2026-09-15T23:41:18.0463648Z [sp1] [docker]  [1m[92m   Compiling[0m arrayvec v0.7.8
reproduce-current-v2-identities	Build both guests twice from clean source trees	2026-09-15T23:41:19.2334502Z [sp1] [docker]  [1m[92m   Compiling[0m slop-koala-bear v6.3.1
reproduce-current-v2-identities	Build both guests twice from clean source trees	2026-09-15T23:41:19.2831646Z [sp1] [docker]  [1m[92m   Compiling[0m svgbobdoc v0.3.0
reproduce-current-v2-identities	Build both guests twice from clean source trees	2026-09-15T23:41:19.6533373Z [sp1] [docker]  [1m[92m   Compiling[0m slop-bn254 v6.3.1
reproduce-current-v2-identities	Build both guests twice from clean source trees	2026-09-15T23:41:20.4524770Z [sp1] [docker]  [1m[92m   Compiling[0m slop-primitives v6.3.1
reproduce-current-v2-identities	Build both guests twice from clean source trees	2026-09-15T23:41:20.5091679Z [sp1] [docker]  [1m[92m   Compiling[0m bincode v1.3.3
reproduce-current-v2-identities	Build both guests twice from clean source trees	2026-09-15T23:41:20.5429856Z [sp1] [docker]  [1m[92m   Compiling[0m const-default v1.0.0
reproduce-current-v2-identities	Build both guests twice from clean source trees	2026-09-15T23:41:20.6008845Z [sp1] [docker]  [1m[92m   Compiling[0m libm v0.2.16
reproduce-current-v2-identities	Build both guests twice from clean source trees	2026-09-15T23:41:20.8003493Z [sp1] [docker]  [1m[92m   Compiling[0m elf v0.7.4
reproduce-current-v2-identities	Build both guests twice from clean source trees	2026-09-15T23:41:21.0918331Z [sp1] [docker]  [1m[92m   Compiling[0m getrandom v0.3.4
reproduce-current-v2-identities	Build both guests twice from clean source trees	2026-09-15T23:41:21.2839454Z [sp1] [docker]  [1m[92m   Compiling[0m hex v0.4.3
reproduce-current-v2-identities	Build both guests twice from clean source trees	2026-09-15T23:41:21.6035427Z [sp1] [docker]  [1m[92m   Compiling[0m sp1-primitives v6.3.1
reproduce-current-v2-identities	Build both guests twice from clean source trees	2026-09-15T23:41:21.7398660Z [sp1] [docker]  [1m[92m   Compiling[0m rlsf v0.2.2
reproduce-current-v2-identities	Build both guests twice from clean source trees	2026-09-15T23:41:22.0688852Z [sp1] [docker]  [1m[92m   Compiling[0m linked_list_allocator v0.10.6
reproduce-current-v2-identities	Build both guests twice from clean source trees	2026-09-15T23:41:22.2579544Z [sp1] [docker]  [1m[92m   Compiling[0m critical-section v1.2.0
reproduce-current-v2-identities	Build both guests twice from clean source trees	2026-09-15T23:41:22.3159633Z [sp1] [docker]  [1m[92m   Compiling[0m sp1-zkvm v6.3.1
reproduce-current-v2-identities	Build both guests twice from clean source trees	2026-09-15T23:41:22.4267203Z [sp1] [docker]  [1m[92m   Compiling[0m embedded-alloc v0.6.0
reproduce-current-v2-identities	Build both guests twice from clean source trees	2026-09-15T23:41:22.5988541Z [sp1] [docker]  [1m[92m   Compiling[0m sp1-lib v6.3.1
reproduce-current-v2-identities	Build both guests twice from clean source trees	2026-09-15T23:41:34.5813846Z [sp1] [docker]  [1m[92m   Compiling[0m postfiat-mempool-dag v0.1.0 (/root/program/crates/mempool_dag)
reproduce-current-v2-identities	Build both guests twice from clean source trees	2026-09-15T23:41:34.5818189Z [sp1] [docker]  [1m[92m   Compiling[0m postfiat-consensus-cobalt v0.1.0 (/root/program/crates/consensus_cobalt)
reproduce-current-v2-identities	Build both guests twice from clean source trees	2026-09-15T23:41:39.0065366Z [sp1] [docker]  [1m[92m   Compiling[0m postfiat-ordering-fast v0.1.0 (/root/program/crates/ordering_fast)
reproduce-current-v2-identities	Build both guests twice from clean source trees	2026-09-15T23:41:47.3631814Z [sp1] [docker]  [1m[92m   Compiling[0m postfiat-pfusdc-proofs v0.1.0 (/root/program/crates/pfusdc_proofs)
reproduce-current-v2-identities	Build both guests twice from clean source trees	2026-09-15T23:41:54.3952543Z [sp1] [docker]  [1m[92m   Compiling[0m pfusdc-egress-program v0.1.0 (/root/program/programs/pfusdc-egress)
reproduce-current-v2-identities	Build both guests twice from clean source trees	2026-09-15T23:42:17.7228947Z [sp1] [docker]  [1m[92m    Finished[0m `release` profile [optimized] target(s) in 1m 27s
reproduce-current-v2-identities	Build both guests twice from clean source trees	2026-09-15T23:42:18.0688436Z cargo:rustc-env=SP1_ELF_pfusdc-egress-program=/home/runner/work/_temp/arc-proof-identities/src-a/programs/pfusdc-egress/target/elf-compilation/docker/riscv64im-succinct-zkvm-elf/release/pfusdc-egress-program
reproduce-current-v2-identities	Build both guests twice from clean source trees	2026-09-15T23:42:18.4853332Z cargo:warning=docker: rustc +succinct --version: "rustc 1.94.0-dev\n"
reproduce-current-v2-identities	Build both guests twice from clean source trees	2026-09-15T23:42:20.6958432Z cargo:warning=docker: rustc_bin: "/root/.sp1/toolchains/g7wv95WZT7/bin/rustc"
reproduce-current-v2-identities	Build both guests twice from clean source trees	2026-09-15T23:42:20.7929726Z [sp1] [docker]  info: `cargo` is unavailable for the active toolchain
reproduce-current-v2-identities	Build both guests twice from clean source trees	2026-09-15T23:42:20.7930684Z [sp1] [docker]  info: falling back to "/root/.rustup/toolchains/stable-x86_64-unknown-linux-gnu/bin/cargo"
reproduce-current-v2-identities	Build both guests twice from clean source trees	2026-09-15T23:42:20.8468831Z [sp1] [docker]  [1m[92m    Updating[0m git repository `https://github.com/sp1-patches/RustCrypto-hashes`
reproduce-current-v2-identities	Build both guests twice from clean source trees	2026-09-15T23:42:21.4768890Z [sp1] [docker]  [1m[92m    Updating[0m git repository `https://github.com/sp1-patches/RustCrypto-hashes`
reproduce-current-v2-identities	Build both guests twice from clean source trees	2026-09-15T23:42:22.1661013Z [sp1] [docker]  [1m[33mwarning[0m: patch `tiny-keccak v2.0.2 (https://github.com/sp1-patches/tiny-keccak?tag=patch-2.0.2-sp1-6.0.0#957430a4)` was not used in the crate graph
reproduce-current-v2-identities	Build both guests twice from clean source trees	2026-09-15T23:42:22.1662481Z [sp1] [docker]  [1m[96mhelp[0m: Check that the patched package version and available features are compatible
reproduce-current-v2-identities	Build both guests twice from clean source trees	2026-09-15T23:42:22.1663633Z [sp1] [docker]        with the dependency requirements. If the patch has a different version from
reproduce-current-v2-identities	Build both guests twice from clean source trees	2026-09-15T23:42:22.1664417Z [sp1] [docker]        what is locked in the Cargo.lock file, run `cargo update` to use the new
reproduce-current-v2-identities	Build both guests twice from clean source trees	2026-09-15T23:42:22.1665220Z [sp1] [docker]        version. This may also occur with an optional dependency that is not enabled.
reproduce-current-v2-identities	Build both guests twice from clean source trees	2026-09-15T23:42:22.5436135Z [sp1] [docker]  [1m[92m   Compiling[0m proc-macro2 v1.0.107
reproduce-current-v2-identities	Build both guests twice from clean source trees	2026-09-15T23:42:22.5436840Z [sp1] [docker]  [1m[92m   Compiling[0m unicode-ident v1.0.24
reproduce-current-v2-identities	Build both guests twice from clean source trees	2026-09-15T23:42:22.5437452Z [sp1] [docker]  [1m[92m   Compiling[0m quote v1.0.47
reproduce-current-v2-identities	Build both guests twice from clean source trees	2026-09-15T23:42:22.5437997Z [sp1] [docker]  [1m[92m   Compiling[0m cfg-if v1.0.4
reproduce-current-v2-identities	Build both guests twice from clean source trees	2026-09-15T23:42:22.5755025Z [sp1] [docker]  [1m[92m   Compiling[0m serde_core v1.0.229
reproduce-current-v2-identities	Build both guests twice from clean source trees	2026-09-15T23:42:22.6112816Z [sp1] [docker]  [1m[92m   Compiling[0m serde v1.0.229
reproduce-current-v2-identities	Build both guests twice from clean source trees	2026-09-15T23:42:22.7062110Z [sp1] [docker]  [1m[92m   Compiling[0m autocfg v1.5.1
reproduce-current-v2-identities	Build both guests twice from clean source trees	2026-09-15T23:42:22.7953762Z [sp1] [docker]  [1m[92m   Compiling[0m version_check v0.9.5
reproduce-current-v2-identities	Build both guests twice from clean source trees	2026-09-15T23:42:23.0840370Z [sp1] [docker]  [1m[92m   Compiling[0m getrandom v0.2.17
reproduce-current-v2-identities	Build both guests twice from clean source trees	2026-09-15T23:42:23.1044365Z [sp1] [docker]  [1m[92m   Compiling[0m generic-array v0.14.9
reproduce-current-v2-identities	Build both guests twice from clean source trees	2026-09-15T23:42:23.1850871Z [sp1] [docker]  [1m[92m   Compiling[0m rand_core v0.6.4
reproduce-current-v2-identities	Build both guests twice from clean source trees	2026-09-15T23:42:23.1921759Z [sp1] [docker]  [1m[92m   Compiling[0m subtle v2.6.1
reproduce-current-v2-identities	Build both guests twice from clean source trees	2026-09-15T23:42:23.4047822Z [sp1] [docker]  [1m[92m   Compiling[0m zeroize v1.9.0
reproduce-current-v2-identities	Build both guests twice from clean source trees	2026-09-15T23:42:23.5030857Z [sp1] [docker]  [1m[92m   Compiling[0m zerocopy v0.8.56
reproduce-current-v2-identities	Build both guests twice from clean source trees	2026-09-15T23:42:23.5596633Z [sp1] [docker]  [1m[92m   Compiling[0m syn v3.0.4
reproduce-current-v2-identities	Build both guests twice from clean source trees	2026-09-15T23:42:23.5828942Z [sp1] [docker]  [1m[92m   Compiling[0m syn v2.0.119
reproduce-current-v2-identities	Build both guests twice from clean source trees	2026-09-15T23:42:23.8227276Z [sp1] [docker]  [1m[92m   Compiling[0m num-traits v0.2.19
reproduce-current-v2-identities	Build both guests twice from clean source trees	2026-09-15T23:42:23.8989465Z [sp1] [docker]  [1m[92m   Compiling[0m typenum v1.20.1
reproduce-current-v2-identities	Build both guests twice from clean source trees	2026-09-15T23:42:24.7142510Z [sp1] [docker]  [1m[92m   Compiling[0m either v1.18.0
reproduce-current-v2-identities	Build both guests twice from clean source trees	2026-09-15T23:42:26.8784094Z [sp1] [docker]  [1m[92m   Compiling[0m num-integer v0.1.47
reproduce-current-v2-identities	Build both guests twice from clean source trees	2026-09-15T23:42:27.5409762Z [sp1] [docker]  [1m[92m   Compiling[0m once_cell v1.21.4
reproduce-current-v2-identities	Build both guests twice from clean source trees	2026-09-15T23:42:27.7874194Z [sp1] [docker]  [1m[92m   Compiling[0m pin-project-lite v0.2.17
reproduce-current-v2-identities	Build both guests twice from clean source trees	2026-09-15T23:42:27.8353323Z [sp1] [docker]  [1m[92m   Compiling[0m num-bigint v0.4.8
reproduce-current-v2-identities	Build both guests twice from clean source trees	2026-09-15T23:42:28.3024011Z [sp1] [docker]  [1m[92m   Compiling[0m serde_derive v1.0.229
reproduce-current-v2-identities	Build both guests twice from clean source trees	2026-09-15T23:42:29.9827386Z [sp1] [docker]  [1m[92m   Compiling[0m itertools v0.12.1
reproduce-current-v2-identities	Build both guests twice from clean source trees	2026-09-15T23:42:31.0981273Z [sp1] [docker]  [1m[92m   Compiling[0m ppv-lite86 v0.2.21
reproduce-current-v2-identities	Build both guests twice from clean source trees	2026-09-15T23:42:31.3830827Z [sp1] [docker]  [1m[92m   Compiling[0m rand_chacha v0.3.1
reproduce-current-v2-identities	Build both guests twice from clean source trees	2026-09-15T23:42:32.1914313Z [sp1] [docker]  [1m[92m   Compiling[0m rand v0.8.8
reproduce-current-v2-identities	Build both guests twice from clean source trees	2026-09-15T23:42:32.5555723Z [sp1] [docker]  [1m[92m   Compiling[0m p3-util v0.4.3-succinct
reproduce-current-v2-identities	Build both guests twice from clean source trees	2026-09-15T23:42:32.6577000Z [sp1] [docker]  [1m[92m   Compiling[0m block-buffer v0.10.4
reproduce-current-v2-identities	Build both guests twice from clean source trees	2026-09-15T23:42:32.7646037Z [sp1] [docker]  [1m[92m   Compiling[0m crypto-common v0.1.6
reproduce-current-v2-identities	Build both guests twice from clean source trees	2026-09-15T23:42:32.8281322Z [sp1] [docker]  [1m[92m   Compiling[0m digest v0.10.7
reproduce-current-v2-identities	Build both guests twice from clean source trees	2026-09-15T23:42:33.0669433Z [sp1] [docker]  [1m[92m   Compiling[0m p3-field v0.4.3-succinct
reproduce-current-v2-identities	Build both guests twice from clean source trees	2026-09-15T23:42:33.2786501Z [sp1] [docker]  [1m[92m   Compiling[0m tracing-attributes v0.1.31
reproduce-current-v2-identities	Build both guests twice from clean source trees	2026-09-15T23:42:33.3459763Z [sp1] [docker]  [1m[92m   Compiling[0m tracing-core v0.1.36
reproduce-current-v2-identities	Build both guests twice from clean source trees	2026-09-15T23:42:33.4227063Z [sp1] [docker]  [1m[92m   Compiling[0m arrayvec v0.7.8
reproduce-current-v2-identities	Build both guests twice from clean source trees	2026-09-15T23:42:33.5390245Z [sp1] [docker]  [1m[92m   Compiling[0m p3-maybe-rayon v0.4.3-succinct
reproduce-current-v2-identities	Build both guests twice from clean source trees	2026-09-15T23:42:33.6595788Z [sp1] [docker]  [1m[92m   Compiling[0m p3-symmetric v0.4.3-succinct
reproduce-current-v2-identities	Build both guests twice from clean source trees	2026-09-15T23:42:33.6892359Z [sp1] [docker]  [1m[92m   Compiling[0m paste v1.0.15
reproduce-current-v2-identities	Build both guests twice from clean source trees	2026-09-15T23:42:33.8461857Z [sp1] [docker]  [1m[92m   Compiling[0m num-bigint v0.3.3
reproduce-current-v2-identities	Build both guests twice from clean source trees	2026-09-15T23:42:34.4785232Z [sp1] [docker]  [1m[92m   Compiling[0m radium v0.7.0
reproduce-current-v2-identities	Build both guests twice from clean source trees	2026-09-15T23:42:34.5779413Z [sp1] [docker]  [1m[92m   Compiling[0m tracing v0.1.44
reproduce-current-v2-identities	Build both guests twice from clean source trees	2026-09-15T23:42:34.6168346Z [sp1] [docker]  [1m[92m   Compiling[0m syn v1.0.109
reproduce-current-v2-identities	Build both guests twice from clean source trees	2026-09-15T23:42:34.6219896Z [sp1] [docker]  [1m[92m   Compiling[0m bytes v1.12.1
reproduce-current-v2-identities	Build both guests twice from clean source trees	2026-09-15T23:42:34.7988285Z [sp1] [docker]  [1m[92m   Compiling[0m p3-matrix v0.4.3-succinct
reproduce-current-v2-identities	Build both guests twice from clean source trees	2026-09-15T23:42:34.9238708Z [sp1] [docker]  [1m[92m   Compiling[0m alloy-rlp-derive v0.3.16
reproduce-current-v2-identities	Build both guests twice from clean source trees	2026-09-15T23:42:35.1287209Z [sp1] [docker]  [1m[92m   Compiling[0m p3-dft v0.4.3-succinct
reproduce-current-v2-identities	Build both guests twice from clean source trees	2026-09-15T23:42:35.3393136Z [sp1] [docker]  [1m[92m   Compiling[0m tap v1.0.1
reproduce-current-v2-identities	Build both guests twice from clean source trees	2026-09-15T23:42:35.4070263Z [sp1] [docker]  [1m[92m   Compiling[0m futures-core v0.3.34
reproduce-current-v2-identities	Build both guests twice from clean source trees	2026-09-15T23:42:35.4564885Z [sp1] [docker]  [1m[92m   Compiling[0m semver v1.0.28
reproduce-current-v2-identities	Build both guests twice from clean source trees	2026-09-15T23:42:35.5038961Z [sp1] [docker]  [1m[92m   Compiling[0m futures-sink v0.3.34
reproduce-current-v2-identities	Build both guests twice from clean source trees	2026-09-15T23:42:35.5624835Z [sp1] [docker]  [1m[92m   Compiling[0m unicode-segmentation v1.13.3
reproduce-current-v2-identities	Build both guests twice from clean source trees	2026-09-15T23:42:35.7584268Z [sp1] [docker]  [1m[92m   Compiling[0m rustc_version v0.4.1
reproduce-current-v2-identities	Build both guests twice from clean source trees	2026-09-15T23:42:35.8908184Z [sp1] [docker]  [1m[92m   Compiling[0m futures-channel v0.3.34
reproduce-current-v2-identities	Build both guests twice from clean source trees	2026-09-15T23:42:36.0085268Z [sp1] [docker]  [1m[92m   Compiling[0m convert_case v0.10.0
reproduce-current-v2-identities	Build both guests twice from clean source trees	2026-09-15T23:42:36.0253973Z [sp1] [docker]  [1m[92m   Compiling[0m alloy-rlp v0.3.12
reproduce-current-v2-identities	Build both guests twice from clean source trees	2026-09-15T23:42:36.1464181Z [sp1] [docker]  [1m[92m   Compiling[0m wyz v0.5.1
reproduce-current-v2-identities	Build both guests twice from clean source trees	2026-09-15T23:42:36.2730194Z [sp1] [docker]  [1m[92m   Compiling[0m p3-mds v0.4.3-succinct
reproduce-current-v2-identities	Build both guests twice from clean source trees	2026-09-15T23:42:36.4489072Z [sp1] [docker]  [1m[92m   Compiling[0m addchain v0.2.1
reproduce-current-v2-identities	Build both guests twice from clean source trees	2026-09-15T23:42:36.5720183Z [sp1] [docker]  [1m[92m   Compiling[0m futures-macro v0.3.34
reproduce-current-v2-identities	Build both guests twice from clean source trees	2026-09-15T23:42:36.6251382Z [sp1] [docker]  [1m[92m   Compiling[0m funty v2.0.0
reproduce-current-v2-identities	Build both guests twice from clean source trees	2026-09-15T23:42:36.6831632Z [sp1] [docker]  [1m[92m   Compiling[0m memchr v2.8.3
reproduce-current-v2-identities	Build both guests twice from clean source trees	2026-09-15T23:42:37.3120988Z [sp1] [docker]  [1m[92m   Compiling[0m futures-io v0.3.34
reproduce-current-v2-identities	Build both guests twice from clean source trees	2026-09-15T23:42:37.4313340Z [sp1] [docker]  [1m[92m   Compiling[0m gcd v2.3.0
reproduce-current-v2-identities	Build both guests twice from clean source trees	2026-09-15T23:42:37.4562042Z [sp1] [docker]  [1m[92m   Compiling[0m ruint-macro v1.2.1
reproduce-current-v2-identities	Build both guests twice from clean source trees	2026-09-15T23:42:37.5727084Z [sp1] [docker]  [1m[92m   Compiling[0m unicode-xid v0.2.6
reproduce-current-v2-identities	Build both guests twice from clean source trees	2026-09-15T23:42:37.6336536Z [sp1] [docker]  [1m[92m   Compiling[0m slab v0.4.12
reproduce-current-v2-identities	Build both guests twice from clean source trees	2026-09-15T23:42:37.7005222Z [sp1] [docker]  [1m[92m   Compiling[0m futures-task v0.3.34
reproduce-current-v2-identities	Build both guests twice from clean source trees	2026-09-15T23:42:37.8029958Z [sp1] [docker]  [1m[92m   Compiling[0m ruint v1.20.0
reproduce-current-v2-identities	Build both guests twice from clean source trees	2026-09-15T23:42:37.8236096Z [sp1] [docker]  [1m[92m   Compiling[0m futures-util v0.3.34
reproduce-current-v2-identities	Build both guests twice from clean source trees	2026-09-15T23:42:37.9826996Z [sp1] [docker]  [1m[92m   Compiling[0m derive_more-impl v2.1.1
reproduce-current-v2-identities	Build both guests twice from clean source trees	2026-09-15T23:42:38.7611063Z [sp1] [docker]  [1m[92m   Compiling[0m p3-poseidon2 v0.4.3-succinct
reproduce-current-v2-identities	Build both guests twice from clean source trees	2026-09-15T23:42:38.9650050Z [sp1] [docker]  [1m[92m   Compiling[0m bitvec v1.1.1
reproduce-current-v2-identities	Build both guests twice from clean source trees	2026-09-15T23:42:41.0198625Z [sp1] [docker]  [1m[92m   Compiling[0m ff_derive v0.13.1
reproduce-current-v2-identities	Build both guests twice from clean source trees	2026-09-15T23:42:41.7372634Z [sp1] [docker]  [1m[92m   Compiling[0m itertools v0.14.0
reproduce-current-v2-identities	Build both guests twice from clean source trees	2026-09-15T23:42:41.9119671Z [sp1] [docker]  [1m[92m   Compiling[0m byteorder v1.5.0
reproduce-current-v2-identities	Build both guests twice from clean source trees	2026-09-15T23:42:42.0359262Z [sp1] [docker]  [1m[92m   Compiling[0m keccak v0.1.6
reproduce-current-v2-identities	Build both guests twice from clean source trees	2026-09-15T23:42:42.0970031Z [sp1] [docker]  [1m[92m   Compiling[0m foldhash v0.2.0
reproduce-current-v2-identities	Build both guests twice from clean source trees	2026-09-15T23:42:42.3201748Z [sp1] [docker]  [1m[92m   Compiling[0m hashbrown v0.16.1
reproduce-current-v2-identities	Build both guests twice from clean source trees	2026-09-15T23:42:42.3429090Z [sp1] [docker]  [1m[92m   Compiling[0m sha3 v0.10.8 (https://github.com/sp1-patches/RustCrypto-hashes?tag=patch-sha3-0.10.8-sp1-6.0.0#0a16ae7a)
reproduce-current-v2-identities	Build both guests twice from clean source trees	2026-09-15T23:42:42.5533162Z [sp1] [docker]  [1m[92m   Compiling[0m derive_more v2.1.1
reproduce-current-v2-identities	Build both guests twice from clean source trees	2026-09-15T23:42:42.6428439Z [sp1] [docker]  [1m[92m   Compiling[0m ff v0.13.1
reproduce-current-v2-identities	Build both guests twice from clean source trees	2026-09-15T23:42:42.7530444Z [sp1] [docker]  [1m[92m   Compiling[0m futures-executor v0.3.34
reproduce-current-v2-identities	Build both guests twice from clean source trees	2026-09-15T23:42:42.8293783Z [sp1] [docker]  [1m[92m   Compiling[0m const-hex v1.19.1
reproduce-current-v2-identities	Build both guests twice from clean source trees	2026-09-15T23:42:43.1933312Z [sp1] [docker]  [1m[92m   Compiling[0m rustc-hash v2.1.3
reproduce-current-v2-identities	Build both guests twice from clean source trees	2026-09-15T23:42:43.2045414Z [sp1] [docker]  [1m[92m   Compiling[0m find-msvc-tools v0.1.11
reproduce-current-v2-identities	Build both guests twice from clean source trees	2026-09-15T23:42:43.2576765Z [sp1] [docker]  [1m[92m   Compiling[0m itoa v1.0.18
reproduce-current-v2-identities	Build both guests twice from clean source trees	2026-09-15T23:42:43.2753195Z [sp1] [docker]  [1m[92m   Compiling[0m shlex v2.0.1
reproduce-current-v2-identities	Build both guests twice from clean source trees	2026-09-15T23:42:43.4039753Z [sp1] [docker]  [1m[92m   Compiling[0m alloy-primitives v1.5.7
reproduce-current-v2-identities	Build both guests twice from clean source trees	2026-09-15T23:42:43.4069804Z [sp1] [docker]  [1m[92m   Compiling[0m cc v1.4.4
reproduce-current-v2-identities	Build both guests twice from clean source trees	2026-09-15T23:42:43.5294807Z [sp1] [docker]  [1m[92m   Compiling[0m futures v0.3.34
reproduce-current-v2-identities	Build both guests twice from clean source trees	2026-09-15T23:42:43.5611494Z [sp1] [docker]  [1m[92m   Compiling[0m p3-koala-bear v0.4.3-succinct
reproduce-current-v2-identities	Build both guests twice from clean source trees	2026-09-15T23:42:43.6506494Z [sp1] [docker]  [1m[92m   Compiling[0m p3-challenger v0.4.3-succinct
reproduce-current-v2-identities	Build both guests twice from clean source trees	2026-09-15T23:42:43.9988308Z [sp1] [docker]  [1m[92m   Compiling[0m slop-algebra v6.5.0
reproduce-current-v2-identities	Build both guests twice from clean source trees	2026-09-15T23:42:44.0358803Z [sp1] [docker]  [1m[92m   Compiling[0m slop-symmetric v6.5.0
reproduce-current-v2-identities	Build both guests twice from clean source trees	2026-09-15T23:42:44.0666711Z [sp1] [docker]  [1m[92m   Compiling[0m thiserror v2.0.20
reproduce-current-v2-identities	Build both guests twice from clean source trees	2026-09-15T23:42:44.3181260Z [sp1] [docker]  [1m[92m   Compiling[0m slop-challenger v6.5.0
reproduce-current-v2-identities	Build both guests twice from clean source trees	2026-09-15T23:42:44.3989274Z [sp1] [docker]  [1m[92m   Compiling[0m slop-poseidon2 v6.5.0
reproduce-current-v2-identities	Build both guests twice from clean source trees	2026-09-15T23:42:44.4292534Z [sp1] [docker]  [1m[92m   Compiling[0m sha2 v0.10.9 (https://github.com/sp1-patches/RustCrypto-hashes?tag=patch-sha2-0.10.9-sp1-6.0.0#e48b656e)
reproduce-current-v2-identities	Build both guests twice from clean source trees	2026-09-15T23:42:45.1412724Z [sp1] [docker]  [1m[92m   Compiling[0m blake3 v1.8.7
reproduce-current-v2-identities	Build both guests twice from clean source trees	2026-09-15T23:42:45.3261368Z [sp1] [docker]  [1m[92m   Compiling[0m thiserror-impl v2.0.20
reproduce-current-v2-identities	Build both guests twice from clean source trees	2026-09-15T23:42:45.3445182Z [sp1] [docker]  [1m[92m   Compiling[0m const-oid v0.9.6
reproduce-current-v2-identities	Build both guests twice from clean source trees	2026-09-15T23:42:45.6333935Z [sp1] [docker]  [1m[92m   Compiling[0m der v0.7.10
reproduce-current-v2-identities	Build both guests twice from clean source trees	2026-09-15T23:42:45.8557961Z [sp1] [docker]  [1m[92m   Compiling[0m p3-bn254-fr v0.4.3-succinct
reproduce-current-v2-identities	Build both guests twice from clean source trees	2026-09-15T23:42:46.6641931Z [sp1] [docker]  [1m[92m   Compiling[0m hmac v0.12.1
reproduce-current-v2-identities	Build both guests twice from clean source trees	2026-09-15T23:42:46.7273017Z [sp1] [docker]  [1m[92m   Compiling[0m base16ct v0.2.0
reproduce-current-v2-identities	Build both guests twice from clean source trees	2026-09-15T23:42:46.7569876Z [sp1] [docker]  [1m[92m   Compiling[0m constant_time_eq v0.4.2
reproduce-current-v2-identities	Build both guests twice from clean source trees	2026-09-15T23:42:46.8358435Z [sp1] [docker]  [1m[92m   Compiling[0m lazy_static v1.5.0
reproduce-current-v2-identities	Build both guests twice from clean source trees	2026-09-15T23:42:46.8681832Z [sp1] [docker]  [1m[92m   Compiling[0m slop-koala-bear v6.5.0
reproduce-current-v2-identities	Build both guests twice from clean source trees	2026-09-15T23:42:46.8761662Z [sp1] [docker]  [1m[92m   Compiling[0m sec1 v0.7.3
reproduce-current-v2-identities	Build both guests twice from clean source trees	2026-09-15T23:42:47.7890845Z [sp1] [docker]  [1m[92m   Compiling[0m slop-bn254 v6.5.0
reproduce-current-v2-identities	Build both guests twice from clean source trees	2026-09-15T23:42:48.1267363Z [sp1] [docker]  [1m[92m   Compiling[0m hkdf v0.12.4
reproduce-current-v2-identities	Build both guests twice from clean source trees	2026-09-15T23:42:48.2259454Z [sp1] [docker]  [1m[92m   Compiling[0m slop-primitives v6.5.0
reproduce-current-v2-identities	Build both guests twice from clean source trees	2026-09-15T23:42:48.2707742Z [sp1] [docker]  [1m[92m   Compiling[0m group v0.13.0
reproduce-current-v2-identities	Build both guests twice from clean source trees	2026-09-15T23:42:48.2746884Z [sp1] [docker]  [1m[92m   Compiling[0m bincode v1.3.3
reproduce-current-v2-identities	Build both guests twice from clean source trees	2026-09-15T23:42:48.3326227Z [sp1] [docker]  [1m[92m   Compiling[0m crypto-bigint v0.5.5
reproduce-current-v2-identities	Build both guests twice from clean source trees	2026-09-15T23:42:48.3694293Z [sp1] [docker]  [1m[92m   Compiling[0m ident_case v1.0.1
reproduce-current-v2-identities	Build both guests twice from clean source trees	2026-09-15T23:42:48.4640085Z [sp1] [docker]  [1m[92m   Compiling[0m rustversion v1.0.23
reproduce-current-v2-identities	Build both guests twice from clean source trees	2026-09-15T23:42:48.6772257Z [sp1] [docker]  [1m[92m   Compiling[0m hex v0.4.3
reproduce-current-v2-identities	Build both guests twice from clean source trees	2026-09-15T23:42:48.8228412Z [sp1] [docker]  [1m[92m   Compiling[0m cpufeatures v0.2.17
reproduce-current-v2-identities	Build both guests twice from clean source trees	2026-09-15T23:42:48.8501992Z [sp1] [docker]  [1m[92m   Compiling[0m elf v0.7.4
reproduce-current-v2-identities	Build both guests twice from clean source trees	2026-09-15T23:42:48.9774450Z [sp1] [docker]  [1m[92m   Compiling[0m strsim v0.11.1
reproduce-current-v2-identities	Build both guests twice from clean source trees	2026-09-15T23:42:49.2770011Z [sp1] [docker]  [1m[92m   Compiling[0m darling_core v0.23.0
reproduce-current-v2-identities	Build both guests twice from clean source trees	2026-09-15T23:42:49.4752663Z [sp1] [docker]  [1m[92m   Compiling[0m syn-solidity v1.7.1
reproduce-current-v2-identities	Build both guests twice from clean source trees	2026-09-15T23:42:49.7379483Z [sp1] [docker]  [1m[92m   Compiling[0m sp1-primitives v6.3.1
reproduce-current-v2-identities	Build both guests twice from clean source trees	2026-09-15T23:42:51.1814096Z [sp1] [docker]  [1m[92m   Compiling[0m elliptic-curve v0.13.8
reproduce-current-v2-identities	Build both guests twice from clean source trees	2026-09-15T23:42:51.5695937Z [sp1] [docker]  [1m[92m   Compiling[0m macro-string v0.1.4
reproduce-current-v2-identities	Build both guests twice from clean source trees	2026-09-15T23:42:51.7813541Z [sp1] [docker]  [1m[92m   Compiling[0m proc-macro-error-attr2 v2.0.0
reproduce-current-v2-identities	Build both guests twice from clean source trees	2026-09-15T23:42:52.0299801Z [sp1] [docker]  [1m[92m   Compiling[0m equivalent v1.0.2
reproduce-current-v2-identities	Build both guests twice from clean source trees	2026-09-15T23:42:52.0334257Z [sp1] [docker]  [1m[92m   Compiling[0m hashbrown v0.17.1
reproduce-current-v2-identities	Build both guests twice from clean source trees	2026-09-15T23:42:52.0632827Z [sp1] [docker]  [1m[92m   Compiling[0m dunce v1.0.5
reproduce-current-v2-identities	Build both guests twice from clean source trees	2026-09-15T23:42:52.0982815Z [sp1] [docker]  [1m[92m   Compiling[0m heck v0.5.0
reproduce-current-v2-identities	Build both guests twice from clean source trees	2026-09-15T23:42:52.2917273Z [sp1] [docker]  [1m[92m   Compiling[0m crc-catalog v2.5.0
reproduce-current-v2-identities	Build both guests twice from clean source trees	2026-09-15T23:42:52.3676573Z [sp1] [docker]  [1m[92m   Compiling[0m crc v3.4.0
reproduce-current-v2-identities	Build both guests twice from clean source trees	2026-09-15T23:42:52.5461390Z [sp1] [docker]  [1m[92m   Compiling[0m alloy-sol-macro-input v1.5.7
reproduce-current-v2-identities	Build both guests twice from clean source trees	2026-09-15T23:42:52.7682925Z [sp1] [docker]  [1m[92m   Compiling[0m indexmap v2.14.1
reproduce-current-v2-identities	Build both guests twice from clean source trees	2026-09-15T23:42:52.7753017Z [sp1] [docker]  [1m[92m   Compiling[0m darling_macro v0.23.0
reproduce-current-v2-identities	Build both guests twice from clean source trees	2026-09-15T23:42:52.8908657Z [sp1] [docker]  [1m[92m   Compiling[0m proc-macro-error2 v2.0.1
reproduce-current-v2-identities	Build both guests twice from clean source trees	2026-09-15T23:42:53.1373128Z [sp1] [docker]  [1m[92m   Compiling[0m sp1-lib v6.3.1
reproduce-current-v2-identities	Build both guests twice from clean source trees	2026-09-15T23:42:53.6884283Z [sp1] [docker]  [1m[92m   Compiling[0m curve25519-dalek v4.1.3 (https://github.com/sp1-patches/curve25519-dalek?tag=patch-4.1.3-sp1-6.2.0#b251b2a1)
reproduce-current-v2-identities	Build both guests twice from clean source trees	2026-09-15T23:42:53.7188853Z [sp1] [docker]  [1m[92m   Compiling[0m smallvec v1.15.2
reproduce-current-v2-identities	Build both guests twice from clean source trees	2026-09-15T23:42:53.7349048Z [sp1] [docker]  [1m[92m   Compiling[0m libm v0.2.16
reproduce-current-v2-identities	Build both guests twice from clean source trees	2026-09-15T23:42:53.8059938Z [sp1] [docker]  [1m[92m   Compiling[0m getrandom v0.3.4
reproduce-current-v2-identities	Build both guests twice from clean source trees	2026-09-15T23:42:53.9305868Z [sp1] [docker]  [1m[92m   Compiling[0m const-default v1.0.0
reproduce-current-v2-identities	Build both guests twice from clean source trees	2026-09-15T23:42:53.9528166Z [sp1] [docker]  [1m[92m   Compiling[0m nybbles v0.4.8
reproduce-current-v2-identities	Build both guests twice from clean source trees	2026-09-15T23:42:53.9828851Z [sp1] [docker]  [1m[92m   Compiling[0m rlsf v0.2.3
reproduce-current-v2-identities	Build both guests twice from clean source trees	2026-09-15T23:42:54.0303946Z [sp1] [docker]  [1m[92m   Compiling[0m alloy-sol-macro-expander v1.5.7
reproduce-current-v2-identities	Build both guests twice from clean source trees	2026-09-15T23:42:54.0553894Z [sp1] [docker]  [1m[92m   Compiling[0m darling v0.23.0
reproduce-current-v2-identities	Build both guests twice from clean source trees	2026-09-15T23:42:54.0838012Z [sp1] [docker]  [1m[92m   Compiling[0m alloy-eip2124 v0.2.0
reproduce-current-v2-identities	Build both guests twice from clean source trees	2026-09-15T23:42:54.2842916Z [sp1] [docker]  [1m[92m   Compiling[0m alloy-eip7702 v0.6.3
reproduce-current-v2-identities	Build both guests twice from clean source trees	2026-09-15T23:42:54.2870012Z [sp1] [docker]  [1m[92m   Compiling[0m alloy-eip7928 v0.3.7
reproduce-current-v2-identities	Build both guests twice from clean source trees	2026-09-15T23:42:54.6072732Z [sp1] [docker]  [1m[92m   Compiling[0m alloy-eip2930 v0.2.3
reproduce-current-v2-identities	Build both guests twice from clean source trees	2026-09-15T23:42:54.7027391Z [sp1] [docker]  [1m[92m   Compiling[0m auto_impl v1.3.0
reproduce-current-v2-identities	Build both guests twice from clean source trees	2026-09-15T23:42:54.9549915Z [sp1] [docker]  [1m[92m   Compiling[0m signature v2.2.0
reproduce-current-v2-identities	Build both guests twice from clean source trees	2026-09-15T23:42:55.0243838Z [sp1] [docker]  [1m[92m   Compiling[0m critical-section v1.2.0
reproduce-current-v2-identities	Build both guests twice from clean source trees	2026-09-15T23:42:55.0827785Z [sp1] [docker]  [1m[92m   Compiling[0m linked_list_allocator v0.10.6
reproduce-current-v2-identities	Build both guests twice from clean source trees	2026-09-15T23:42:55.2642146Z [sp1] [docker]  [1m[92m   Compiling[0m sp1-zkvm v6.3.1
reproduce-current-v2-identities	Build both guests twice from clean source trees	2026-09-15T23:42:55.3741503Z [sp1] [docker]  [1m[92m   Compiling[0m embedded-alloc v0.6.0
reproduce-current-v2-identities	Build both guests twice from clean source trees	2026-09-15T23:42:55.5232703Z [sp1] [docker]  [1m[92m   Compiling[0m alloy-eips v1.8.3
reproduce-current-v2-identities	Build both guests twice from clean source trees	2026-09-15T23:42:55.5577148Z [sp1] [docker]  [1m[92m   Compiling[0m ed25519 v2.2.3
reproduce-current-v2-identities	Build both guests twice from clean source trees	2026-09-15T23:42:55.7472004Z [sp1] [docker]  [1m[92m   Compiling[0m alloy-trie v0.9.5
reproduce-current-v2-identities	Build both guests twice from clean source trees	2026-09-15T23:42:56.4572687Z [sp1] [docker]  [1m[92m   Compiling[0m alloy-tx-macros v1.8.3
reproduce-current-v2-identities	Build both guests twice from clean source trees	2026-09-15T23:42:57.2339445Z [sp1] [docker]  [1m[92m   Compiling[0m alloy-sol-macro v1.5.7
reproduce-current-v2-identities	Build both guests twice from clean source trees	2026-09-15T23:42:58.0416451Z [sp1] [docker]  [1m[92m   Compiling[0m half v1.8.3
reproduce-current-v2-identities	Build both guests twice from clean source trees	2026-09-15T23:42:58.5339729Z [sp1] [docker]  [1m[92m   Compiling[0m winnow v0.7.15
reproduce-current-v2-identities	Build both guests twice from clean source trees	2026-09-15T23:43:00.6115394Z [sp1] [docker]  [1m[92m   Compiling[0m ed25519-dalek v2.2.0
reproduce-current-v2-identities	Build both guests twice from clean source trees	2026-09-15T23:43:00.6559272Z [sp1] [docker]  [1m[92m   Compiling[0m serde_cbor v0.11.2
reproduce-current-v2-identities	Build both guests twice from clean source trees	2026-09-15T23:43:01.0522464Z [sp1] [docker]  [1m[92m   Compiling[0m alloy-sol-type-parser v1.5.7
reproduce-current-v2-identities	Build both guests twice from clean source trees	2026-09-15T23:43:01.3456870Z [sp1] [docker]  [1m[92m   Compiling[0m alloy-consensus v1.8.3
reproduce-current-v2-identities	Build both guests twice from clean source trees	2026-09-15T23:43:01.3887533Z [sp1] [docker]  [1m[92m   Compiling[0m alloy-sol-types v1.5.7
reproduce-current-v2-identities	Build both guests twice from clean source trees	2026-09-15T23:43:03.8883270Z [sp1] [docker]  [1m[92m   Compiling[0m pfusdc-arc-ingress-program v0.1.0 (/root/program/programs/pfusdc-arc-ingress)
reproduce-current-v2-identities	Build both guests twice from clean source trees	2026-09-15T23:43:10.3651707Z [sp1] [docker]  [1m[92m    Finished[0m `release` profile [optimized] target(s) in 49.56s
reproduce-current-v2-identities	Build both guests twice from clean source trees	2026-09-15T23:43:11.5157868Z cargo:rustc-env=SP1_ELF_pfusdc-arc-ingress-program=/home/runner/work/_temp/arc-proof-identities/src-b/programs/pfusdc-arc-ingress/target/elf-compilation/docker/riscv64im-succinct-zkvm-elf/release/pfusdc-arc-ingress-program
reproduce-current-v2-identities	Build both guests twice from clean source trees	2026-09-15T23:43:11.8456447Z cargo:warning=docker: rustc +succinct --version: "rustc 1.94.0-dev\n"
reproduce-current-v2-identities	Build both guests twice from clean source trees	2026-09-15T23:43:14.0246304Z cargo:warning=docker: rustc_bin: "/root/.sp1/toolchains/g7wv95WZT7/bin/rustc"
reproduce-current-v2-identities	Build both guests twice from clean source trees	2026-09-15T23:43:14.1198608Z [sp1] [docker]  info: `cargo` is unavailable for the active toolchain
reproduce-current-v2-identities	Build both guests twice from clean source trees	2026-09-15T23:43:14.1199629Z [sp1] [docker]  info: falling back to "/root/.rustup/toolchains/stable-x86_64-unknown-linux-gnu/bin/cargo"
reproduce-current-v2-identities	Build both guests twice from clean source trees	2026-09-15T23:43:14.1716619Z [sp1] [docker]  [1m[92m    Updating[0m git repository `https://github.com/sp1-patches/RustCrypto-hashes`
reproduce-current-v2-identities	Build both guests twice from clean source trees	2026-09-15T23:43:14.7727940Z [sp1] [docker]  [1m[92m    Updating[0m git repository `https://github.com/sp1-patches/RustCrypto-hashes`
reproduce-current-v2-identities	Build both guests twice from clean source trees	2026-09-15T23:43:15.2812330Z [sp1] [docker]  [1m[92m    Updating[0m git repository `https://github.com/sp1-patches/RustCrypto-hashes`
reproduce-current-v2-identities	Build both guests twice from clean source trees	2026-09-15T23:43:15.9278553Z [sp1] [docker]  [1m[33mwarning[0m: patch `sha2 v0.9.9 (https://github.com/sp1-patches/RustCrypto-hashes?tag=patch-sha2-0.9.9-sp1-6.0.0#1b29839d)` was not used in the crate graph
reproduce-current-v2-identities	Build both guests twice from clean source trees	2026-09-15T23:43:15.9279576Z [sp1] [docker]    [1m[94m|[0m
reproduce-current-v2-identities	Build both guests twice from clean source trees	2026-09-15T23:43:15.9280706Z [sp1] [docker]    [1m[94m= [0m[1mhelp[0m: perhaps you meant one of the following:
reproduce-current-v2-identities	Build both guests twice from clean source trees	2026-09-15T23:43:15.9281547Z [sp1] [docker]            	https://github.com/sp1-patches/RustCrypto-hashes
reproduce-current-v2-identities	Build both guests twice from clean source trees	2026-09-15T23:43:15.9282815Z [sp1] [docker]  [1m[33mwarning[0m: patch `bls12_381 v0.8.0 (https://github.com/sp1-patches/bls12_381?tag=patch-0.8.0-sp1-6.0.0-v2#7726731d)` was not used in the crate graph
reproduce-current-v2-identities	Build both guests twice from clean source trees	2026-09-15T23:43:15.9284114Z [sp1] [docker]  [1m[33mwarning[0m: patch `tiny-keccak v2.0.2 (https://github.com/sp1-patches/tiny-keccak?tag=patch-2.0.2-sp1-6.0.0#957430a4)` was not used in the crate graph
reproduce-current-v2-identities	Build both guests twice from clean source trees	2026-09-15T23:43:15.9285005Z [sp1] [docker]  [1m[96mhelp[0m: Check that the patched package version and available features are compatible
reproduce-current-v2-identities	Build both guests twice from clean source trees	2026-09-15T23:43:15.9285617Z [sp1] [docker]        with the dependency requirements. If the patch has a different version from
reproduce-current-v2-identities	Build both guests twice from clean source trees	2026-09-15T23:43:15.9286163Z [sp1] [docker]        what is locked in the Cargo.lock file, run `cargo update` to use the new
reproduce-current-v2-identities	Build both guests twice from clean source trees	2026-09-15T23:43:15.9286692Z [sp1] [docker]        version. This may also occur with an optional dependency that is not enabled.
reproduce-current-v2-identities	Build both guests twice from clean source trees	2026-09-15T23:43:16.1311228Z [sp1] [docker]  [1m[92m   Compiling[0m proc-macro2 v1.0.106
reproduce-current-v2-identities	Build both guests twice from clean source trees	2026-09-15T23:43:16.1312031Z [sp1] [docker]  [1m[92m   Compiling[0m unicode-ident v1.0.24
reproduce-current-v2-identities	Build both guests twice from clean source trees	2026-09-15T23:43:16.1312588Z [sp1] [docker]  [1m[92m   Compiling[0m quote v1.0.46
reproduce-current-v2-identities	Build both guests twice from clean source trees	2026-09-15T23:43:16.1313171Z [sp1] [docker]  [1m[92m   Compiling[0m cfg-if v1.0.4
reproduce-current-v2-identities	Build both guests twice from clean source trees	2026-09-15T23:43:16.1683864Z [sp1] [docker]  [1m[92m   Compiling[0m autocfg v1.5.1
reproduce-current-v2-identities	Build both guests twice from clean source trees	2026-09-15T23:43:16.1986160Z [sp1] [docker]  [1m[92m   Compiling[0m serde_core v1.0.228
reproduce-current-v2-identities	Build both guests twice from clean source trees	2026-09-15T23:43:16.2844555Z [sp1] [docker]  [1m[92m   Compiling[0m getrandom v0.2.17
reproduce-current-v2-identities	Build both guests twice from clean source trees	2026-09-15T23:43:16.3926615Z [sp1] [docker]  [1m[92m   Compiling[0m serde v1.0.228
reproduce-current-v2-identities	Build both guests twice from clean source trees	2026-09-15T23:43:16.5638628Z [sp1] [docker]  [1m[92m   Compiling[0m rand_core v0.6.4
reproduce-current-v2-identities	Build both guests twice from clean source trees	2026-09-15T23:43:16.5777961Z [sp1] [docker]  [1m[92m   Compiling[0m zerocopy v0.8.54
reproduce-current-v2-identities	Build both guests twice from clean source trees	2026-09-15T23:43:16.7864434Z [sp1] [docker]  [1m[92m   Compiling[0m num-traits v0.2.19
reproduce-current-v2-identities	Build both guests twice from clean source trees	2026-09-15T23:43:17.0942463Z [sp1] [docker]  [1m[92m   Compiling[0m syn v2.0.119
reproduce-current-v2-identities	Build both guests twice from clean source trees	2026-09-15T23:43:18.1148828Z [sp1] [docker]  [1m[92m   Compiling[0m either v1.16.0
reproduce-current-v2-identities	Build both guests twice from clean source trees	2026-09-15T23:43:18.3504035Z [sp1] [docker]  [1m[92m   Compiling[0m typenum v1.20.1
reproduce-current-v2-identities	Build both guests twice from clean source trees	2026-09-15T23:43:19.4100719Z [sp1] [docker]  [1m[92m   Compiling[0m num-integer v0.1.46
reproduce-current-v2-identities	Build both guests twice from clean source trees	2026-09-15T23:43:19.4965211Z [sp1] [docker]  [1m[92m   Compiling[0m itertools v0.12.1
reproduce-current-v2-identities	Build both guests twice from clean source trees	2026-09-15T23:43:20.0606559Z [sp1] [docker]  [1m[92m   Compiling[0m num-bigint v0.4.8
reproduce-current-v2-identities	Build both guests twice from clean source trees	2026-09-15T23:43:21.7183201Z [sp1] [docker]  [1m[92m   Compiling[0m pin-project-lite v0.2.17
reproduce-current-v2-identities	Build both guests twice from clean source trees	2026-09-15T23:43:21.7718938Z [sp1] [docker]  [1m[92m   Compiling[0m version_check v0.9.5
reproduce-current-v2-identities	Build both guests twice from clean source trees	2026-09-15T23:43:22.0522569Z [sp1] [docker]  [1m[92m   Compiling[0m ppv-lite86 v0.2.21
reproduce-current-v2-identities	Build both guests twice from clean source trees	2026-09-15T23:43:22.0923486Z [sp1] [docker]  [1m[92m   Compiling[0m generic-array v0.14.7
reproduce-current-v2-identities	Build both guests twice from clean source trees	2026-09-15T23:43:22.1908610Z [sp1] [docker]  [1m[92m   Compiling[0m once_cell v1.21.4
reproduce-current-v2-identities	Build both guests twice from clean source trees	2026-09-15T23:43:22.3306662Z [sp1] [docker]  [1m[92m   Compiling[0m rand_chacha v0.3.1
reproduce-current-v2-identities	Build both guests twice from clean source trees	2026-09-15T23:43:22.4210399Z [sp1] [docker]  [1m[92m   Compiling[0m tracing-core v0.1.36
reproduce-current-v2-identities	Build both guests twice from clean source trees	2026-09-15T23:43:23.5831227Z [sp1] [docker]  [1m[92m   Compiling[0m serde_derive v1.0.228
reproduce-current-v2-identities	Build both guests twice from clean source trees	2026-09-15T23:43:23.6688412Z [sp1] [docker]  [1m[92m   Compiling[0m rand v0.8.7
reproduce-current-v2-identities	Build both guests twice from clean source trees	2026-09-15T23:43:24.2468471Z [sp1] [docker]  [1m[92m   Compiling[0m tracing-attributes v0.1.31
reproduce-current-v2-identities	Build both guests twice from clean source trees	2026-09-15T23:43:25.5868690Z [sp1] [docker]  [1m[92m   Compiling[0m memchr v2.8.3
reproduce-current-v2-identities	Build both guests twice from clean source trees	2026-09-15T23:43:25.6909146Z [sp1] [docker]  [1m[92m   Compiling[0m tracing v0.1.44
reproduce-current-v2-identities	Build both guests twice from clean source trees	2026-09-15T23:43:25.7101149Z [sp1] [docker]  [1m[92m   Compiling[0m p3-maybe-rayon v0.4.3-succinct
reproduce-current-v2-identities	Build both guests twice from clean source trees	2026-09-15T23:43:25.7743424Z [sp1] [docker]  [1m[92m   Compiling[0m block-buffer v0.10.4
reproduce-current-v2-identities	Build both guests twice from clean source trees	2026-09-15T23:43:25.8809549Z [sp1] [docker]  [1m[92m   Compiling[0m crypto-common v0.1.7
reproduce-current-v2-identities	Build both guests twice from clean source trees	2026-09-15T23:43:25.9648397Z [sp1] [docker]  [1m[92m   Compiling[0m digest v0.10.7
reproduce-current-v2-identities	Build both guests twice from clean source trees	2026-09-15T23:43:26.0881583Z [sp1] [docker]  [1m[92m   Compiling[0m syn v1.0.109
reproduce-current-v2-identities	Build both guests twice from clean source trees	2026-09-15T23:43:26.3444484Z [sp1] [docker]  [1m[92m   Compiling[0m sha2 v0.10.9 (https://github.com/sp1-patches/RustCrypto-hashes?tag=patch-sha2-0.10.9-sp1-6.0.0#e48b656e)
reproduce-current-v2-identities	Build both guests twice from clean source trees	2026-09-15T23:43:27.1592271Z [sp1] [docker]  [1m[92m   Compiling[0m hybrid-array v0.4.13
reproduce-current-v2-identities	Build both guests twice from clean source trees	2026-09-15T23:43:27.2493477Z [sp1] [docker]  [1m[92m   Compiling[0m num-bigint v0.3.3
reproduce-current-v2-identities	Build both guests twice from clean source trees	2026-09-15T23:43:27.3903383Z [sp1] [docker]  [1m[92m   Compiling[0m futures-sink v0.3.32
reproduce-current-v2-identities	Build both guests twice from clean source trees	2026-09-15T23:43:27.4532437Z [sp1] [docker]  [1m[92m   Compiling[0m futures-core v0.3.32
reproduce-current-v2-identities	Build both guests twice from clean source trees	2026-09-15T23:43:27.5604425Z [sp1] [docker]  [1m[92m   Compiling[0m futures-channel v0.3.32
reproduce-current-v2-identities	Build both guests twice from clean source trees	2026-09-15T23:43:27.9579765Z [sp1] [docker]  [1m[92m   Compiling[0m p3-util v0.4.3-succinct
reproduce-current-v2-identities	Build both guests twice from clean source trees	2026-09-15T23:43:28.0381136Z [sp1] [docker]  [1m[92m   Compiling[0m futures-macro v0.3.32
reproduce-current-v2-identities	Build both guests twice from clean source trees	2026-09-15T23:43:28.0694151Z [sp1] [docker]  [1m[92m   Compiling[0m p3-field v0.4.3-succinct
reproduce-current-v2-identities	Build both guests twice from clean source trees	2026-09-15T23:43:28.2441911Z [sp1] [docker]  [1m[92m   Compiling[0m futures-io v0.3.32
reproduce-current-v2-identities	Build both guests twice from clean source trees	2026-09-15T23:43:28.3978240Z [sp1] [docker]  [1m[92m   Compiling[0m gcd v2.3.0
reproduce-current-v2-identities	Build both guests twice from clean source trees	2026-09-15T23:43:28.4934887Z [sp1] [docker]  [1m[92m   Compiling[0m p3-symmetric v0.4.3-succinct
reproduce-current-v2-identities	Build both guests twice from clean source trees	2026-09-15T23:43:28.5402329Z [sp1] [docker]  [1m[92m   Compiling[0m p3-matrix v0.4.3-succinct
reproduce-current-v2-identities	Build both guests twice from clean source trees	2026-09-15T23:43:28.6781521Z [sp1] [docker]  [1m[92m   Compiling[0m futures-task v0.3.32
reproduce-current-v2-identities	Build both guests twice from clean source trees	2026-09-15T23:43:28.7750464Z [sp1] [docker]  [1m[92m   Compiling[0m slab v0.4.12
reproduce-current-v2-identities	Build both guests twice from clean source trees	2026-09-15T23:43:28.8009064Z [sp1] [docker]  [1m[92m   Compiling[0m radium v0.7.0
reproduce-current-v2-identities	Build both guests twice from clean source trees	2026-09-15T23:43:28.8829514Z [sp1] [docker]  [1m[92m   Compiling[0m p3-dft v0.4.3-succinct
reproduce-current-v2-identities	Build both guests twice from clean source trees	2026-09-15T23:43:28.9382667Z [sp1] [docker]  [1m[92m   Compiling[0m futures-util v0.3.32
reproduce-current-v2-identities	Build both guests twice from clean source trees	2026-09-15T23:43:29.1046644Z [sp1] [docker]  [1m[92m   Compiling[0m p3-mds v0.4.3-succinct
reproduce-current-v2-identities	Build both guests twice from clean source trees	2026-09-15T23:43:29.2907820Z [sp1] [docker]  [1m[92m   Compiling[0m p3-poseidon2 v0.4.3-succinct
reproduce-current-v2-identities	Build both guests twice from clean source trees	2026-09-15T23:43:29.4788386Z [sp1] [docker]  [1m[92m   Compiling[0m crypto-common v0.2.2
reproduce-current-v2-identities	Build both guests twice from clean source trees	2026-09-15T23:43:30.6726728Z [sp1] [docker]  [1m[92m   Compiling[0m block-buffer v0.12.1
reproduce-current-v2-identities	Build both guests twice from clean source trees	2026-09-15T23:43:30.8284833Z [sp1] [docker]  [1m[92m   Compiling[0m itertools v0.14.0
reproduce-current-v2-identities	Build both guests twice from clean source trees	2026-09-15T23:43:31.1211740Z [sp1] [docker]  [1m[92m   Compiling[0m semver v1.0.28
reproduce-current-v2-identities	Build both guests twice from clean source trees	2026-09-15T23:43:31.4609447Z [sp1] [docker]  [1m[92m   Compiling[0m zmij v1.0.23
reproduce-current-v2-identities	Build both guests twice from clean source trees	2026-09-15T23:43:31.4793481Z [sp1] [docker]  [1m[92m   Compiling[0m tap v1.0.1
reproduce-current-v2-identities	Build both guests twice from clean source trees	2026-09-15T23:43:31.5461475Z [sp1] [docker]  [1m[92m   Compiling[0m const-oid v0.10.2
reproduce-current-v2-identities	Build both guests twice from clean source trees	2026-09-15T23:43:31.6166543Z [sp1] [docker]  [1m[92m   Compiling[0m wyz v0.5.1
reproduce-current-v2-identities	Build both guests twice from clean source trees	2026-09-15T23:43:31.8314277Z [sp1] [docker]  [1m[92m   Compiling[0m digest v0.11.3
reproduce-current-v2-identities	Build both guests twice from clean source trees	2026-09-15T23:43:31.8492250Z [sp1] [docker]  [1m[92m   Compiling[0m rustc_version v0.4.1
reproduce-current-v2-identities	Build both guests twice from clean source trees	2026-09-15T23:43:32.0082697Z [sp1] [docker]  [1m[92m   Compiling[0m addchain v0.2.1
reproduce-current-v2-identities	Build both guests twice from clean source trees	2026-09-15T23:43:32.1433448Z [sp1] [docker]  [1m[92m   Compiling[0m zeroize_derive v1.5.0
reproduce-current-v2-identities	Build both guests twice from clean source trees	2026-09-15T23:43:32.3862190Z [sp1] [docker]  [1m[92m   Compiling[0m keccak v0.2.0
reproduce-current-v2-identities	Build both guests twice from clean source trees	2026-09-15T23:43:32.5247738Z [sp1] [docker]  [1m[92m   Compiling[0m shlex v2.0.1
reproduce-current-v2-identities	Build both guests twice from clean source trees	2026-09-15T23:43:32.5986244Z [sp1] [docker]  [1m[92m   Compiling[0m serde_json v1.0.150
reproduce-current-v2-identities	Build both guests twice from clean source trees	2026-09-15T23:43:32.6708868Z [sp1] [docker]  [1m[92m   Compiling[0m keccak v0.1.6
reproduce-current-v2-identities	Build both guests twice from clean source trees	2026-09-15T23:43:32.6810947Z [sp1] [docker]  [1m[92m   Compiling[0m funty v2.0.0
reproduce-current-v2-identities	Build both guests twice from clean source trees	2026-09-15T23:43:32.9953382Z [sp1] [docker]  [1m[92m   Compiling[0m futures-executor v0.3.32
reproduce-current-v2-identities	Build both guests twice from clean source trees	2026-09-15T23:43:33.0116260Z [sp1] [docker]  [1m[92m   Compiling[0m find-msvc-tools v0.1.9
reproduce-current-v2-identities	Build both guests twice from clean source trees	2026-09-15T23:43:33.1641992Z [sp1] [docker]  [1m[92m   Compiling[0m slop-algebra v6.3.1
reproduce-current-v2-identities	Build both guests twice from clean source trees	2026-09-15T23:43:33.2366438Z [sp1] [docker]  [1m[92m   Compiling[0m bitvec v1.1.1
reproduce-current-v2-identities	Build both guests twice from clean source trees	2026-09-15T23:43:33.3708061Z [sp1] [docker]  [1m[92m   Compiling[0m cc v1.2.67
reproduce-current-v2-identities	Build both guests twice from clean source trees	2026-09-15T23:43:33.4403268Z [sp1] [docker]  [1m[92m   Compiling[0m futures v0.3.32
reproduce-current-v2-identities	Build both guests twice from clean source trees	2026-09-15T23:43:33.4725101Z [sp1] [docker]  [1m[92m   Compiling[0m sha3 v0.10.8 (https://github.com/sp1-patches/RustCrypto-hashes?tag=patch-sha3-0.10.8-sp1-6.0.0#0a16ae7a)
reproduce-current-v2-identities	Build both guests twice from clean source trees	2026-09-15T23:43:33.9652246Z [sp1] [docker]  [1m[92m   Compiling[0m zeroize v1.9.0
reproduce-current-v2-identities	Build both guests twice from clean source trees	2026-09-15T23:43:34.0454384Z [sp1] [docker]  [1m[92m   Compiling[0m sha3 v0.11.0
reproduce-current-v2-identities	Build both guests twice from clean source trees	2026-09-15T23:43:34.1094057Z [sp1] [docker]  [1m[92m   Compiling[0m ff_derive v0.13.1
reproduce-current-v2-identities	Build both guests twice from clean source trees	2026-09-15T23:43:34.5796865Z [sp1] [docker]  [1m[92m   Compiling[0m p3-koala-bear v0.4.3-succinct
reproduce-current-v2-identities	Build both guests twice from clean source trees	2026-09-15T23:43:35.0629037Z [sp1] [docker]  [1m[92m   Compiling[0m slop-symmetric v6.3.1
reproduce-current-v2-identities	Build both guests twice from clean source trees	2026-09-15T23:43:35.0872964Z [sp1] [docker]  [1m[92m   Compiling[0m p3-challenger v0.4.3-succinct
reproduce-current-v2-identities	Build both guests twice from clean source trees	2026-09-15T23:43:35.0986443Z [sp1] [docker]  [1m[92m   Compiling[0m half v1.8.3
reproduce-current-v2-identities	Build both guests twice from clean source trees	2026-09-15T23:43:35.1232709Z [sp1] [docker]  [1m[92m   Compiling[0m subtle v2.6.1
reproduce-current-v2-identities	Build both guests twice from clean source trees	2026-09-15T23:43:35.2540915Z [sp1] [docker]  [1m[92m   Compiling[0m byteorder v1.5.0
reproduce-current-v2-identities	Build both guests twice from clean source trees	2026-09-15T23:43:35.4522686Z [sp1] [docker]  [1m[92m   Compiling[0m itoa v1.0.18
reproduce-current-v2-identities	Build both guests twice from clean source trees	2026-09-15T23:43:35.4644314Z [sp1] [docker]  [1m[92m   Compiling[0m slop-challenger v6.3.1
reproduce-current-v2-identities	Build both guests twice from clean source trees	2026-09-15T23:43:35.5294803Z [sp1] [docker]  [1m[92m   Compiling[0m serde_cbor v0.11.2
reproduce-current-v2-identities	Build both guests twice from clean source trees	2026-09-15T23:43:35.6826862Z [sp1] [docker]  [1m[92m   Compiling[0m blake3 v1.8.5
reproduce-current-v2-identities	Build both guests twice from clean source trees	2026-09-15T23:43:35.9042656Z [sp1] [docker]  [1m[92m   Compiling[0m fips204 v0.4.6 (/root/program/third_party/fips204)
reproduce-current-v2-identities	Build both guests twice from clean source trees	2026-09-15T23:43:36.1232593Z [sp1] [docker]  [1m[92m   Compiling[0m ff v0.13.1
reproduce-current-v2-identities	Build both guests twice from clean source trees	2026-09-15T23:43:36.2427133Z [sp1] [docker]  [1m[92m   Compiling[0m slop-poseidon2 v6.3.1
reproduce-current-v2-identities	Build both guests twice from clean source trees	2026-09-15T23:43:36.2744198Z [sp1] [docker]  [1m[92m   Compiling[0m rustversion v1.0.23
reproduce-current-v2-identities	Build both guests twice from clean source trees	2026-09-15T23:43:36.5149407Z [sp1] [docker]  [1m[92m   Compiling[0m p3-bn254-fr v0.4.3-succinct
reproduce-current-v2-identities	Build both guests twice from clean source trees	2026-09-15T23:43:36.8038062Z [sp1] [docker]  [1m[92m   Compiling[0m postfiat-types v0.1.0 (/root/program/crates/types)
reproduce-current-v2-identities	Build both guests twice from clean source trees	2026-09-15T23:43:38.9197993Z [sp1] [docker]  [1m[92m   Compiling[0m postfiat-crypto-provider v0.1.0 (/root/program/crates/crypto_provider)
reproduce-current-v2-identities	Build both guests twice from clean source trees	2026-09-15T23:43:39.2395538Z [sp1] [docker]  [1m[92m   Compiling[0m unicode-width v0.1.14
reproduce-current-v2-identities	Build both guests twice from clean source trees	2026-09-15T23:43:39.4543883Z [sp1] [docker]  [1m[92m   Compiling[0m arrayref v0.3.9
reproduce-current-v2-identities	Build both guests twice from clean source trees	2026-09-15T23:43:39.4916915Z [sp1] [docker]  [1m[92m   Compiling[0m arrayvec v0.7.8
reproduce-current-v2-identities	Build both guests twice from clean source trees	2026-09-15T23:43:39.7310869Z [sp1] [docker]  [1m[92m   Compiling[0m lazy_static v1.5.0
reproduce-current-v2-identities	Build both guests twice from clean source trees	2026-09-15T23:43:39.7820400Z [sp1] [docker]  [1m[92m   Compiling[0m constant_time_eq v0.4.2
reproduce-current-v2-identities	Build both guests twice from clean source trees	2026-09-15T23:43:39.8807824Z [sp1] [docker]  [1m[92m   Compiling[0m base64 v0.13.1
reproduce-current-v2-identities	Build both guests twice from clean source trees	2026-09-15T23:43:40.1262641Z [sp1] [docker]  [1m[92m   Compiling[0m svgbobdoc v0.3.0
reproduce-current-v2-identities	Build both guests twice from clean source trees	2026-09-15T23:43:41.4380863Z [sp1] [docker]  [1m[92m   Compiling[0m slop-koala-bear v6.3.1
reproduce-current-v2-identities	Build both guests twice from clean source trees	2026-09-15T23:43:41.4492550Z [sp1] [docker]  [1m[92m   Compiling[0m slop-bn254 v6.3.1
reproduce-current-v2-identities	Build both guests twice from clean source trees	2026-09-15T23:43:42.2458633Z [sp1] [docker]  [1m[92m   Compiling[0m slop-primitives v6.3.1
reproduce-current-v2-identities	Build both guests twice from clean source trees	2026-09-15T23:43:42.3029402Z [sp1] [docker]  [1m[92m   Compiling[0m bincode v1.3.3
reproduce-current-v2-identities	Build both guests twice from clean source trees	2026-09-15T23:43:42.7495166Z [sp1] [docker]  [1m[92m   Compiling[0m hex v0.4.3
reproduce-current-v2-identities	Build both guests twice from clean source trees	2026-09-15T23:43:42.9007739Z [sp1] [docker]  [1m[92m   Compiling[0m elf v0.7.4
reproduce-current-v2-identities	Build both guests twice from clean source trees	2026-09-15T23:43:43.1046384Z [sp1] [docker]  [1m[92m   Compiling[0m const-default v1.0.0
reproduce-current-v2-identities	Build both guests twice from clean source trees	2026-09-15T23:43:43.1635152Z [sp1] [docker]  [1m[92m   Compiling[0m getrandom v0.3.4
reproduce-current-v2-identities	Build both guests twice from clean source trees	2026-09-15T23:43:43.3548055Z [sp1] [docker]  [1m[92m   Compiling[0m libm v0.2.16
reproduce-current-v2-identities	Build both guests twice from clean source trees	2026-09-15T23:43:43.5509500Z [sp1] [docker]  [1m[92m   Compiling[0m rlsf v0.2.2
reproduce-current-v2-identities	Build both guests twice from clean source trees	2026-09-15T23:43:43.8145853Z [sp1] [docker]  [1m[92m   Compiling[0m sp1-primitives v6.3.1
reproduce-current-v2-identities	Build both guests twice from clean source trees	2026-09-15T23:43:43.8668528Z [sp1] [docker]  [1m[92m   Compiling[0m linked_list_allocator v0.10.6
reproduce-current-v2-identities	Build both guests twice from clean source trees	2026-09-15T23:43:44.0569082Z [sp1] [docker]  [1m[92m   Compiling[0m sp1-zkvm v6.3.1
reproduce-current-v2-identities	Build both guests twice from clean source trees	2026-09-15T23:43:44.1775064Z [sp1] [docker]  [1m[92m   Compiling[0m critical-section v1.2.0
reproduce-current-v2-identities	Build both guests twice from clean source trees	2026-09-15T23:43:44.2374308Z [sp1] [docker]  [1m[92m   Compiling[0m embedded-alloc v0.6.0
reproduce-current-v2-identities	Build both guests twice from clean source trees	2026-09-15T23:43:44.4109286Z [sp1] [docker]  [1m[92m   Compiling[0m sp1-lib v6.3.1
reproduce-current-v2-identities	Build both guests twice from clean source trees	2026-09-15T23:43:56.7400862Z [sp1] [docker]  [1m[92m   Compiling[0m postfiat-mempool-dag v0.1.0 (/root/program/crates/mempool_dag)
reproduce-current-v2-identities	Build both guests twice from clean source trees	2026-09-15T23:43:56.7402013Z [sp1] [docker]  [1m[92m   Compiling[0m postfiat-consensus-cobalt v0.1.0 (/root/program/crates/consensus_cobalt)
reproduce-current-v2-identities	Build both guests twice from clean source trees	2026-09-15T23:44:01.2754223Z [sp1] [docker]  [1m[92m   Compiling[0m postfiat-ordering-fast v0.1.0 (/root/program/crates/ordering_fast)
reproduce-current-v2-identities	Build both guests twice from clean source trees	2026-09-15T23:44:09.4054103Z [sp1] [docker]  [1m[92m   Compiling[0m postfiat-pfusdc-proofs v0.1.0 (/root/program/crates/pfusdc_proofs)
reproduce-current-v2-identities	Build both guests twice from clean source trees	2026-09-15T23:44:16.6411512Z [sp1] [docker]  [1m[92m   Compiling[0m pfusdc-egress-program v0.1.0 (/root/program/programs/pfusdc-egress)
reproduce-current-v2-identities	Build both guests twice from clean source trees	2026-09-15T23:44:40.2746584Z [sp1] [docker]  [1m[92m    Finished[0m `release` profile [optimized] target(s) in 1m 26s
reproduce-current-v2-identities	Build both guests twice from clean source trees	2026-09-15T23:44:40.6163086Z cargo:rustc-env=SP1_ELF_pfusdc-egress-program=/home/runner/work/_temp/arc-proof-identities/src-b/programs/pfusdc-egress/target/elf-compilation/docker/riscv64im-succinct-zkvm-elf/release/pfusdc-egress-program
reproduce-current-v2-identities	Build both guests twice from clean source trees	2026-09-15T23:44:40.6408812Z arc-ingress build-a=7660fcc58677cfec433a5f2337b9fe46fa96374a1e3c4bd6fba625b982d881bc build-b=7660fcc58677cfec433a5f2337b9fe46fa96374a1e3c4bd6fba625b982d881bc
reproduce-current-v2-identities	Build both guests twice from clean source trees	2026-09-15T23:44:40.6410133Z egress build-a=8be32c2a8d5ce39776c3095126a39c3f910b42e349431cb33adcd8d316c5344d build-b=8be32c2a8d5ce39776c3095126a39c3f910b42e349431cb33adcd8d316c5344d
reproduce-current-v2-identities	Build both guests twice from clean source trees	2026-09-15T23:44:40.6492476Z arc-ingress rebuilt=7660fcc58677cfec433a5f2337b9fe46fa96374a1e3c4bd6fba625b982d881bc expected=7660fcc58677cfec433a5f2337b9fe46fa96374a1e3c4bd6fba625b982d881bc
reproduce-current-v2-identities	Build both guests twice from clean source trees	2026-09-15T23:44:40.6493636Z egress rebuilt=8be32c2a8d5ce39776c3095126a39c3f910b42e349431cb33adcd8d316c5344d expected=8b0f266a035a432ef3c0e4233672d8a15b913cefd4c85ff07f91f008601bb744
reproduce-current-v2-identities	Build both guests twice from clean source trees	2026-09-15T23:44:40.7245640Z     Updating crates.io index
reproduce-current-v2-identities	Build both guests twice from clean source trees	2026-09-15T23:44:40.7247287Z     Updating git repository `https://github.com/a16z/helios`
reproduce-current-v2-identities	Build both guests twice from clean source trees	2026-09-15T23:44:41.9844739Z     Updating git repository `https://github.com/succinctlabs/sp1-helios`
reproduce-current-v2-identities	Build both guests twice from clean source trees	2026-09-15T23:44:44.3776576Z     Updating git submodule `https://github.com/succinctlabs/sp1-contracts`
reproduce-current-v2-identities	Build both guests twice from clean source trees	2026-09-15T23:44:44.8133402Z     Updating git submodule `https://github.com/foundry-rs/forge-std`
reproduce-current-v2-identities	Build both guests twice from clean source trees	2026-09-15T23:44:45.2291283Z     Updating git submodule `https://github.com/openzeppelin/openzeppelin-contracts`
reproduce-current-v2-identities	Build both guests twice from clean source trees	2026-09-15T23:44:48.6527147Z     Updating git submodule `https://github.com/a16z/erc4626-tests.git`
reproduce-current-v2-identities	Build both guests twice from clean source trees	2026-09-15T23:44:48.8985493Z     Updating git submodule `https://github.com/dapphub/ds-test`
reproduce-current-v2-identities	Build both guests twice from clean source trees	2026-09-15T23:44:51.4029116Z  Downloading crates ...
reproduce-current-v2-identities	Build both guests twice from clean source trees	2026-09-15T23:44:51.6127825Z   Downloaded addr2line v0.25.1
reproduce-current-v2-identities	Build both guests twice from clean source trees	2026-09-15T23:44:51.6176347Z   Downloaded adler2 v2.0.1
reproduce-current-v2-identities	Build both guests twice from clean source trees	2026-09-15T23:44:51.6302760Z   Downloaded alloy-chains v0.2.34
reproduce-current-v2-identities	Build both guests twice from clean source trees	2026-09-15T23:44:51.6600860Z   Downloaded alloy-consensus-any v1.8.3
reproduce-current-v2-identities	Build both guests twice from clean source trees	2026-09-15T23:44:51.7044682Z   Downloaded darling_core v0.13.4
reproduce-current-v2-identities	Build both guests twice from clean source trees	2026-09-15T23:44:51.7094273Z   Downloaded dashu-macros v0.4.2
reproduce-current-v2-identities	Build both guests twice from clean source trees	2026-09-15T23:44:51.7114610Z   Downloaded darling_macro v0.20.11
reproduce-current-v2-identities	Build both guests twice from clean source trees	2026-09-15T23:44:51.7158082Z   Downloaded clap_lex v1.1.0
reproduce-current-v2-identities	Build both guests twice from clean source trees	2026-09-15T23:44:51.7394929Z   Downloaded colorchoice v1.0.5
reproduce-current-v2-identities	Build both guests twice from clean source trees	2026-09-15T23:44:51.7440731Z   Downloaded block-buffer v0.9.0
reproduce-current-v2-identities	Build both guests twice from clean source trees	2026-09-15T23:44:51.7693486Z   Downloaded dirs v5.0.1
reproduce-current-v2-identities	Build both guests twice from clean source trees	2026-09-15T23:44:51.7711935Z   Downloaded atomic-waker v1.1.2
reproduce-current-v2-identities	Build both guests twice from clean source trees	2026-09-15T23:44:51.7729644Z   Downloaded async-stream v0.3.6
reproduce-current-v2-identities	Build both guests twice from clean source trees	2026-09-15T23:44:51.7751475Z   Downloaded aws-smithy-observability v0.3.0
reproduce-current-v2-identities	Build both guests twice from clean source trees	2026-09-15T23:44:51.7769198Z   Downloaded httpdate v1.0.3
reproduce-current-v2-identities	Build both guests twice from clean source trees	2026-09-15T23:44:51.7786694Z   Downloaded http-body v1.1.0
reproduce-current-v2-identities	Build both guests twice from clean source trees	2026-09-15T23:44:51.7802634Z   Downloaded http-body v0.4.6
reproduce-current-v2-identities	Build both guests twice from clean source trees	2026-09-15T23:44:51.7820979Z   Downloaded async-scoped v0.9.0
reproduce-current-v2-identities	Build both guests twice from clean source trees	2026-09-15T23:44:51.7851196Z   Downloaded aws-smithy-query v0.61.1
reproduce-current-v2-identities	Build both guests twice from clean source trees	2026-09-15T23:44:51.7996810Z   Downloaded dirs-sys v0.4.1
reproduce-current-v2-identities	Build both guests twice from clean source trees	2026-09-15T23:44:51.8020786Z   Downloaded idna_adapter v1.2.2
reproduce-current-v2-identities	Build both guests twice from clean source trees	2026-09-15T23:44:51.8039434Z   Downloaded alloy-rpc-types-any v1.8.3
reproduce-current-v2-identities	Build both guests twice from clean source trees	2026-09-15T23:44:51.8058798Z   Downloaded aws-smithy-runtime-api-macros v1.1.0
reproduce-current-v2-identities	Build both guests twice from clean source trees	2026-09-15T23:44:51.8074741Z   Downloaded atomic v0.6.1
reproduce-current-v2-identities	Build both guests twice from clean source trees	2026-09-15T23:44:51.8093476Z   Downloaded dashu v0.4.4
reproduce-current-v2-identities	Build both guests twice from clean source trees	2026-09-15T23:44:51.8111261Z   Downloaded crossbeam v0.8.4
reproduce-current-v2-identities	Build both guests twice from clean source trees	2026-09-15T23:44:51.8128519Z   Downloaded anstyle-query v1.1.5
reproduce-current-v2-identities	Build both guests twice from clean source trees	2026-09-15T23:44:51.8145642Z   Downloaded base64-simd v0.8.0
reproduce-current-v2-identities	Build both guests twice from clean source trees	2026-09-15T23:44:51.8163497Z   Downloaded cargo-platform v0.1.9
reproduce-current-v2-identities	Build both guests twice from clean source trees	2026-09-15T23:44:51.8179162Z   Downloaded async-stream-impl v0.3.6
reproduce-current-v2-identities	Build both guests twice from clean source trees	2026-09-15T23:44:51.8192573Z   Downloaded deepsize_derive2 v0.1.0
reproduce-current-v2-identities	Build both guests twice from clean source trees	2026-09-15T23:44:51.8206212Z   Downloaded alloy-core v1.5.7
reproduce-current-v2-identities	Build both guests twice from clean source trees	2026-09-15T23:44:51.8254730Z   Downloaded number_prefix v0.4.0
reproduce-current-v2-identities	Build both guests twice from clean source trees	2026-09-15T23:44:51.8268751Z   Downloaded darling_macro v0.13.4
reproduce-current-v2-identities	Build both guests twice from clean source trees	2026-09-15T23:44:51.8338708Z   Downloaded dashmap v6.2.1
reproduce-current-v2-identities	Build both guests twice from clean source trees	2026-09-15T23:44:51.8363009Z   Downloaded option-ext v0.2.0
reproduce-current-v2-identities	Build both guests twice from clean source trees	2026-09-15T23:44:51.8379075Z   Downloaded multimap v0.10.1
reproduce-current-v2-identities	Build both guests twice from clean source trees	2026-09-15T23:44:51.8395249Z   Downloaded enum-ordinalize v4.4.1
reproduce-current-v2-identities	Build both guests twice from clean source trees	2026-09-15T23:44:51.8410276Z   Downloaded cargo_metadata v0.18.1
reproduce-current-v2-identities	Build both guests twice from clean source trees	2026-09-15T23:44:51.8429624Z   Downloaded alloy-signer v1.8.3
reproduce-current-v2-identities	Build both guests twice from clean source trees	2026-09-15T23:44:51.8447179Z   Downloaded alloy-rpc-types v1.8.3
reproduce-current-v2-identities	Build both guests twice from clean source trees	2026-09-15T23:44:51.8465651Z   Downloaded aws-smithy-async v1.3.0
reproduce-current-v2-identities	Build both guests twice from clean source trees	2026-09-15T23:44:51.8485878Z   Downloaded alloy-signer-aws v1.8.3
reproduce-current-v2-identities	Build both guests twice from clean source trees	2026-09-15T23:44:51.8502557Z   Downloaded anstyle-parse v1.0.0
reproduce-current-v2-identities	Build both guests twice from clean source trees	2026-09-15T23:44:51.8521983Z   Downloaded anstyle v1.0.14
reproduce-current-v2-identities	Build both guests twice from clean source trees	2026-09-15T23:44:51.8539789Z   Downloaded ahash v0.8.12
reproduce-current-v2-identities	Build both guests twice from clean source trees	2026-09-15T23:44:51.8562557Z   Downloaded nu-ansi-term v0.50.3
reproduce-current-v2-identities	Build both guests twice from clean source trees	2026-09-15T23:44:51.8583832Z   Downloaded crossbeam-deque v0.8.7
reproduce-current-v2-identities	Build both guests twice from clean source trees	2026-09-15T23:44:51.8600472Z   Downloaded ctutils v0.4.2
reproduce-current-v2-identities	Build both guests twice from clean source trees	2026-09-15T23:44:51.8680967Z   Downloaded alloy-network-primitives v1.8.3
reproduce-current-v2-identities	Build both guests twice from clean source trees	2026-09-15T23:44:51.8703015Z   Downloaded cmov v0.5.4
reproduce-current-v2-identities	Build both guests twice from clean source trees	2026-09-15T23:44:51.8725093Z   Downloaded mime v0.3.17
reproduce-current-v2-identities	Build both guests twice from clean source trees	2026-09-15T23:44:51.8747127Z   Downloaded outref v0.5.2
reproduce-current-v2-identities	Build both guests twice from clean source trees	2026-09-15T23:44:51.8766072Z   Downloaded num-iter v0.1.46
reproduce-current-v2-identities	Build both guests twice from clean source trees	2026-09-15T23:44:51.8780738Z   Downloaded gen_ops v0.4.0
reproduce-current-v2-identities	Build both guests twice from clean source trees	2026-09-15T23:44:51.8799142Z   Downloaded instant v0.1.13
reproduce-current-v2-identities	Build both guests twice from clean source trees	2026-09-15T23:44:51.8814048Z   Downloaded form_urlencoded v1.2.2
reproduce-current-v2-identities	Build both guests twice from clean source trees	2026-09-15T23:44:51.8826227Z   Downloaded enum-ordinalize-derive v4.4.1
reproduce-current-v2-identities	Build both guests twice from clean source trees	2026-09-15T23:44:51.8839618Z   Downloaded memfd v0.6.5
reproduce-current-v2-identities	Build both guests twice from clean source trees	2026-09-15T23:44:51.8854818Z   Downloaded alloy-network v1.8.3
reproduce-current-v2-identities	Build both guests twice from clean source trees	2026-09-15T23:44:51.8875203Z   Downloaded enum-map-derive v0.17.0
reproduce-current-v2-identities	Build both guests twice from clean source trees	2026-09-15T23:44:51.8889691Z   Downloaded futures-utils-wasm v0.1.0
reproduce-current-v2-identities	Build both guests twice from clean source trees	2026-09-15T23:44:51.8902090Z   Downloaded crc32fast v1.5.0
reproduce-current-v2-identities	Build both guests twice from clean source trees	2026-09-15T23:44:51.8919227Z   Downloaded aws-credential-types v1.3.0
reproduce-current-v2-identities	Build both guests twice from clean source trees	2026-09-15T23:44:51.8936288Z   Downloaded ethereum_hashing v0.7.0
reproduce-current-v2-identities	Build both guests twice from clean source trees	2026-09-15T23:44:51.8949190Z   Downloaded crossbeam-utils v0.8.22
reproduce-current-v2-identities	Build both guests twice from clean source trees	2026-09-15T23:44:51.8970825Z   Downloaded crossbeam-epoch v0.9.20
reproduce-current-v2-identities	Build both guests twice from clean source trees	2026-09-15T23:44:51.8994732Z   Downloaded clap_derive v4.6.1
reproduce-current-v2-identities	Build both guests twice from clean source trees	2026-09-15T23:44:51.9018123Z   Downloaded console v0.15.11
reproduce-current-v2-identities	Build both guests twice from clean source trees	2026-09-15T23:44:51.9043916Z   Downloaded p3-interpolation v0.4.3-succinct
reproduce-current-v2-identities	Build both guests twice from clean source trees	2026-09-15T23:44:51.9054806Z   Downloaded p3-fri v0.4.3-succinct
reproduce-current-v2-identities	Build both guests twice from clean source trees	2026-09-15T23:44:51.9075091Z   Downloaded lru-slab v0.1.2
reproduce-current-v2-identities	Build both guests twice from clean source trees	2026-09-15T23:44:51.9089430Z   Downloaded ethereum_ssz_derive v0.9.1
reproduce-current-v2-identities	Build both guests twice from clean source trees	2026-09-15T23:44:51.9104637Z   Downloaded aws-smithy-xml v0.61.1
reproduce-current-v2-identities	Build both guests twice from clean source trees	2026-09-15T23:44:51.9126602Z   Downloaded lru v0.12.5
reproduce-current-v2-identities	Build both guests twice from clean source trees	2026-09-15T23:44:51.9140068Z   Downloaded num_enum_derive v0.5.11
reproduce-current-v2-identities	Build both guests twice from clean source trees	2026-09-15T23:44:51.9153092Z   Downloaded camino v1.2.4
reproduce-current-v2-identities	Build both guests twice from clean source trees	2026-09-15T23:44:51.9172732Z   Downloaded pairing v0.23.0
reproduce-current-v2-identities	Build both guests twice from clean source trees	2026-09-15T23:44:51.9185481Z   Downloaded arc-swap v1.9.2
reproduce-current-v2-identities	Build both guests twice from clean source trees	2026-09-15T23:44:51.9213890Z   Downloaded bytemuck v1.25.1
reproduce-current-v2-identities	Build both guests twice from clean source trees	2026-09-15T23:44:51.9239794Z   Downloaded aws-smithy-schema v0.2.0
reproduce-current-v2-identities	Build both guests twice from clean source trees	2026-09-15T23:44:51.9259573Z   Downloaded clap v4.6.2
reproduce-current-v2-identities	Build both guests twice from clean source trees	2026-09-15T23:44:51.9310794Z   Downloaded alloy-rpc-types-engine v1.8.3
reproduce-current-v2-identities	Build both guests twice from clean source trees	2026-09-15T23:44:51.9339178Z   Downloaded percent-encoding v2.3.2
reproduce-current-v2-identities	Build both guests twice from clean source trees	2026-09-15T23:44:51.9353570Z   Downloaded potential_utf v0.1.5
reproduce-current-v2-identities	Build both guests twice from clean source trees	2026-09-15T23:44:51.9369971Z   Downloaded pem-rfc7468 v0.7.0
reproduce-current-v2-identities	Build both guests twice from clean source trees	2026-09-15T23:44:51.9388669Z   Downloaded primeorder v0.13.6
reproduce-current-v2-identities	Build both guests twice from clean source trees	2026-09-15T23:44:51.9406078Z   Downloaded prost v0.13.5
reproduce-current-v2-identities	Build both guests twice from clean source trees	2026-09-15T23:44:51.9422622Z   Downloaded rand_pcg v0.10.2
reproduce-current-v2-identities	Build both guests twice from clean source trees	2026-09-15T23:44:51.9437091Z   Downloaded pin-project-internal v1.1.13
reproduce-current-v2-identities	Build both guests twice from clean source trees	2026-09-15T23:44:51.9455105Z   Downloaded crossbeam-channel v0.5.16
reproduce-current-v2-identities	Build both guests twice from clean source trees	2026-09-15T23:44:51.9486183Z   Downloaded openssl-probe v0.2.1
reproduce-current-v2-identities	Build both guests twice from clean source trees	2026-09-15T23:44:51.9498796Z   Downloaded opaque-debug v0.3.1
reproduce-current-v2-identities	Build both guests twice from clean source trees	2026-09-15T23:44:51.9510792Z   Downloaded http-body-util v0.1.4
reproduce-current-v2-identities	Build both guests twice from clean source trees	2026-09-15T23:44:51.9528941Z   Downloaded deepsize2 v0.1.0
reproduce-current-v2-identities	Build both guests twice from clean source trees	2026-09-15T23:44:51.9542664Z   Downloaded p3-merkle-tree v0.4.3-succinct
reproduce-current-v2-identities	Build both guests twice from clean source trees	2026-09-15T23:44:51.9554663Z   Downloaded p3-uni-stark v0.4.3-succinct
reproduce-current-v2-identities	Build both guests twice from clean source trees	2026-09-15T23:44:51.9568554Z   Downloaded pin-utils v0.1.0
reproduce-current-v2-identities	Build both guests twice from clean source trees	2026-09-15T23:44:51.9580826Z   Downloaded p3-keccak-air v0.4.3-succinct
reproduce-current-v2-identities	Build both guests twice from clean source trees	2026-09-15T23:44:51.9594586Z   Downloaded fs_extra v1.3.0
reproduce-current-v2-identities	Build both guests twice from clean source trees	2026-09-15T23:44:51.9611058Z   Downloaded foldhash v0.1.5
reproduce-current-v2-identities	Build both guests twice from clean source trees	2026-09-15T23:44:51.9625921Z   Downloaded p3-air v0.4.3-succinct
reproduce-current-v2-identities	Build both guests twice from clean source trees	2026-09-15T23:44:51.9642388Z   Downloaded rayon-scan v0.1.1
reproduce-current-v2-identities	Build both guests twice from clean source trees	2026-09-15T23:44:51.9660366Z   Downloaded pin-project v1.1.13
reproduce-current-v2-identities	Build both guests twice from clean source trees	2026-09-15T23:44:51.9731427Z   Downloaded ref-cast v1.0.25
reproduce-current-v2-identities	Build both guests twice from clean source trees	2026-09-15T23:44:51.9758097Z   Downloaded clap_builder v4.6.2
reproduce-current-v2-identities	Build both guests twice from clean source trees	2026-09-15T23:44:51.9799504Z   Downloaded serial_test v3.5.0
reproduce-current-v2-identities	Build both guests twice from clean source trees	2026-09-15T23:44:51.9812750Z   Downloaded axum v0.7.9
reproduce-current-v2-identities	Build both guests twice from clean source trees	2026-09-15T23:44:51.9860754Z   Downloaded num_enum v0.7.6
reproduce-current-v2-identities	Build both guests twice from clean source trees	2026-09-15T23:44:51.9892268Z   Downloaded serde_arrays v0.2.0
reproduce-current-v2-identities	Build both guests twice from clean source trees	2026-09-15T23:44:51.9903864Z   Downloaded num_enum v0.5.11
reproduce-current-v2-identities	Build both guests twice from clean source trees	2026-09-15T23:44:51.9932167Z   Downloaded num-order v1.2.0
reproduce-current-v2-identities	Build both guests twice from clean source trees	2026-09-15T23:44:51.9945512Z   Downloaded reqwest-middleware v0.3.3
reproduce-current-v2-identities	Build both guests twice from clean source trees	2026-09-15T23:44:51.9962546Z   Downloaded sha1_smol v1.0.1
reproduce-current-v2-identities	Build both guests twice from clean source trees	2026-09-15T23:44:51.9979704Z   Downloaded sha2 v0.11.0
reproduce-current-v2-identities	Build both guests twice from clean source trees	2026-09-15T23:44:52.0014557Z   Downloaded proc-macro-crate v1.3.1
reproduce-current-v2-identities	Build both guests twice from clean source trees	2026-09-15T23:44:52.0024459Z   Downloaded pastey v0.2.3
reproduce-current-v2-identities	Build both guests twice from clean source trees	2026-09-15T23:44:52.0041365Z   Downloaded memmap2 v0.9.11
reproduce-current-v2-identities	Build both guests twice from clean source trees	2026-09-15T23:44:52.0060806Z   Downloaded slop-maybe-rayon v6.3.1
reproduce-current-v2-identities	Build both guests twice from clean source trees	2026-09-15T23:44:52.0066640Z   Downloaded slop-utils v6.3.1
reproduce-current-v2-identities	Build both guests twice from clean source trees	2026-09-15T23:44:52.0073812Z   Downloaded slop-matrix v6.3.1
reproduce-current-v2-identities	Build both guests twice from clean source trees	2026-09-15T23:44:52.0079161Z   Downloaded slop-uni-stark v6.3.1
reproduce-current-v2-identities	Build both guests twice from clean source trees	2026-09-15T23:44:52.0085175Z   Downloaded slop-sumcheck v6.3.1
reproduce-current-v2-identities	Build both guests twice from clean source trees	2026-09-15T23:44:52.0092470Z   Downloaded slop-stacked v6.3.1
reproduce-current-v2-identities	Build both guests twice from clean source trees	2026-09-15T23:44:52.0099659Z   Downloaded slop-multilinear v6.3.1
reproduce-current-v2-identities	Build both guests twice from clean source trees	2026-09-15T23:44:52.0108722Z   Downloaded slop-merkle-tree v6.3.1
reproduce-current-v2-identities	Build both guests twice from clean source trees	2026-09-15T23:44:52.0116115Z   Downloaded slop-jagged v6.3.1
reproduce-current-v2-identities	Build both guests twice from clean source trees	2026-09-15T23:44:52.0128366Z   Downloaded slop-whir v6.3.1
reproduce-current-v2-identities	Build both guests twice from clean source trees	2026-09-15T23:44:52.0138070Z   Downloaded slop-fri v6.3.1
reproduce-current-v2-identities	Build both guests twice from clean source trees	2026-09-15T23:44:52.0144646Z   Downloaded slop-commit v6.3.1
reproduce-current-v2-identities	Build both guests twice from clean source trees	2026-09-15T23:44:52.0151200Z   Downloaded slop-keccak-air v6.3.1
reproduce-current-v2-identities	Build both guests twice from clean source trees	2026-09-15T23:44:52.0156646Z   Downloaded slop-futures v6.3.1
reproduce-current-v2-identities	Build both guests twice from clean source trees	2026-09-15T23:44:52.0166594Z   Downloaded slop-dft v6.3.1
reproduce-current-v2-identities	Build both guests twice from clean source trees	2026-09-15T23:44:52.0174326Z   Downloaded slop-basefold-prover v6.3.1
reproduce-current-v2-identities	Build both guests twice from clean source trees	2026-09-15T23:44:52.0183060Z   Downloaded slop-baby-bear v6.3.1
reproduce-current-v2-identities	Build both guests twice from clean source trees	2026-09-15T23:44:52.0190241Z   Downloaded aws-sdk-kms v1.112.0
reproduce-current-v2-identities	Build both guests twice from clean source trees	2026-09-15T23:44:52.0437488Z   Downloaded sp1-core-executor-runner v6.3.1
reproduce-current-v2-identities	Build both guests twice from clean source trees	2026-09-15T23:44:52.0466831Z   Downloaded prettyplease v0.2.37
reproduce-current-v2-identities	Build both guests twice from clean source trees	2026-09-15T23:44:52.0495587Z   Downloaded sp1-recursion-gnark-ffi v6.3.1
reproduce-current-v2-identities	Build both guests twice from clean source trees	2026-09-15T23:44:52.0517691Z   Downloaded strum v0.27.2
reproduce-current-v2-identities	Build both guests twice from clean source trees	2026-09-15T23:44:52.0525588Z   Downloaded struct-reflection v0.1.0
reproduce-current-v2-identities	Build both guests twice from clean source trees	2026-09-15T23:44:52.0535047Z   Downloaded matchit v0.7.3
reproduce-current-v2-identities	Build both guests twice from clean source trees	2026-09-15T23:44:52.0546796Z   Downloaded eyre v0.6.12
reproduce-current-v2-identities	Build both guests twice from clean source trees	2026-09-15T23:44:52.0564191Z   Downloaded struct-reflection-derive v0.1.0
reproduce-current-v2-identities	Build both guests twice from clean source trees	2026-09-15T23:44:52.0568834Z   Downloaded stable_deref_trait v1.2.1
reproduce-current-v2-identities	Build both guests twice from clean source trees	2026-09-15T23:44:52.0574270Z   Downloaded sp1-verifier v6.3.1
reproduce-current-v2-identities	Build both guests twice from clean source trees	2026-09-15T23:44:52.0589661Z   Downloaded sp1-recursion-executor v6.3.1
reproduce-current-v2-identities	Build both guests twice from clean source trees	2026-09-15T23:44:52.0599933Z   Downloaded sp1-recursion-compiler v6.3.1
reproduce-current-v2-identities	Build both guests twice from clean source trees	2026-09-15T23:44:52.0614883Z   Downloaded sp1-prover-types v6.3.1
reproduce-current-v2-identities	Build both guests twice from clean source trees	2026-09-15T23:44:52.0627511Z   Downloaded sp1-jit v6.3.1
reproduce-current-v2-identities	Build both guests twice from clean source trees	2026-09-15T23:44:52.0641798Z   Downloaded sp1-derive v6.3.1
reproduce-current-v2-identities	Build both guests twice from clean source trees	2026-09-15T23:44:52.0648327Z   Downloaded icu_provider v2.2.0
reproduce-current-v2-identities	Build both guests twice from clean source trees	2026-09-15T23:44:52.0663856Z   Downloaded sp1-curves v6.3.1
reproduce-current-v2-identities	Build both guests twice from clean source trees	2026-09-15T23:44:52.0674763Z   Downloaded sp1-core-executor-runner-binary v6.3.1
reproduce-current-v2-identities	Build both guests twice from clean source trees	2026-09-15T23:44:52.0683062Z   Downloaded rayon-core v1.13.0
reproduce-current-v2-identities	Build both guests twice from clean source trees	2026-09-15T23:44:52.0702906Z   Downloaded rayon v1.12.0
reproduce-current-v2-identities	Build both guests twice from clean source trees	2026-09-15T23:44:52.0760056Z   Downloaded strum_macros v0.27.2
reproduce-current-v2-identities	Build both guests twice from clean source trees	2026-09-15T23:44:52.0795864Z   Downloaded icu_properties v2.2.0
reproduce-current-v2-identities	Build both guests twice from clean source trees	2026-09-15T23:44:52.0818421Z   Downloaded slop-tensor v6.3.1
reproduce-current-v2-identities	Build both guests twice from clean source trees	2026-09-15T23:44:52.0831185Z   Downloaded schemars v1.2.1
reproduce-current-v2-identities	Build both guests twice from clean source trees	2026-09-15T23:44:52.0917499Z   Downloaded sync_wrapper v1.0.2
reproduce-current-v2-identities	Build both guests twice from clean source trees	2026-09-15T23:44:52.0924932Z   Downloaded toml_datetime v0.6.11
reproduce-current-v2-identities	Build both guests twice from clean source trees	2026-09-15T23:44:52.0933946Z   Downloaded tokio-macros v2.7.1
reproduce-current-v2-identities	Build both guests twice from clean source trees	2026-09-15T23:44:52.0942212Z   Downloaded icu_normalizer_data v2.2.0
reproduce-current-v2-identities	Build both guests twice from clean source trees	2026-09-15T23:44:52.0959658Z   Downloaded miniz_oxide v0.8.9
reproduce-current-v2-identities	Build both guests twice from clean source trees	2026-09-15T23:44:52.0978115Z   Downloaded log v0.4.33
reproduce-current-v2-identities	Build both guests twice from clean source trees	2026-09-15T23:44:52.0996518Z   Downloaded icu_normalizer v2.2.0
reproduce-current-v2-identities	Build both guests twice from clean source trees	2026-09-15T23:44:52.1018925Z   Downloaded opentelemetry v0.23.0
reproduce-current-v2-identities	Build both guests twice from clean source trees	2026-09-15T23:44:52.1039710Z   Downloaded derive_more-impl v1.0.0
reproduce-current-v2-identities	Build both guests twice from clean source trees	2026-09-15T23:44:52.1065416Z   Downloaded thousands v0.2.0
reproduce-current-v2-identities	Build both guests twice from clean source trees	2026-09-15T23:44:52.1076530Z   Downloaded tonic-build v0.12.3
reproduce-current-v2-identities	Build both guests twice from clean source trees	2026-09-15T23:44:52.1093858Z   Downloaded tree_hash_derive v0.10.0
reproduce-current-v2-identities	Build both guests twice from clean source trees	2026-09-15T23:44:52.1105250Z   Downloaded tree_hash v0.10.0
reproduce-current-v2-identities	Build both guests twice from clean source trees	2026-09-15T23:44:52.1120094Z   Downloaded utf8parse v0.2.2
reproduce-current-v2-identities	Build both guests twice from clean source trees	2026-09-15T23:44:52.1129959Z   Downloaded yoke v0.8.3
reproduce-current-v2-identities	Build both guests twice from clean source trees	2026-09-15T23:44:52.1146267Z   Downloaded yoke-derive v0.8.2
reproduce-current-v2-identities	Build both guests twice from clean source trees	2026-09-15T23:44:52.1159147Z   Downloaded zstd v0.13.3
reproduce-current-v2-identities	Build both guests twice from clean source trees	2026-09-15T23:44:52.1176207Z   Downloaded typeid_prefix v1.2.1
reproduce-current-v2-identities	Build both guests twice from clean source trees	2026-09-15T23:44:52.1186269Z   Downloaded sp1-core-executor v6.3.1
reproduce-current-v2-identities	Build both guests twice from clean source trees	2026-09-15T23:44:52.1238657Z   Downloaded thiserror v2.0.18
reproduce-current-v2-identities	Build both guests twice from clean source trees	2026-09-15T23:44:52.1270837Z   Downloaded flate2 v1.1.9
reproduce-current-v2-identities	Build both guests twice from clean source trees	2026-09-15T23:44:52.1299583Z   Downloaded icu_locale_core v2.2.0
reproduce-current-v2-identities	Build both guests twice from clean source trees	2026-09-15T23:44:52.1338549Z   Downloaded zerofrom-derive v0.1.7
reproduce-current-v2-identities	Build both guests twice from clean source trees	2026-09-15T23:44:52.1349936Z   Downloaded zerofrom v0.1.8
reproduce-current-v2-identities	Build both guests twice from clean source trees	2026-09-15T23:44:52.1360681Z   Downloaded urlencoding v2.1.3
reproduce-current-v2-identities	Build both guests twice from clean source trees	2026-09-15T23:44:52.1372551Z   Downloaded tracing-log v0.2.0
reproduce-current-v2-identities	Build both guests twice from clean source trees	2026-09-15T23:44:52.1384170Z   Downloaded sp1-core-machine v6.3.1
reproduce-current-v2-identities	Build both guests twice from clean source trees	2026-09-15T23:44:52.1471084Z   Downloaded typeid_suffix v1.3.0
reproduce-current-v2-identities	Build both guests twice from clean source trees	2026-09-15T23:44:52.1484171Z   Downloaded zstd-safe v7.2.4
reproduce-current-v2-identities	Build both guests twice from clean source trees	2026-09-15T23:44:52.1497313Z   Downloaded zerovec-derive v0.11.3
reproduce-current-v2-identities	Build both guests twice from clean source trees	2026-09-15T23:44:52.1508481Z   Downloaded socket2 v0.6.5
reproduce-current-v2-identities	Build both guests twice from clean source trees	2026-09-15T23:44:52.1523282Z   Downloaded sp1-recursion-circuit v6.3.1
reproduce-current-v2-identities	Build both guests twice from clean source trees	2026-09-15T23:44:52.1547204Z   Downloaded sp1-sdk v6.3.1
reproduce-current-v2-identities	Build both guests twice from clean source trees	2026-09-15T23:44:52.1599261Z   Downloaded twox-hash v2.1.2
reproduce-current-v2-identities	Build both guests twice from clean source trees	2026-09-15T23:44:52.1614676Z   Downloaded syn-solidity v1.6.1
reproduce-current-v2-identities	Build both guests twice from clean source trees	2026-09-15T23:44:52.1647060Z   Downloaded quinn v0.11.11
reproduce-current-v2-identities	Build both guests twice from clean source trees	2026-09-15T23:44:52.1671821Z   Downloaded aws-lc-sys v0.43.0
reproduce-current-v2-identities	Build both guests twice from clean source trees	2026-09-15T23:44:52.3290960Z   Downloaded substrate-bn-succinct-rs v0.6.0
reproduce-current-v2-identities	Build both guests twice from clean source trees	2026-09-15T23:44:52.3320066Z   Downloaded rand v0.10.2
reproduce-current-v2-identities	Build both guests twice from clean source trees	2026-09-15T23:44:52.3344959Z   Downloaded url v2.5.8
reproduce-current-v2-identities	Build both guests twice from clean source trees	2026-09-15T23:44:52.3364520Z   Downloaded ruint v1.19.0
reproduce-current-v2-identities	Build both guests twice from clean source trees	2026-09-15T23:44:52.3405794Z   Downloaded idna v1.1.0
reproduce-current-v2-identities	Build both guests twice from clean source trees	2026-09-15T23:44:52.3441821Z   Downloaded sysinfo v0.30.13
reproduce-current-v2-identities	Build both guests twice from clean source trees	2026-09-15T23:44:52.3505323Z   Downloaded tower-http v0.6.11
reproduce-current-v2-identities	Build both guests twice from clean source trees	2026-09-15T23:44:52.3563818Z   Downloaded snowbridge-amcl v1.0.2
reproduce-current-v2-identities	Build both guests twice from clean source trees	2026-09-15T23:44:52.3627795Z   Downloaded tracing-subscriber v0.3.23
reproduce-current-v2-identities	Build both guests twice from clean source trees	2026-09-15T23:44:52.3703976Z   Downloaded webpki-roots v1.0.8
reproduce-current-v2-identities	Build both guests twice from clean source trees	2026-09-15T23:44:52.3746798Z   Downloaded gimli v0.32.3
reproduce-current-v2-identities	Build both guests twice from clean source trees	2026-09-15T23:44:52.3823311Z   Downloaded icu_properties_data v2.2.0
reproduce-current-v2-identities	Build both guests twice from clean source trees	2026-09-15T23:44:52.3895668Z   Downloaded h2 v0.4.15
reproduce-current-v2-identities	Build both guests twice from clean source trees	2026-09-15T23:44:52.3942357Z   Downloaded tonic v0.12.3
reproduce-current-v2-identities	Build both guests twice from clean source trees	2026-09-15T23:44:52.3979987Z   Downloaded tower v0.5.3
reproduce-current-v2-identities	Build both guests twice from clean source trees	2026-09-15T23:44:52.4033034Z   Downloaded tokio-util v0.7.18
reproduce-current-v2-identities	Build both guests twice from clean source trees	2026-09-15T23:44:52.4071646Z   Downloaded tower v0.4.13
reproduce-current-v2-identities	Build both guests twice from clean source trees	2026-09-15T23:44:52.4116143Z   Downloaded rustls v0.23.42
reproduce-current-v2-identities	Build both guests twice from clean source trees	2026-09-15T23:44:52.4181920Z   Downloaded time v0.3.53
reproduce-current-v2-identities	Build both guests twice from clean source trees	2026-09-15T23:44:52.4251114Z   Downloaded toml_edit v0.19.15
reproduce-current-v2-identities	Build both guests twice from clean source trees	2026-09-15T23:44:52.4329783Z   Downloaded dashu-int v0.4.3
reproduce-current-v2-identities	Build both guests twice from clean source trees	2026-09-15T23:44:52.4381870Z   Downloaded hyper v1.10.1
reproduce-current-v2-identities	Build both guests twice from clean source trees	2026-09-15T23:44:52.4420590Z   Downloaded hashbrown v0.14.5
reproduce-current-v2-identities	Build both guests twice from clean source trees	2026-09-15T23:44:52.4450387Z   Downloaded nom v7.1.3
reproduce-current-v2-identities	Build both guests twice from clean source trees	2026-09-15T23:44:52.4478660Z   Downloaded http v1.4.2
reproduce-current-v2-identities	Build both guests twice from clean source trees	2026-09-15T23:44:52.4500390Z   Downloaded hashbrown v0.15.5
reproduce-current-v2-identities	Build both guests twice from clean source trees	2026-09-15T23:44:52.4529042Z   Downloaded dynasm v3.2.1
reproduce-current-v2-identities	Build both guests twice from clean source trees	2026-09-15T23:44:52.4556558Z   Downloaded http v0.2.12
reproduce-current-v2-identities	Build both guests twice from clean source trees	2026-09-15T23:44:52.4577197Z   Downloaded tokio v1.53.0
reproduce-current-v2-identities	Build both guests twice from clean source trees	2026-09-15T23:44:52.4796687Z   Downloaded tracing-forest v0.1.6
reproduce-current-v2-identities	Build both guests twice from clean source trees	2026-09-15T23:44:52.4809941Z   Downloaded tracing-appender v0.2.5
reproduce-current-v2-identities	Build both guests twice from clean source trees	2026-09-15T23:44:52.4819818Z   Downloaded unicode-width v0.2.2
reproduce-current-v2-identities	Build both guests twice from clean source trees	2026-09-15T23:44:52.4859989Z   Downloaded sharded-slab v0.1.7
reproduce-current-v2-identities	Build both guests twice from clean source trees	2026-09-15T23:44:52.4877745Z   Downloaded mio v1.2.2
reproduce-current-v2-identities	Build both guests twice from clean source trees	2026-09-15T23:44:52.4911233Z   Downloaded minimal-lexical v0.2.1
reproduce-current-v2-identities	Build both guests twice from clean source trees	2026-09-15T23:44:52.4935279Z   Downloaded indexmap v2.14.0
reproduce-current-v2-identities	Build both guests twice from clean source trees	2026-09-15T23:44:52.4959318Z   Downloaded hyper-util v0.1.20
reproduce-current-v2-identities	Build both guests twice from clean source trees	2026-09-15T23:44:52.4991040Z   Downloaded zstd-sys v2.0.16+zstd.1.5.7
reproduce-current-v2-identities	Build both guests twice from clean source trees	2026-09-15T23:44:52.5095390Z   Downloaded sp1-hypercube v6.3.1
reproduce-current-v2-identities	Build both guests twice from clean source trees	2026-09-15T23:44:52.5125361Z   Downloaded thiserror-impl v2.0.18
reproduce-current-v2-identities	Build both guests twice from clean source trees	2026-09-15T23:44:52.5133740Z   Downloaded subenum v1.2.0
reproduce-current-v2-identities	Build both guests twice from clean source trees	2026-09-15T23:44:52.5145673Z   Downloaded icu_collections v2.2.0
reproduce-current-v2-identities	Build both guests twice from clean source trees	2026-09-15T23:44:52.5176162Z   Downloaded utf8_iter v1.0.4
reproduce-current-v2-identities	Build both guests twice from clean source trees	2026-09-15T23:44:52.5182113Z   Downloaded sha3 v0.10.9
reproduce-current-v2-identities	Build both guests twice from clean source trees	2026-09-15T23:44:52.5209872Z   Downloaded transpose v0.2.3
reproduce-current-v2-identities	Build both guests twice from clean source trees	2026-09-15T23:44:52.5216660Z   Downloaded xmlparser v0.13.6
reproduce-current-v2-identities	Build both guests twice from clean source trees	2026-09-15T23:44:52.5227569Z   Downloaded webpki-roots v0.26.11
reproduce-current-v2-identities	Build both guests twice from clean source trees	2026-09-15T23:44:52.5234721Z   Downloaded vsimd v0.8.0
reproduce-current-v2-identities	Build both guests twice from clean source trees	2026-09-15T23:44:52.5245606Z   Downloaded vec_map v0.8.2
reproduce-current-v2-identities	Build both guests twice from clean source trees	2026-09-15T23:44:52.5251668Z   Downloaded uuid v1.24.0
reproduce-current-v2-identities	Build both guests twice from clean source trees	2026-09-15T23:44:52.5268746Z   Downloaded winnow v0.5.40
reproduce-current-v2-identities	Build both guests twice from clean source trees	2026-09-15T23:44:52.5313043Z   Downloaded zerotrie v0.2.4
reproduce-current-v2-identities	Build both guests twice from clean source trees	2026-09-15T23:44:52.5334248Z   Downloaded zerovec v0.11.6
reproduce-current-v2-identities	Build both guests twice from clean source trees	2026-09-15T23:44:52.5366070Z   Downloaded twirp-rs v0.13.0-succinct
reproduce-current-v2-identities	Build both guests twice from clean source trees	2026-09-15T23:44:52.5372304Z   Downloaded try-lock v0.2.5
reproduce-current-v2-identities	Build both guests twice from clean source trees	2026-09-15T23:44:52.5376477Z   Downloaded ring v0.17.14
reproduce-current-v2-identities	Build both guests twice from clean source trees	2026-09-15T23:44:52.5616100Z   Downloaded writeable v0.6.3
reproduce-current-v2-identities	Build both guests twice from clean source trees	2026-09-15T23:44:52.5626536Z   Downloaded want v0.3.1
reproduce-current-v2-identities	Build both guests twice from clean source trees	2026-09-15T23:44:52.5631520Z   Downloaded thiserror-impl v1.0.69
reproduce-current-v2-identities	Build both guests twice from clean source trees	2026-09-15T23:44:52.5638145Z   Downloaded thiserror v1.0.69
reproduce-current-v2-identities	Build both guests twice from clean source trees	2026-09-15T23:44:52.5660472Z   Downloaded synstructure v0.13.2
reproduce-current-v2-identities	Build both guests twice from clean source trees	2026-09-15T23:44:52.5666560Z   Downloaded untrusted v0.9.0
reproduce-current-v2-identities	Build both guests twice from clean source trees	2026-09-15T23:44:52.5674205Z   Downloaded superstruct v0.7.0
reproduce-current-v2-identities	Build both guests twice from clean source trees	2026-09-15T23:44:52.5687246Z   Downloaded scale-info v2.11.6
reproduce-current-v2-identities	Build both guests twice from clean source trees	2026-09-15T23:44:52.5697560Z   Downloaded regex-automata v0.4.16
reproduce-current-v2-identities	Build both guests twice from clean source trees	2026-09-15T23:44:52.5786309Z   Downloaded tower-service v0.3.3
reproduce-current-v2-identities	Build both guests twice from clean source trees	2026-09-15T23:44:52.5790788Z   Downloaded tower-layer v0.3.3
reproduce-current-v2-identities	Build both guests twice from clean source trees	2026-09-15T23:44:52.5795292Z   Downloaded toml_parser v1.1.2+spec-1.1.0
reproduce-current-v2-identities	Build both guests twice from clean source trees	2026-09-15T23:44:52.5807368Z   Downloaded tokio-stream v0.1.18
reproduce-current-v2-identities	Build both guests twice from clean source trees	2026-09-15T23:44:52.5829287Z   Downloaded tokio-rustls v0.26.4
reproduce-current-v2-identities	Build both guests twice from clean source trees	2026-09-15T23:44:52.5840191Z   Downloaded time-macros v0.2.31
reproduce-current-v2-identities	Build both guests twice from clean source trees	2026-09-15T23:44:52.5852708Z   Downloaded sp1-build v6.3.1
reproduce-current-v2-identities	Build both guests twice from clean source trees	2026-09-15T23:44:52.5859929Z   Downloaded tinystr v0.8.3
reproduce-current-v2-identities	Build both guests twice from clean source trees	2026-09-15T23:44:52.5871200Z   Downloaded tiny-keccak v2.0.2
reproduce-current-v2-identities	Build both guests twice from clean source trees	2026-09-15T23:44:52.5883582Z   Downloaded thread_local v1.1.10
reproduce-current-v2-identities	Build both guests twice from clean source trees	2026-09-15T23:44:52.5890152Z   Downloaded indicatif v0.17.11
reproduce-current-v2-identities	Build both guests twice from clean source trees	2026-09-15T23:44:52.5909013Z   Downloaded symlink v0.1.0
reproduce-current-v2-identities	Build both guests twice from clean source trees	2026-09-15T23:44:52.5914964Z   Downloaded slop-alloc v6.3.1
reproduce-current-v2-identities	Build both guests twice from clean source trees	2026-09-15T23:44:52.5922250Z   Downloaded simd-adler32 v0.3.10
reproduce-current-v2-identities	Build both guests twice from clean source trees	2026-09-15T23:44:52.5931036Z   Downloaded signal-hook-registry v1.4.8
reproduce-current-v2-identities	Build both guests twice from clean source trees	2026-09-15T23:44:52.5937345Z   Downloaded sha2 v0.10.9
reproduce-current-v2-identities	Build both guests twice from clean source trees	2026-09-15T23:44:52.5949567Z   Downloaded sha2 v0.9.9
reproduce-current-v2-identities	Build both guests twice from clean source trees	2026-09-15T23:44:52.5961468Z   Downloaded serde_with v3.21.0
reproduce-current-v2-identities	Build both guests twice from clean source trees	2026-09-15T23:44:52.6022568Z   Downloaded ruzstd v0.8.3
reproduce-current-v2-identities	Build both guests twice from clean source trees	2026-09-15T23:44:52.6048469Z   Downloaded rustls-webpki v0.103.13
reproduce-current-v2-identities	Build both guests twice from clean source trees	2026-09-15T23:44:52.6066200Z   Downloaded rustc-demangle v0.1.28
reproduce-current-v2-identities	Build both guests twice from clean source trees	2026-09-15T23:44:52.6075445Z   Downloaded reqwest v0.12.28
reproduce-current-v2-identities	Build both guests twice from clean source trees	2026-09-15T23:44:52.6107195Z   Downloaded regex-lite v0.1.9
reproduce-current-v2-identities	Build both guests twice from clean source trees	2026-09-15T23:44:52.6123229Z   Downloaded regex v1.13.1
reproduce-current-v2-identities	Build both guests twice from clean source trees	2026-09-15T23:44:52.6153495Z   Downloaded parking_lot_core v0.9.12
reproduce-current-v2-identities	Build both guests twice from clean source trees	2026-09-15T23:44:52.6164446Z   Downloaded parking_lot v0.12.5
reproduce-current-v2-identities	Build both guests twice from clean source trees	2026-09-15T23:44:52.6177336Z   Downloaded strsim v0.10.0
reproduce-current-v2-identities	Build both guests twice from clean source trees	2026-09-15T23:44:52.6183945Z   Downloaded strength_reduce v0.2.4
reproduce-current-v2-identities	Build both guests twice from clean source trees	2026-09-15T23:44:52.6190492Z   Downloaded ssz_types v0.11.0
reproduce-current-v2-identities	Build both guests twice from clean source trees	2026-09-15T23:44:52.6199882Z   Downloaded spin v0.9.9
reproduce-current-v2-identities	Build both guests twice from clean source trees	2026-09-15T23:44:52.6212111Z   Downloaded sp1-recursion-machine v6.3.1
reproduce-current-v2-identities	Build both guests twice from clean source trees	2026-09-15T23:44:52.6224981Z   Downloaded range-set-blaze v0.1.16
reproduce-current-v2-identities	Build both guests twice from clean source trees	2026-09-15T23:44:52.6252453Z   Downloaded quinn-proto v0.11.16
reproduce-current-v2-identities	Build both guests twice from clean source trees	2026-09-15T23:44:52.6292343Z   Downloaded petgraph v0.7.1
reproduce-current-v2-identities	Build both guests twice from clean source trees	2026-09-15T23:44:52.6395641Z   Downloaded portable-atomic v1.14.0
reproduce-current-v2-identities	Build both guests twice from clean source trees	2026-09-15T23:44:52.6436455Z   Downloaded pest v2.8.7
reproduce-current-v2-identities	Build both guests twice from clean source trees	2026-09-15T23:44:52.6463464Z   Downloaded ipnet v2.12.0
reproduce-current-v2-identities	Build both guests twice from clean source trees	2026-09-15T23:44:52.6472819Z   Downloaded derive_more v1.0.0
reproduce-current-v2-identities	Build both guests twice from clean source trees	2026-09-15T23:44:52.6512882Z   Downloaded derive-where v1.6.1
reproduce-current-v2-identities	Build both guests twice from clean source trees	2026-09-15T23:44:52.6531683Z   Downloaded dashu-ratio v0.4.4
reproduce-current-v2-identities	Build both guests twice from clean source trees	2026-09-15T23:44:52.6550369Z   Downloaded socket2 v0.5.10
reproduce-current-v2-identities	Build both guests twice from clean source trees	2026-09-15T23:44:52.6562043Z   Downloaded slop-air v6.3.1
reproduce-current-v2-identities	Build both guests twice from clean source trees	2026-09-15T23:44:52.6565630Z   Downloaded serial_test_derive v3.5.0
reproduce-current-v2-identities	Build both guests twice from clean source trees	2026-09-15T23:44:52.6570051Z   Downloaded scale-info-derive v2.11.6
reproduce-current-v2-identities	Build both guests twice from clean source trees	2026-09-15T23:44:52.6575030Z   Downloaded rrs-succinct v0.2.0
reproduce-current-v2-identities	Build both guests twice from clean source trees	2026-09-15T23:44:52.6579605Z   Downloaded prost-derive v0.13.5
reproduce-current-v2-identities	Build both guests twice from clean source trees	2026-09-15T23:44:52.6586379Z   Downloaded num-modular v0.6.4
reproduce-current-v2-identities	Build both guests twice from clean source trees	2026-09-15T23:44:52.6597177Z   Downloaded mti v1.1.1
reproduce-current-v2-identities	Build both guests twice from clean source trees	2026-09-15T23:44:52.6606373Z   Downloaded lock_api v0.4.14
reproduce-current-v2-identities	Build both guests twice from clean source trees	2026-09-15T23:44:52.6614261Z   Downloaded litemap v0.8.2
reproduce-current-v2-identities	Build both guests twice from clean source trees	2026-09-15T23:44:52.6626522Z   Downloaded hmac v0.13.0
reproduce-current-v2-identities	Build both guests twice from clean source trees	2026-09-15T23:44:52.6636996Z   Downloaded ethereum_ssz v0.9.1
reproduce-current-v2-identities	Build both guests twice from clean source trees	2026-09-15T23:44:52.6647585Z   Downloaded slop-basefold v6.3.1
reproduce-current-v2-identities	Build both guests twice from clean source trees	2026-09-15T23:44:52.6653488Z   Downloaded bls12_381 v0.8.0
reproduce-current-v2-identities	Build both guests twice from clean source trees	2026-09-15T23:44:52.6684704Z   Downloaded alloy-rpc-types-beacon v1.8.3
reproduce-current-v2-identities	Build both guests twice from clean source trees	2026-09-15T23:44:52.6754390Z   Downloaded blst v0.3.16
reproduce-current-v2-identities	Build both guests twice from clean source trees	2026-09-15T23:44:52.6828245Z   Downloaded object v0.37.3
reproduce-current-v2-identities	Build both guests twice from clean source trees	2026-09-15T23:44:52.6889240Z   Downloaded alloy-genesis v1.8.3
reproduce-current-v2-identities	Build both guests twice from clean source trees	2026-09-15T23:44:52.6924978Z   Downloaded serde_with_macros v3.21.0
reproduce-current-v2-identities	Build both guests twice from clean source trees	2026-09-15T23:44:52.6936253Z   Downloaded ryu v1.0.23
reproduce-current-v2-identities	Build both guests twice from clean source trees	2026-09-15T23:44:52.6953708Z   Downloaded rustls-pki-types v1.15.0
reproduce-current-v2-identities	Build both guests twice from clean source trees	2026-09-15T23:44:52.6966543Z   Downloaded rustls-native-certs v0.8.4
reproduce-current-v2-identities	Build both guests twice from clean source trees	2026-09-15T23:44:52.6974302Z   Downloaded httparse v1.10.1
reproduce-current-v2-identities	Build both guests twice from clean source trees	2026-09-15T23:44:52.6987983Z   Downloaded dashu-float v0.4.5
reproduce-current-v2-identities	Build both guests twice from clean source trees	2026-09-15T23:44:52.7017231Z   Downloaded sha1 v0.10.7
reproduce-current-v2-identities	Build both guests twice from clean source trees	2026-09-15T23:44:52.7025592Z   Downloaded serdect v0.2.0
reproduce-current-v2-identities	Build both guests twice from clean source trees	2026-09-15T23:44:52.7032942Z   Downloaded serde_urlencoded v0.7.1
reproduce-current-v2-identities	Build both guests twice from clean source trees	2026-09-15T23:44:52.7040359Z   Downloaded serde_path_to_error v0.1.20
reproduce-current-v2-identities	Build both guests twice from clean source trees	2026-09-15T23:44:52.7048485Z   Downloaded rustls-pemfile v2.2.0
reproduce-current-v2-identities	Build both guests twice from clean source trees	2026-09-15T23:44:52.7060025Z   Downloaded dashu-base v0.4.3
reproduce-current-v2-identities	Build both guests twice from clean source trees	2026-09-15T23:44:52.7069416Z   Downloaded ref-cast-impl v1.0.25
reproduce-current-v2-identities	Build both guests twice from clean source trees	2026-09-15T23:44:52.7074061Z   Downloaded num_enum_derive v0.7.6
reproduce-current-v2-identities	Build both guests twice from clean source trees	2026-09-15T23:44:52.7080798Z   Downloaded num-rational v0.4.2
reproduce-current-v2-identities	Build both guests twice from clean source trees	2026-09-15T23:44:52.7088143Z   Downloaded fixedbitset v0.5.7
reproduce-current-v2-identities	Build both guests twice from clean source trees	2026-09-15T23:44:52.7097615Z   Downloaded enum-map v2.7.3
reproduce-current-v2-identities	Build both guests twice from clean source trees	2026-09-15T23:44:52.7105839Z   Downloaded ethereum_serde_utils v0.8.1
reproduce-current-v2-identities	Build both guests twice from clean source trees	2026-09-15T23:44:52.7115506Z   Downloaded scopeguard v1.2.0
reproduce-current-v2-identities	Build both guests twice from clean source trees	2026-09-15T23:44:52.7121690Z   Downloaded generic-array v1.1.0
reproduce-current-v2-identities	Build both guests twice from clean source trees	2026-09-15T23:44:52.7130360Z   Downloaded num-complex v0.4.6
reproduce-current-v2-identities	Build both guests twice from clean source trees	2026-09-15T23:44:52.7139074Z   Downloaded lru v0.16.4
reproduce-current-v2-identities	Build both guests twice from clean source trees	2026-09-15T23:44:52.7145512Z   Downloaded jobserver v0.1.35
reproduce-current-v2-identities	Build both guests twice from clean source trees	2026-09-15T23:44:52.7155264Z   Downloaded hyper-timeout v0.5.2
reproduce-current-v2-identities	Build both guests twice from clean source trees	2026-09-15T23:44:52.7162851Z   Downloaded hyper-rustls v0.27.9
reproduce-current-v2-identities	Build both guests twice from clean source trees	2026-09-15T23:44:52.7170629Z   Downloaded fastrand v2.4.1
reproduce-current-v2-identities	Build both guests twice from clean source trees	2026-09-15T23:44:52.7178053Z   Downloaded dynasmrt v3.2.1
reproduce-current-v2-identities	Build both guests twice from clean source trees	2026-09-15T23:44:52.7186223Z   Downloaded aws-sdk-sts v1.108.0
reproduce-current-v2-identities	Build both guests twice from clean source trees	2026-09-15T23:44:52.7244802Z   Downloaded aws-lc-rs v1.17.3
reproduce-current-v2-identities	Build both guests twice from clean source trees	2026-09-15T23:44:52.7299149Z   Downloaded alloy-provider v1.8.3
reproduce-current-v2-identities	Build both guests twice from clean source trees	2026-09-15T23:44:52.7335273Z   Downloaded prost-types v0.13.5
reproduce-current-v2-identities	Build both guests twice from clean source trees	2026-09-15T23:44:52.7345878Z   Downloaded aws-config v1.9.0
reproduce-current-v2-identities	Build both guests twice from clean source trees	2026-09-15T23:44:52.7381047Z   Downloaded aho-corasick v1.1.4
reproduce-current-v2-identities	Build both guests twice from clean source trees	2026-09-15T23:44:52.7411682Z   Downloaded rand_core v0.10.1
reproduce-current-v2-identities	Build both guests twice from clean source trees	2026-09-15T23:44:52.7419689Z   Downloaded quinn-udp v0.5.15
reproduce-current-v2-identities	Build both guests twice from clean source trees	2026-09-15T23:44:52.7429357Z   Downloaded prost-build v0.13.5
reproduce-current-v2-identities	Build both guests twice from clean source trees	2026-09-15T23:44:52.7445442Z   Downloaded aws-smithy-runtime v1.12.0
reproduce-current-v2-identities	Build both guests twice from clean source trees	2026-09-15T23:44:52.7477104Z   Downloaded displaydoc v0.2.6
reproduce-current-v2-identities	Build both guests twice from clean source trees	2026-09-15T23:44:52.7487108Z   Downloaded indenter v0.3.4
reproduce-current-v2-identities	Build both guests twice from clean source trees	2026-09-15T23:44:52.7494238Z   Downloaded eventsource-stream v0.2.3
reproduce-current-v2-identities	Build both guests twice from clean source trees	2026-09-15T23:44:52.7501655Z   Downloaded alloy-rpc-types-eth v1.8.3
reproduce-current-v2-identities	Build both guests twice from clean source trees	2026-09-15T23:44:52.7524716Z   Downloaded aws-smithy-types v1.6.1
reproduce-current-v2-identities	Build both guests twice from clean source trees	2026-09-15T23:44:52.7550980Z   Downloaded aws-sigv4 v1.5.1
reproduce-current-v2-identities	Build both guests twice from clean source trees	2026-09-15T23:44:52.7731139Z   Downloaded sp1-prover v6.3.1
reproduce-current-v2-identities	Build both guests twice from clean source trees	2026-09-15T23:44:52.8157259Z   Downloaded aws-sdk-ssooidc v1.105.0
reproduce-current-v2-identities	Build both guests twice from clean source trees	2026-09-15T23:44:52.8192337Z   Downloaded pkg-config v0.3.33
reproduce-current-v2-identities	Build both guests twice from clean source trees	2026-09-15T23:44:52.8199709Z   Downloaded aws-runtime v1.8.1
reproduce-current-v2-identities	Build both guests twice from clean source trees	2026-09-15T23:44:52.8220472Z   Downloaded backtrace v0.3.76
reproduce-current-v2-identities	Build both guests twice from clean source trees	2026-09-15T23:44:52.8245451Z   Downloaded aws-smithy-runtime-api v1.13.0
reproduce-current-v2-identities	Build both guests twice from clean source trees	2026-09-15T23:44:52.8266426Z   Downloaded aws-smithy-http-client v1.2.0
reproduce-current-v2-identities	Build both guests twice from clean source trees	2026-09-15T23:44:52.8289180Z   Downloaded aws-sdk-sso v1.103.0
reproduce-current-v2-identities	Build both guests twice from clean source trees	2026-09-15T23:44:52.8319832Z   Downloaded alloy-dyn-abi v1.5.7
reproduce-current-v2-identities	Build both guests twice from clean source trees	2026-09-15T23:44:52.8337180Z   Downloaded p3-baby-bear v0.4.3-succinct
reproduce-current-v2-identities	Build both guests twice from clean source trees	2026-09-15T23:44:52.8348261Z   Downloaded p256 v0.13.2
reproduce-current-v2-identities	Build both guests twice from clean source trees	2026-09-15T23:44:52.8364625Z   Downloaded borsh v1.8.0
reproduce-current-v2-identities	Build both guests twice from clean source trees	2026-09-15T23:44:52.8396354Z   Downloaded darling_core v0.20.11
reproduce-current-v2-identities	Build both guests twice from clean source trees	2026-09-15T23:44:52.8419070Z   Downloaded aws-smithy-json v0.63.0
reproduce-current-v2-identities	Build both guests twice from clean source trees	2026-09-15T23:44:52.8431295Z   Downloaded alloy-rpc-client v1.8.3
reproduce-current-v2-identities	Build both guests twice from clean source trees	2026-09-15T23:44:52.8442630Z   Downloaded p3-commit v0.4.3-succinct
reproduce-current-v2-identities	Build both guests twice from clean source trees	2026-09-15T23:44:52.8447606Z   Downloaded darling v0.20.11
reproduce-current-v2-identities	Build both guests twice from clean source trees	2026-09-15T23:44:52.8468751Z   Downloaded chacha20 v0.10.1
reproduce-current-v2-identities	Build both guests twice from clean source trees	2026-09-15T23:44:52.8480899Z   Downloaded borsh-derive v1.8.0
reproduce-current-v2-identities	Build both guests twice from clean source trees	2026-09-15T23:44:52.8495334Z   Downloaded bitcoin-consensus-encoding v1.1.0
reproduce-current-v2-identities	Build both guests twice from clean source trees	2026-09-15T23:44:52.8506480Z   Downloaded aws-smithy-http v0.64.0
reproduce-current-v2-identities	Build both guests twice from clean source trees	2026-09-15T23:44:52.8517367Z   Downloaded alloy-transport v1.8.3
reproduce-current-v2-identities	Build both guests twice from clean source trees	2026-09-15T23:44:52.8528767Z   Downloaded alloy-signer-local v1.8.3
reproduce-current-v2-identities	Build both guests twice from clean source trees	2026-09-15T23:44:52.8538754Z   Downloaded anstream v1.0.0
reproduce-current-v2-identities	Build both guests twice from clean source trees	2026-09-15T23:44:52.8549321Z   Downloaded aws-types v1.4.0
reproduce-current-v2-identities	Build both guests twice from clean source trees	2026-09-15T23:44:52.8558960Z   Downloaded anyhow v1.0.103
reproduce-current-v2-identities	Build both guests twice from clean source trees	2026-09-15T23:44:52.8577071Z   Downloaded alloy-json-rpc v1.8.3
reproduce-current-v2-identities	Build both guests twice from clean source trees	2026-09-15T23:44:52.8587113Z   Downloaded alloy-contract v1.8.3
reproduce-current-v2-identities	Build both guests twice from clean source trees	2026-09-15T23:44:52.8598906Z   Downloaded alloy v1.8.3
reproduce-current-v2-identities	Build both guests twice from clean source trees	2026-09-15T23:44:52.8611808Z   Downloaded allocator-api2 v0.2.21
reproduce-current-v2-identities	Build both guests twice from clean source trees	2026-09-15T23:44:52.8625749Z   Downloaded num v0.4.3
reproduce-current-v2-identities	Build both guests twice from clean source trees	2026-09-15T23:44:52.8631125Z   Downloaded md-5 v0.10.6
reproduce-current-v2-identities	Build both guests twice from clean source trees	2026-09-15T23:44:52.8637915Z   Downloaded darling v0.13.4
reproduce-current-v2-identities	Build both guests twice from clean source trees	2026-09-15T23:44:52.8649881Z   Downloaded crossbeam-queue v0.3.13
reproduce-current-v2-identities	Build both guests twice from clean source trees	2026-09-15T23:44:52.8656644Z   Downloaded crash-handler v0.7.0
reproduce-current-v2-identities	Build both guests twice from clean source trees	2026-09-15T23:44:52.8670153Z   Downloaded bytemuck_derive v1.11.0
reproduce-current-v2-identities	Build both guests twice from clean source trees	2026-09-15T23:44:52.8677241Z   Downloaded async-trait v0.1.89
reproduce-current-v2-identities	Build both guests twice from clean source trees	2026-09-15T23:44:52.8693231Z   Downloaded matchers v0.2.0
reproduce-current-v2-identities	Build both guests twice from clean source trees	2026-09-15T23:44:52.8698304Z   Downloaded is_terminal_polyfill v1.70.2
reproduce-current-v2-identities	Build both guests twice from clean source trees	2026-09-15T23:44:52.8703144Z   Downloaded downcast-rs v1.2.1
reproduce-current-v2-identities	Build both guests twice from clean source trees	2026-09-15T23:44:52.8709181Z   Downloaded crash-context v0.6.3
reproduce-current-v2-identities	Build both guests twice from clean source trees	2026-09-15T23:44:52.8718265Z   Downloaded backoff v0.4.0
reproduce-current-v2-identities	Build both guests twice from clean source trees	2026-09-15T23:44:52.8728313Z   Downloaded axum-core v0.4.5
reproduce-current-v2-identities	Build both guests twice from clean source trees	2026-09-15T23:44:52.8738230Z   Downloaded cmake v0.1.58
reproduce-current-v2-identities	Build both guests twice from clean source trees	2026-09-15T23:44:52.8744969Z   Downloaded bytes-utils v0.1.4
reproduce-current-v2-identities	Build both guests twice from clean source trees	2026-09-15T23:44:52.8752698Z   Downloaded ansi_term v0.12.1
reproduce-current-v2-identities	Build both guests twice from clean source trees	2026-09-15T23:44:53.0917665Z    Compiling proc-macro2 v1.0.106
reproduce-current-v2-identities	Build both guests twice from clean source trees	2026-09-15T23:44:53.0918447Z    Compiling unicode-ident v1.0.24
reproduce-current-v2-identities	Build both guests twice from clean source trees	2026-09-15T23:44:53.0918923Z    Compiling quote v1.0.46
reproduce-current-v2-identities	Build both guests twice from clean source trees	2026-09-15T23:44:53.0921271Z    Compiling serde_core v1.0.228
reproduce-current-v2-identities	Build both guests twice from clean source trees	2026-09-15T23:44:53.1611570Z    Compiling libc v0.2.186
reproduce-current-v2-identities	Build both guests twice from clean source trees	2026-09-15T23:44:53.4202724Z    Compiling serde v1.0.228
reproduce-current-v2-identities	Build both guests twice from clean source trees	2026-09-15T23:44:53.4240667Z    Compiling autocfg v1.5.1
reproduce-current-v2-identities	Build both guests twice from clean source trees	2026-09-15T23:44:53.7001683Z    Compiling num-traits v0.2.19
reproduce-current-v2-identities	Build both guests twice from clean source trees	2026-09-15T23:44:53.7741697Z    Compiling cfg-if v1.0.4
reproduce-current-v2-identities	Build both guests twice from clean source trees	2026-09-15T23:44:53.9622155Z    Compiling syn v2.0.119
reproduce-current-v2-identities	Build both guests twice from clean source trees	2026-09-15T23:44:54.3451740Z    Compiling once_cell v1.21.4
reproduce-current-v2-identities	Build both guests twice from clean source trees	2026-09-15T23:44:55.3942251Z    Compiling getrandom v0.2.17
reproduce-current-v2-identities	Build both guests twice from clean source trees	2026-09-15T23:44:55.5661827Z    Compiling version_check v0.9.5
reproduce-current-v2-identities	Build both guests twice from clean source trees	2026-09-15T23:44:55.6734298Z    Compiling num-integer v0.1.46
reproduce-current-v2-identities	Build both guests twice from clean source trees	2026-09-15T23:44:55.7199710Z    Compiling zerocopy v0.8.54
reproduce-current-v2-identities	Build both guests twice from clean source trees	2026-09-15T23:44:55.7591693Z    Compiling crossbeam-utils v0.8.22
reproduce-current-v2-identities	Build both guests twice from clean source trees	2026-09-15T23:44:55.8827792Z    Compiling generic-array v0.14.9
reproduce-current-v2-identities	Build both guests twice from clean source trees	2026-09-15T23:44:55.8913813Z    Compiling pin-project-lite v0.2.17
reproduce-current-v2-identities	Build both guests twice from clean source trees	2026-09-15T23:44:55.9251566Z    Compiling rand_core v0.6.4
reproduce-current-v2-identities	Build both guests twice from clean source trees	2026-09-15T23:44:55.9351313Z    Compiling crossbeam-epoch v0.9.20
reproduce-current-v2-identities	Build both guests twice from clean source trees	2026-09-15T23:44:55.9581564Z    Compiling crossbeam-deque v0.8.7
reproduce-current-v2-identities	Build both guests twice from clean source trees	2026-09-15T23:44:56.0303138Z    Compiling rayon-core v1.13.0
reproduce-current-v2-identities	Build both guests twice from clean source trees	2026-09-15T23:44:56.0501634Z    Compiling log v0.4.33
reproduce-current-v2-identities	Build both guests twice from clean source trees	2026-09-15T23:44:56.0711748Z    Compiling syn v1.0.109
reproduce-current-v2-identities	Build both guests twice from clean source trees	2026-09-15T23:44:56.1014874Z    Compiling tracing-core v0.1.36
reproduce-current-v2-identities	Build both guests twice from clean source trees	2026-09-15T23:44:56.2031672Z    Compiling subtle v2.6.1
reproduce-current-v2-identities	Build both guests twice from clean source trees	2026-09-15T23:44:56.2881632Z    Compiling typenum v1.20.1
reproduce-current-v2-identities	Build both guests twice from clean source trees	2026-09-15T23:44:56.9232224Z    Compiling memchr v2.8.3
reproduce-current-v2-identities	Build both guests twice from clean source trees	2026-09-15T23:44:57.0021675Z    Compiling radium v0.7.0
reproduce-current-v2-identities	Build both guests twice from clean source trees	2026-09-15T23:44:57.1031603Z    Compiling num-bigint v0.3.3
reproduce-current-v2-identities	Build both guests twice from clean source trees	2026-09-15T23:44:57.9742009Z    Compiling serde_derive v1.0.228
reproduce-current-v2-identities	Build both guests twice from clean source trees	2026-09-15T23:44:58.0312140Z    Compiling tracing-attributes v0.1.31
reproduce-current-v2-identities	Build both guests twice from clean source trees	2026-09-15T23:44:58.2741769Z    Compiling zeroize_derive v1.5.0
reproduce-current-v2-identities	Build both guests twice from clean source trees	2026-09-15T23:44:58.6011758Z    Compiling zeroize v1.9.0
reproduce-current-v2-identities	Build both guests twice from clean source trees	2026-09-15T23:44:58.7291760Z    Compiling futures-macro v0.3.32
reproduce-current-v2-identities	Build both guests twice from clean source trees	2026-09-15T23:44:58.9011748Z    Compiling tracing v0.1.44
reproduce-current-v2-identities	Build both guests twice from clean source trees	2026-09-15T23:44:59.2061819Z    Compiling addchain v0.2.1
reproduce-current-v2-identities	Build both guests twice from clean source trees	2026-09-15T23:44:59.3031992Z    Compiling const-oid v0.9.6
reproduce-current-v2-identities	Build both guests twice from clean source trees	2026-09-15T23:44:59.5751977Z    Compiling itoa v1.0.18
reproduce-current-v2-identities	Build both guests twice from clean source trees	2026-09-15T23:44:59.7561916Z    Compiling crypto-common v0.1.6
reproduce-current-v2-identities	Build both guests twice from clean source trees	2026-09-15T23:44:59.8201662Z    Compiling block-buffer v0.10.4
reproduce-current-v2-identities	Build both guests twice from clean source trees	2026-09-15T23:44:59.8901752Z    Compiling ff_derive v0.13.1
reproduce-current-v2-identities	Build both guests twice from clean source trees	2026-09-15T23:44:59.9223552Z    Compiling futures-core v0.3.32
reproduce-current-v2-identities	Build both guests twice from clean source trees	2026-09-15T23:44:59.9831709Z    Compiling digest v0.10.7
reproduce-current-v2-identities	Build both guests twice from clean source trees	2026-09-15T23:45:00.1411328Z    Compiling futures-sink v0.3.32
reproduce-current-v2-identities	Build both guests twice from clean source trees	2026-09-15T23:45:00.1961516Z    Compiling either v1.16.0
reproduce-current-v2-identities	Build both guests twice from clean source trees	2026-09-15T23:45:00.5712164Z    Compiling slab v0.4.12
reproduce-current-v2-identities	Build both guests twice from clean source trees	2026-09-15T23:45:00.6974840Z    Compiling futures-channel v0.3.32
reproduce-current-v2-identities	Build both guests twice from clean source trees	2026-09-15T23:45:00.7989475Z    Compiling bytes v1.12.1
reproduce-current-v2-identities	Build both guests twice from clean source trees	2026-09-15T23:45:00.8848517Z    Compiling futures-task v0.3.32
reproduce-current-v2-identities	Build both guests twice from clean source trees	2026-09-15T23:45:00.9291984Z    Compiling futures-io v0.3.32
reproduce-current-v2-identities	Build both guests twice from clean source trees	2026-09-15T23:45:00.9741448Z    Compiling semver v1.0.28
reproduce-current-v2-identities	Build both guests twice from clean source trees	2026-09-15T23:45:01.0441537Z    Compiling futures-util v0.3.32
reproduce-current-v2-identities	Build both guests twice from clean source trees	2026-09-15T23:45:01.1771758Z    Compiling jobserver v0.1.35
reproduce-current-v2-identities	Build both guests twice from clean source trees	2026-09-15T23:45:01.5271599Z    Compiling find-msvc-tools v0.1.9
reproduce-current-v2-identities	Build both guests twice from clean source trees	2026-09-15T23:45:01.5751469Z    Compiling shlex v2.0.1
reproduce-current-v2-identities	Build both guests twice from clean source trees	2026-09-15T23:45:01.6752275Z    Compiling cc v1.2.67
reproduce-current-v2-identities	Build both guests twice from clean source trees	2026-09-15T23:45:01.6937882Z    Compiling byteorder v1.5.0
reproduce-current-v2-identities	Build both guests twice from clean source trees	2026-09-15T23:45:01.8685763Z    Compiling tap v1.0.1
reproduce-current-v2-identities	Build both guests twice from clean source trees	2026-09-15T23:45:01.9301271Z    Compiling wyz v0.5.1
reproduce-current-v2-identities	Build both guests twice from clean source trees	2026-09-15T23:45:02.2002087Z    Compiling rustc_version v0.4.1
reproduce-current-v2-identities	Build both guests twice from clean source trees	2026-09-15T23:45:02.3761636Z    Compiling smallvec v1.15.2
reproduce-current-v2-identities	Build both guests twice from clean source trees	2026-09-15T23:45:02.5798691Z    Compiling funty v2.0.0
reproduce-current-v2-identities	Build both guests twice from clean source trees	2026-09-15T23:45:02.9306587Z    Compiling cpufeatures v0.2.17
reproduce-current-v2-identities	Build both guests twice from clean source trees	2026-09-15T23:45:02.9755487Z    Compiling equivalent v1.0.2
reproduce-current-v2-identities	Build both guests twice from clean source trees	2026-09-15T23:45:03.0111434Z    Compiling bitvec v1.1.1
reproduce-current-v2-identities	Build both guests twice from clean source trees	2026-09-15T23:45:03.5652087Z    Compiling arrayvec v0.7.8
reproduce-current-v2-identities	Build both guests twice from clean source trees	2026-09-15T23:45:03.7256463Z    Compiling errno v0.3.14
reproduce-current-v2-identities	Build both guests twice from clean source trees	2026-09-15T23:45:03.8261595Z    Compiling signal-hook-registry v1.4.8
reproduce-current-v2-identities	Build both guests twice from clean source trees	2026-09-15T23:45:03.9833401Z    Compiling tokio-macros v2.7.1
reproduce-current-v2-identities	Build both guests twice from clean source trees	2026-09-15T23:45:04.1095558Z    Compiling socket2 v0.6.5
reproduce-current-v2-identities	Build both guests twice from clean source trees	2026-09-15T23:45:04.2511786Z    Compiling mio v1.2.2
reproduce-current-v2-identities	Build both guests twice from clean source trees	2026-09-15T23:45:04.5281459Z    Compiling tokio v1.53.0
reproduce-current-v2-identities	Build both guests twice from clean source trees	2026-09-15T23:45:04.8291429Z    Compiling ppv-lite86 v0.2.21
reproduce-current-v2-identities	Build both guests twice from clean source trees	2026-09-15T23:45:04.8827614Z    Compiling ff v0.13.1
reproduce-current-v2-identities	Build both guests twice from clean source trees	2026-09-15T23:45:04.9731580Z    Compiling sha2 v0.10.9
reproduce-current-v2-identities	Build both guests twice from clean source trees	2026-09-15T23:45:04.9911728Z    Compiling unicode-xid v0.2.6
reproduce-current-v2-identities	Build both guests twice from clean source trees	2026-09-15T23:45:05.0971849Z    Compiling rand_chacha v0.3.1
reproduce-current-v2-identities	Build both guests twice from clean source trees	2026-09-15T23:45:05.4091744Z    Compiling rand v0.8.7
reproduce-current-v2-identities	Build both guests twice from clean source trees	2026-09-15T23:45:05.6210469Z    Compiling num-bigint v0.4.8
reproduce-current-v2-identities	Build both guests twice from clean source trees	2026-09-15T23:45:06.8921482Z    Compiling itertools v0.12.1
reproduce-current-v2-identities	Build both guests twice from clean source trees	2026-09-15T23:45:08.3311647Z    Compiling p3-util v0.4.3-succinct
reproduce-current-v2-identities	Build both guests twice from clean source trees	2026-09-15T23:45:08.4301504Z    Compiling thiserror v1.0.69
reproduce-current-v2-identities	Build both guests twice from clean source trees	2026-09-15T23:45:08.9731658Z    Compiling hashbrown v0.17.1
reproduce-current-v2-identities	Build both guests twice from clean source trees	2026-09-15T23:45:09.4311827Z    Compiling indexmap v2.14.0
reproduce-current-v2-identities	Build both guests twice from clean source trees	2026-09-15T23:45:09.9092030Z    Compiling rayon v1.12.0
reproduce-current-v2-identities	Build both guests twice from clean source trees	2026-09-15T23:45:10.0191575Z    Compiling p3-field v0.4.3-succinct
reproduce-current-v2-identities	Build both guests twice from clean source trees	2026-09-15T23:45:10.1191719Z    Compiling thiserror-impl v1.0.69
reproduce-current-v2-identities	Build both guests twice from clean source trees	2026-09-15T23:45:10.3231481Z    Compiling paste v1.0.15
reproduce-current-v2-identities	Build both guests twice from clean source trees	2026-09-15T23:45:10.4341901Z    Compiling zmij v1.0.23
reproduce-current-v2-identities	Build both guests twice from clean source trees	2026-09-15T23:45:11.0691754Z    Compiling allocator-api2 v0.2.21
reproduce-current-v2-identities	Build both guests twice from clean source trees	2026-09-15T23:45:12.4559580Z    Compiling rustversion v1.0.23
reproduce-current-v2-identities	Build both guests twice from clean source trees	2026-09-15T23:45:12.6251687Z    Compiling p3-maybe-rayon v0.4.3-succinct
reproduce-current-v2-identities	Build both guests twice from clean source trees	2026-09-15T23:45:12.6671447Z    Compiling base64ct v1.8.3
reproduce-current-v2-identities	Build both guests twice from clean source trees	2026-09-15T23:45:13.0339570Z    Compiling pem-rfc7468 v0.7.0
reproduce-current-v2-identities	Build both guests twice from clean source trees	2026-09-15T23:45:13.7681530Z    Compiling der v0.7.10
reproduce-current-v2-identities	Build both guests twice from clean source trees	2026-09-15T23:45:14.3321576Z    Compiling heck v0.5.0
reproduce-current-v2-identities	Build both guests twice from clean source trees	2026-09-15T23:45:14.5041538Z    Compiling group v0.13.0
reproduce-current-v2-identities	Build both guests twice from clean source trees	2026-09-15T23:45:14.6167422Z    Compiling spki v0.7.3
reproduce-current-v2-identities	Build both guests twice from clean source trees	2026-09-15T23:45:14.8641600Z    Compiling base16ct v0.2.0
reproduce-current-v2-identities	Build both guests twice from clean source trees	2026-09-15T23:45:14.9201818Z    Compiling pkcs8 v0.10.2
reproduce-current-v2-identities	Build both guests twice from clean source trees	2026-09-15T23:45:15.0071602Z    Compiling serdect v0.2.0
reproduce-current-v2-identities	Build both guests twice from clean source trees	2026-09-15T23:45:15.1511442Z    Compiling p3-matrix v0.4.3-succinct
reproduce-current-v2-identities	Build both guests twice from clean source trees	2026-09-15T23:45:15.3955310Z    Compiling sec1 v0.7.3
reproduce-current-v2-identities	Build both guests twice from clean source trees	2026-09-15T23:45:15.6421477Z    Compiling signature v2.2.0
reproduce-current-v2-identities	Build both guests twice from clean source trees	2026-09-15T23:45:15.7281760Z    Compiling crypto-bigint v0.5.5
reproduce-current-v2-identities	Build both guests twice from clean source trees	2026-09-15T23:45:16.1971539Z    Compiling pin-project-internal v1.1.13
reproduce-current-v2-identities	Build both guests twice from clean source trees	2026-09-15T23:45:16.5411623Z    Compiling hmac v0.12.1
reproduce-current-v2-identities	Build both guests twice from clean source trees	2026-09-15T23:45:16.6301783Z    Compiling elliptic-curve v0.13.8
reproduce-current-v2-identities	Build both guests twice from clean source trees	2026-09-15T23:45:16.9325148Z    Compiling rfc6979 v0.4.0
reproduce-current-v2-identities	Build both guests twice from clean source trees	2026-09-15T23:45:17.0172569Z    Compiling ecdsa v0.16.9
reproduce-current-v2-identities	Build both guests twice from clean source trees	2026-09-15T23:45:17.2150168Z    Compiling p3-koala-bear v0.4.3-succinct
reproduce-current-v2-identities	Build both guests twice from clean source trees	2026-09-15T23:45:17.2211443Z    Compiling itertools v0.14.0
reproduce-current-v2-identities	Build both guests twice from clean source trees	2026-09-15T23:45:17.2871372Z    Compiling serde_json v1.0.150
reproduce-current-v2-identities	Build both guests twice from clean source trees	2026-09-15T23:45:17.5031807Z    Compiling k256 v0.13.4
reproduce-current-v2-identities	Build both guests twice from clean source trees	2026-09-15T23:45:17.6213668Z    Compiling p3-symmetric v0.4.3-succinct
reproduce-current-v2-identities	Build both guests twice from clean source trees	2026-09-15T23:45:17.7631892Z    Compiling hex v0.4.3
reproduce-current-v2-identities	Build both guests twice from clean source trees	2026-09-15T23:45:18.7131339Z    Compiling http v1.4.2
reproduce-current-v2-identities	Build both guests twice from clean source trees	2026-09-15T23:45:19.0762303Z    Compiling dunce v1.0.5
reproduce-current-v2-identities	Build both guests twice from clean source trees	2026-09-15T23:45:19.1220415Z    Compiling keccak v0.1.6
reproduce-current-v2-identities	Build both guests twice from clean source trees	2026-09-15T23:45:20.0392285Z    Compiling sha3 v0.10.9
reproduce-current-v2-identities	Build both guests twice from clean source trees	2026-09-15T23:45:20.3521563Z    Compiling futures-executor v0.3.32
reproduce-current-v2-identities	Build both guests twice from clean source trees	2026-09-15T23:45:20.4191832Z    Compiling strsim v0.11.1
reproduce-current-v2-identities	Build both guests twice from clean source trees	2026-09-15T23:45:20.5091383Z    Compiling fnv v1.0.7
reproduce-current-v2-identities	Build both guests twice from clean source trees	2026-09-15T23:45:20.5471842Z    Compiling futures v0.3.32
reproduce-current-v2-identities	Build both guests twice from clean source trees	2026-09-15T23:45:20.5871572Z    Compiling proc-macro-error-attr2 v2.0.0
reproduce-current-v2-identities	Build both guests twice from clean source trees	2026-09-15T23:45:20.6521596Z    Compiling p3-dft v0.4.3-succinct
reproduce-current-v2-identities	Build both guests twice from clean source trees	2026-09-15T23:45:20.7551266Z    Compiling proc-macro-error2 v2.0.1
reproduce-current-v2-identities	Build both guests twice from clean source trees	2026-09-15T23:45:20.7881466Z    Compiling p3-baby-bear v0.4.3-succinct
reproduce-current-v2-identities	Build both guests twice from clean source trees	2026-09-15T23:45:20.8191305Z    Compiling derive-where v1.6.1
reproduce-current-v2-identities	Build both guests twice from clean source trees	2026-09-15T23:45:20.8581394Z    Compiling alloy-rlp-derive v0.3.16
reproduce-current-v2-identities	Build both guests twice from clean source trees	2026-09-15T23:45:20.9111303Z    Compiling unicode-segmentation v1.13.3
reproduce-current-v2-identities	Build both guests twice from clean source trees	2026-09-15T23:45:20.9551488Z    Compiling p3-challenger v0.4.3-succinct
reproduce-current-v2-identities	Build both guests twice from clean source trees	2026-09-15T23:45:21.1858193Z    Compiling convert_case v0.10.0
reproduce-current-v2-identities	Build both guests twice from clean source trees	2026-09-15T23:45:21.2201338Z    Compiling alloy-rlp v0.3.12
reproduce-current-v2-identities	Build both guests twice from clean source trees	2026-09-15T23:45:21.3681580Z    Compiling tokio-util v0.7.18
reproduce-current-v2-identities	Build both guests twice from clean source trees	2026-09-15T23:45:21.3821449Z    Compiling ruint-macro v1.2.1
reproduce-current-v2-identities	Build both guests twice from clean source trees	2026-09-15T23:45:21.3901778Z    Compiling foldhash v0.2.0
reproduce-current-v2-identities	Build both guests twice from clean source trees	2026-09-15T23:45:21.5491450Z    Compiling ruint v1.19.0
reproduce-current-v2-identities	Build both guests twice from clean source trees	2026-09-15T23:45:21.7511734Z    Compiling hashbrown v0.16.1
reproduce-current-v2-identities	Build both guests twice from clean source trees	2026-09-15T23:45:22.0001516Z    Compiling derive_more-impl v2.1.1
reproduce-current-v2-identities	Build both guests twice from clean source trees	2026-09-15T23:45:22.1341598Z    Compiling getrandom v0.4.3
reproduce-current-v2-identities	Build both guests twice from clean source trees	2026-09-15T23:45:22.3769012Z    Compiling slop-algebra v6.3.1
reproduce-current-v2-identities	Build both guests twice from clean source trees	2026-09-15T23:45:22.3774695Z    Compiling const-hex v1.19.1
reproduce-current-v2-identities	Build both guests twice from clean source trees	2026-09-15T23:45:22.5861841Z    Compiling rustc-hash v2.1.3
reproduce-current-v2-identities	Build both guests twice from clean source trees	2026-09-15T23:45:22.7271834Z    Compiling spin v0.9.9
reproduce-current-v2-identities	Build both guests twice from clean source trees	2026-09-15T23:45:22.7671706Z    Compiling lazy_static v1.5.0
reproduce-current-v2-identities	Build both guests twice from clean source trees	2026-09-15T23:45:22.8331850Z    Compiling p3-mds v0.4.3-succinct
reproduce-current-v2-identities	Build both guests twice from clean source trees	2026-09-15T23:45:22.9492048Z    Compiling blake3 v1.8.5
reproduce-current-v2-identities	Build both guests twice from clean source trees	2026-09-15T23:45:22.9741585Z    Compiling ahash v0.8.12
reproduce-current-v2-identities	Build both guests twice from clean source trees	2026-09-15T23:45:23.0937595Z    Compiling gcd v2.3.0
reproduce-current-v2-identities	Build both guests twice from clean source trees	2026-09-15T23:45:23.1871766Z    Compiling p3-poseidon2 v0.4.3-succinct
reproduce-current-v2-identities	Build both guests twice from clean source trees	2026-09-15T23:45:23.3276937Z    Compiling http-body v1.1.0
reproduce-current-v2-identities	Build both guests twice from clean source trees	2026-09-15T23:45:24.8112939Z    Compiling derive_more v2.1.1
reproduce-current-v2-identities	Build both guests twice from clean source trees	2026-09-15T23:45:24.8847473Z    Compiling alloy-primitives v1.5.7
reproduce-current-v2-identities	Build both guests twice from clean source trees	2026-09-15T23:45:24.9251676Z    Compiling slop-symmetric v6.3.1
reproduce-current-v2-identities	Build both guests twice from clean source trees	2026-09-15T23:45:24.9981635Z    Compiling slop-challenger v6.3.1
reproduce-current-v2-identities	Build both guests twice from clean source trees	2026-09-15T23:45:25.0621832Z    Compiling pin-project v1.1.13
reproduce-current-v2-identities	Build both guests twice from clean source trees	2026-09-15T23:45:25.0931321Z    Compiling ident_case v1.0.1
reproduce-current-v2-identities	Build both guests twice from clean source trees	2026-09-15T23:45:25.1411276Z    Compiling percent-encoding v2.3.2
reproduce-current-v2-identities	Build both guests twice from clean source trees	2026-09-15T23:45:25.2361444Z    Compiling pkg-config v0.3.33
reproduce-current-v2-identities	Build both guests twice from clean source trees	2026-09-15T23:45:25.2935997Z    Compiling regex-syntax v0.8.11
reproduce-current-v2-identities	Build both guests twice from clean source trees	2026-09-15T23:45:25.3123328Z    Compiling thiserror v2.0.18
reproduce-current-v2-identities	Build both guests twice from clean source trees	2026-09-15T23:45:25.5051584Z    Compiling slop-poseidon2 v6.3.1
reproduce-current-v2-identities	Build both guests twice from clean source trees	2026-09-15T23:45:25.5641438Z    Compiling thiserror-impl v2.0.18
reproduce-current-v2-identities	Build both guests twice from clean source trees	2026-09-15T23:45:25.6021367Z    Compiling base64 v0.22.1
reproduce-current-v2-identities	Build both guests twice from clean source trees	2026-09-15T23:45:26.0031459Z    Compiling cpufeatures v0.3.0
reproduce-current-v2-identities	Build both guests twice from clean source trees	2026-09-15T23:45:26.0879098Z    Compiling p3-commit v0.4.3-succinct
reproduce-current-v2-identities	Build both guests twice from clean source trees	2026-09-15T23:45:26.1881554Z    Compiling synstructure v0.13.2
reproduce-current-v2-identities	Build both guests twice from clean source trees	2026-09-15T23:45:26.4038818Z    Compiling regex-automata v0.4.16
reproduce-current-v2-identities	Build both guests twice from clean source trees	2026-09-15T23:45:26.6501471Z    Compiling rustix v1.1.4
reproduce-current-v2-identities	Build both guests twice from clean source trees	2026-09-15T23:45:26.8147639Z    Compiling tower-service v0.3.3
reproduce-current-v2-identities	Build both guests twice from clean source trees	2026-09-15T23:45:26.8860671Z    Compiling http-body-util v0.1.4
reproduce-current-v2-identities	Build both guests twice from clean source trees	2026-09-15T23:45:26.9285842Z    Compiling ring v0.17.14
reproduce-current-v2-identities	Build both guests twice from clean source trees	2026-09-15T23:45:27.0784533Z    Compiling winnow v1.0.4
reproduce-current-v2-identities	Build both guests twice from clean source trees	2026-09-15T23:45:27.1955570Z    Compiling ryu v1.0.23
reproduce-current-v2-identities	Build both guests twice from clean source trees	2026-09-15T23:45:27.4251469Z    Compiling dashu-int v0.4.3
reproduce-current-v2-identities	Build both guests twice from clean source trees	2026-09-15T23:45:27.6209630Z    Compiling zerofrom-derive v0.1.7
reproduce-current-v2-identities	Build both guests twice from clean source trees	2026-09-15T23:45:27.8727732Z    Compiling toml_parser v1.1.2+spec-1.1.0
reproduce-current-v2-identities	Build both guests twice from clean source trees	2026-09-15T23:45:28.2915451Z    Compiling p3-bn254-fr v0.4.3-succinct
reproduce-current-v2-identities	Build both guests twice from clean source trees	2026-09-15T23:45:28.3126585Z    Compiling strum_macros v0.27.2
reproduce-current-v2-identities	Build both guests twice from clean source trees	2026-09-15T23:45:28.8731654Z    Compiling crossbeam-channel v0.5.16
reproduce-current-v2-identities	Build both guests twice from clean source trees	2026-09-15T23:45:29.1791682Z    Compiling crossbeam-queue v0.3.13
reproduce-current-v2-identities	Build both guests twice from clean source trees	2026-09-15T23:45:29.2651335Z    Compiling bitflags v2.13.1
reproduce-current-v2-identities	Build both guests twice from clean source trees	2026-09-15T23:45:29.3781589Z    Compiling toml_datetime v1.1.1+spec-1.1.0
reproduce-current-v2-identities	Build both guests twice from clean source trees	2026-09-15T23:45:29.5151451Z    Compiling crc32fast v1.5.0
reproduce-current-v2-identities	Build both guests twice from clean source trees	2026-09-15T23:45:29.6231450Z    Compiling slop-bn254 v6.3.1
reproduce-current-v2-identities	Build both guests twice from clean source trees	2026-09-15T23:45:29.6671632Z    Compiling toml_edit v0.25.13+spec-1.1.0
reproduce-current-v2-identities	Build both guests twice from clean source trees	2026-09-15T23:45:29.7981774Z    Compiling crossbeam v0.8.4
reproduce-current-v2-identities	Build both guests twice from clean source trees	2026-09-15T23:45:29.8301299Z    Compiling zerofrom v0.1.8
reproduce-current-v2-identities	Build both guests twice from clean source trees	2026-09-15T23:45:29.8961530Z    Compiling slop-koala-bear v6.3.1
reproduce-current-v2-identities	Build both guests twice from clean source trees	2026-09-15T23:45:30.1571384Z    Compiling yoke-derive v0.8.2
reproduce-current-v2-identities	Build both guests twice from clean source trees	2026-09-15T23:45:30.4641803Z    Compiling slop-alloc v6.3.1
reproduce-current-v2-identities	Build both guests twice from clean source trees	2026-09-15T23:45:30.8256603Z    Compiling strength_reduce v0.2.4
reproduce-current-v2-identities	Build both guests twice from clean source trees	2026-09-15T23:45:30.9311511Z    Compiling stable_deref_trait v1.2.1
reproduce-current-v2-identities	Build both guests twice from clean source trees	2026-09-15T23:45:30.9621531Z    Compiling parking_lot_core v0.9.12
reproduce-current-v2-identities	Build both guests twice from clean source trees	2026-09-15T23:45:31.0491552Z    Compiling tower-layer v0.3.3
reproduce-current-v2-identities	Build both guests twice from clean source trees	2026-09-15T23:45:31.1461311Z    Compiling untrusted v0.9.0
reproduce-current-v2-identities	Build both guests twice from clean source trees	2026-09-15T23:45:31.1801140Z    Compiling yoke v0.8.3
reproduce-current-v2-identities	Build both guests twice from clean source trees	2026-09-15T23:45:31.2061466Z    Compiling transpose v0.2.3
reproduce-current-v2-identities	Build both guests twice from clean source trees	2026-09-15T23:45:31.3031482Z    Compiling proc-macro-crate v3.5.0
reproduce-current-v2-identities	Build both guests twice from clean source trees	2026-09-15T23:45:31.5961934Z    Compiling slop-primitives v6.3.1
reproduce-current-v2-identities	Build both guests twice from clean source trees	2026-09-15T23:45:31.6471673Z    Compiling slop-matrix v6.3.1
reproduce-current-v2-identities	Build both guests twice from clean source trees	2026-09-15T23:45:31.6781266Z    Compiling parity-scale-codec v3.7.5
reproduce-current-v2-identities	Build both guests twice from clean source trees	2026-09-15T23:45:31.7331394Z    Compiling const_format_proc_macros v0.2.34
reproduce-current-v2-identities	Build both guests twice from clean source trees	2026-09-15T23:45:32.1976611Z    Compiling slop-futures v6.3.1
reproduce-current-v2-identities	Build both guests twice from clean source trees	2026-09-15T23:45:32.4984877Z    Compiling cmake v0.1.58
reproduce-current-v2-identities	Build both guests twice from clean source trees	2026-09-15T23:45:32.7273335Z    Compiling sync_wrapper v1.0.2
reproduce-current-v2-identities	Build both guests twice from clean source trees	2026-09-15T23:45:32.7331494Z    Compiling fs_extra v1.3.0
reproduce-current-v2-identities	Build both guests twice from clean source trees	2026-09-15T23:45:32.8858278Z    Compiling aws-lc-sys v0.43.0
reproduce-current-v2-identities	Build both guests twice from clean source trees	2026-09-15T23:45:32.9646116Z    Compiling slop-tensor v6.3.1
reproduce-current-v2-identities	Build both guests twice from clean source trees	2026-09-15T23:45:33.1079400Z    Compiling matchers v0.2.0
reproduce-current-v2-identities	Build both guests twice from clean source trees	2026-09-15T23:45:33.1449643Z    Compiling tracing-log v0.2.0
reproduce-current-v2-identities	Build both guests twice from clean source trees	2026-09-15T23:45:33.2344352Z    Compiling form_urlencoded v1.2.2
reproduce-current-v2-identities	Build both guests twice from clean source trees	2026-09-15T23:45:33.2586435Z    Compiling sharded-slab v0.1.7
reproduce-current-v2-identities	Build both guests twice from clean source trees	2026-09-15T23:45:33.5291586Z    Compiling zerovec-derive v0.11.3
reproduce-current-v2-identities	Build both guests twice from clean source trees	2026-09-15T23:45:33.6169645Z    Compiling thread_local v1.1.10
reproduce-current-v2-identities	Build both guests twice from clean source trees	2026-09-15T23:45:33.6653016Z    Compiling nu-ansi-term v0.50.3
reproduce-current-v2-identities	Build both guests twice from clean source trees	2026-09-15T23:45:33.7391411Z    Compiling num-modular v0.6.4
reproduce-current-v2-identities	Build both guests twice from clean source trees	2026-09-15T23:45:34.1637836Z    Compiling num-order v1.2.0
reproduce-current-v2-identities	Build both guests twice from clean source trees	2026-09-15T23:45:34.2236847Z    Compiling zerovec v0.11.6
reproduce-current-v2-identities	Build both guests twice from clean source trees	2026-09-15T23:45:34.2709324Z    Compiling tracing-subscriber v0.3.23
reproduce-current-v2-identities	Build both guests twice from clean source trees	2026-09-15T23:45:39.6985104Z    Compiling tower v0.5.3
reproduce-current-v2-identities	Build both guests twice from clean source trees	2026-09-15T23:45:40.0181658Z    Compiling parity-scale-codec-derive v3.7.5
reproduce-current-v2-identities	Build both guests twice from clean source trees	2026-09-15T23:45:40.7734686Z    Compiling slop-commit v6.3.1
reproduce-current-v2-identities	Build both guests twice from clean source trees	2026-09-15T23:45:41.0302121Z    Compiling derive_more-impl v1.0.0
reproduce-current-v2-identities	Build both guests twice from clean source trees	2026-09-15T23:45:41.5295143Z    Compiling displaydoc v0.2.6
reproduce-current-v2-identities	Build both guests twice from clean source trees	2026-09-15T23:45:41.8364327Z    Compiling bytemuck_derive v1.11.0
reproduce-current-v2-identities	Build both guests twice from clean source trees	2026-09-15T23:45:42.3087133Z    Compiling impl-trait-for-tuples v0.2.3
reproduce-current-v2-identities	Build both guests twice from clean source trees	2026-09-15T23:45:42.6187906Z    Compiling ansi_term v0.12.1
reproduce-current-v2-identities	Build both guests twice from clean source trees	2026-09-15T23:45:42.7110231Z    Compiling object v0.37.3
reproduce-current-v2-identities	Build both guests twice from clean source trees	2026-09-15T23:45:42.7944755Z    Compiling crunchy v0.2.4
reproduce-current-v2-identities	Build both guests twice from clean source trees	2026-09-15T23:45:42.8594461Z    Compiling static_assertions v1.1.0
reproduce-current-v2-identities	Build both guests twice from clean source trees	2026-09-15T23:45:42.8853901Z    Compiling dashu-base v0.4.3
reproduce-current-v2-identities	Build both guests twice from clean source trees	2026-09-15T23:45:43.0385072Z    Compiling tracing-forest v0.1.6
reproduce-current-v2-identities	Build both guests twice from clean source trees	2026-09-15T23:45:43.2734756Z    Compiling bytemuck v1.25.1
reproduce-current-v2-identities	Build both guests twice from clean source trees	2026-09-15T23:45:43.4447249Z    Compiling slop-baby-bear v6.3.1
reproduce-current-v2-identities	Build both guests twice from clean source trees	2026-09-15T23:45:44.5012831Z    Compiling rustls-pki-types v1.15.0
reproduce-current-v2-identities	Build both guests twice from clean source trees	2026-09-15T23:45:44.7081734Z    Compiling struct-reflection-derive v0.1.0
reproduce-current-v2-identities	Build both guests twice from clean source trees	2026-09-15T23:45:44.8811930Z    Compiling deepsize_derive2 v0.1.0
reproduce-current-v2-identities	Build both guests twice from clean source trees	2026-09-15T23:45:45.0361040Z    Compiling hybrid-array v0.4.13
reproduce-current-v2-identities	Build both guests twice from clean source trees	2026-09-15T23:45:45.3783856Z    Compiling num_cpus v1.17.0
reproduce-current-v2-identities	Build both guests twice from clean source trees	2026-09-15T23:45:45.5319114Z    Compiling num-conv v0.2.2
reproduce-current-v2-identities	Build both guests twice from clean source trees	2026-09-15T23:45:45.5354436Z    Compiling aws-lc-rs v1.17.3
reproduce-current-v2-identities	Build both guests twice from clean source trees	2026-09-15T23:45:45.6378578Z    Compiling deranged v0.5.8
reproduce-current-v2-identities	Build both guests twice from clean source trees	2026-09-15T23:45:45.9555266Z    Compiling powerfmt v0.2.0
reproduce-current-v2-identities	Build both guests twice from clean source trees	2026-09-15T23:45:46.1235737Z    Compiling winnow v0.5.40
reproduce-current-v2-identities	Build both guests twice from clean source trees	2026-09-15T23:45:46.4321701Z    Compiling eyre v0.6.12
reproduce-current-v2-identities	Build both guests twice from clean source trees	2026-09-15T23:45:46.5435946Z    Compiling time-core v0.1.9
reproduce-current-v2-identities	Build both guests twice from clean source trees	2026-09-15T23:45:46.6584281Z    Compiling toml_datetime v0.6.11
reproduce-current-v2-identities	Build both guests twice from clean source trees	2026-09-15T23:45:46.7831557Z    Compiling httparse v1.10.1
reproduce-current-v2-identities	Build both guests twice from clean source trees	2026-09-15T23:45:46.9245102Z    Compiling linux-raw-sys v0.12.1
reproduce-current-v2-identities	Build both guests twice from clean source trees	2026-09-15T23:45:47.3361543Z    Compiling toml_edit v0.19.15
reproduce-current-v2-identities	Build both guests twice from clean source trees	2026-09-15T23:45:48.3803861Z    Compiling time v0.3.53
reproduce-current-v2-identities	Build both guests twice from clean source trees	2026-09-15T23:45:49.8541642Z    Compiling slop-multilinear v6.3.1
reproduce-current-v2-identities	Build both guests twice from clean source trees	2026-09-15T23:45:50.5487730Z    Compiling dashu-float v0.4.5
reproduce-current-v2-identities	Build both guests twice from clean source trees	2026-09-15T23:45:51.1611493Z    Compiling slop-utils v6.3.1
reproduce-current-v2-identities	Build both guests twice from clean source trees	2026-09-15T23:45:51.1741704Z    Compiling scale-info-derive v2.11.6
reproduce-current-v2-identities	Build both guests twice from clean source trees	2026-09-15T23:45:51.3754624Z    Compiling p3-merkle-tree v0.4.3-succinct
reproduce-current-v2-identities	Build both guests twice from clean source trees	2026-09-15T23:45:51.5411601Z    Compiling darling_core v0.23.0
reproduce-current-v2-identities	Build both guests twice from clean source trees	2026-09-15T23:45:52.5394253Z    Compiling p3-interpolation v0.4.3-succinct
reproduce-current-v2-identities	Build both guests twice from clean source trees	2026-09-15T23:45:52.5861489Z    Compiling syn-solidity v1.6.1
reproduce-current-v2-identities	Build both guests twice from clean source trees	2026-09-15T23:45:53.4719217Z    Compiling macro-string v0.1.4
reproduce-current-v2-identities	Build both guests twice from clean source trees	2026-09-15T23:45:53.7179646Z    Compiling atomic-waker v1.1.2
reproduce-current-v2-identities	Build both guests twice from clean source trees	2026-09-15T23:45:53.8423837Z    Compiling constant_time_eq v0.4.2
reproduce-current-v2-identities	Build both guests twice from clean source trees	2026-09-15T23:45:53.9411878Z    Compiling arrayref v0.3.9
reproduce-current-v2-identities	Build both guests twice from clean source trees	2026-09-15T23:45:53.9811431Z    Compiling cmov v0.5.4
reproduce-current-v2-identities	Build both guests twice from clean source trees	2026-09-15T23:45:54.1231836Z    Compiling try-lock v0.2.5
reproduce-current-v2-identities	Build both guests twice from clean source trees	2026-09-15T23:45:54.1619553Z    Compiling want v0.3.1
reproduce-current-v2-identities	Build both guests twice from clean source trees	2026-09-15T23:45:54.2513834Z    Compiling ctutils v0.4.2
reproduce-current-v2-identities	Build both guests twice from clean source trees	2026-09-15T23:45:54.3770397Z    Compiling alloy-sol-macro-input v1.5.7
reproduce-current-v2-identities	Build both guests twice from clean source trees	2026-09-15T23:45:54.7091317Z    Compiling h2 v0.4.15
reproduce-current-v2-identities	Build both guests twice from clean source trees	2026-09-15T23:45:55.2369542Z    Compiling darling_macro v0.23.0
reproduce-current-v2-identities	Build both guests twice from clean source trees	2026-09-15T23:45:55.2401496Z    Compiling p3-fri v0.4.3-succinct
reproduce-current-v2-identities	Build both guests twice from clean source trees	2026-09-15T23:45:55.7931937Z    Compiling slop-merkle-tree v6.3.1
reproduce-current-v2-identities	Build both guests twice from clean source trees	2026-09-15T23:45:55.9909919Z    Compiling dashu-ratio v0.4.4
reproduce-current-v2-identities	Build both guests twice from clean source trees	2026-09-15T23:45:56.4352065Z    Compiling proc-macro-crate v1.3.1
reproduce-current-v2-identities	Build both guests twice from clean source trees	2026-09-15T23:45:56.6741254Z    Compiling block-buffer v0.12.1
reproduce-current-v2-identities	Build both guests twice from clean source trees	2026-09-15T23:45:56.7256954Z    Compiling crypto-common v0.2.2
reproduce-current-v2-identities	Build both guests twice from clean source trees	2026-09-15T23:45:56.7711679Z    Compiling tinystr v0.8.3
reproduce-current-v2-identities	Build both guests twice from clean source trees	2026-09-15T23:45:57.0792692Z    Compiling darling_core v0.20.11
reproduce-current-v2-identities	Build both guests twice from clean source trees	2026-09-15T23:45:57.9341513Z    Compiling http v0.2.12
reproduce-current-v2-identities	Build both guests twice from clean source trees	2026-09-15T23:45:59.7167558Z    Compiling bincode v1.3.3
reproduce-current-v2-identities	Build both guests twice from clean source trees	2026-09-15T23:45:59.8597211Z    Compiling sp1-derive v6.3.1
reproduce-current-v2-identities	Build both guests twice from clean source trees	2026-09-15T23:46:00.0427607Z    Compiling const-oid v0.10.2
reproduce-current-v2-identities	Build both guests twice from clean source trees	2026-09-15T23:46:00.2521584Z    Compiling anyhow v1.0.103
reproduce-current-v2-identities	Build both guests twice from clean source trees	2026-09-15T23:46:00.4549158Z    Compiling httpdate v1.0.3
reproduce-current-v2-identities	Build both guests twice from clean source trees	2026-09-15T23:46:00.6250210Z    Compiling litemap v0.8.2
reproduce-current-v2-identities	Build both guests twice from clean source trees	2026-09-15T23:46:00.7411418Z    Compiling outref v0.5.2
reproduce-current-v2-identities	Build both guests twice from clean source trees	2026-09-15T23:46:00.7561305Z    Compiling vsimd v0.8.0
reproduce-current-v2-identities	Build both guests twice from clean source trees	2026-09-15T23:46:00.7831479Z    Compiling writeable v0.6.3
reproduce-current-v2-identities	Build both guests twice from clean source trees	2026-09-15T23:46:00.9361827Z    Compiling elf v0.7.4
reproduce-current-v2-identities	Build both guests twice from clean source trees	2026-09-15T23:46:01.0231614Z    Compiling pastey v0.2.3
reproduce-current-v2-identities	Build both guests twice from clean source trees	2026-09-15T23:46:01.3187221Z    Compiling konst_macro_rules v0.2.19
reproduce-current-v2-identities	Build both guests twice from clean source trees	2026-09-15T23:46:01.4153110Z    Compiling sp1-primitives v6.3.1
reproduce-current-v2-identities	Build both guests twice from clean source trees	2026-09-15T23:46:01.5291585Z    Compiling konst v0.2.20
reproduce-current-v2-identities	Build both guests twice from clean source trees	2026-09-15T23:46:01.6293062Z    Compiling dashu-macros v0.4.2
reproduce-current-v2-identities	Build both guests twice from clean source trees	2026-09-15T23:46:02.0099179Z    Compiling base64-simd v0.8.0
reproduce-current-v2-identities	Build both guests twice from clean source trees	2026-09-15T23:46:02.3449766Z    Compiling icu_locale_core v2.2.0
reproduce-current-v2-identities	Build both guests twice from clean source trees	2026-09-15T23:46:02.3959338Z    Compiling hyper v1.10.1
reproduce-current-v2-identities	Build both guests twice from clean source trees	2026-09-15T23:46:04.0917870Z    Compiling digest v0.11.3
reproduce-current-v2-identities	Build both guests twice from clean source trees	2026-09-15T23:46:04.4364784Z    Compiling darling_macro v0.20.11
reproduce-current-v2-identities	Build both guests twice from clean source trees	2026-09-15T23:46:04.5917411Z    Compiling http-body v0.4.6
reproduce-current-v2-identities	Build both guests twice from clean source trees	2026-09-15T23:46:04.7302309Z    Compiling num_enum_derive v0.5.11
reproduce-current-v2-identities	Build both guests twice from clean source trees	2026-09-15T23:46:04.7971515Z    Compiling slop-basefold v6.3.1
reproduce-current-v2-identities	Build both guests twice from clean source trees	2026-09-15T23:46:04.9881711Z    Compiling hashbrown v0.14.5
reproduce-current-v2-identities	Build both guests twice from clean source trees	2026-09-15T23:46:05.5791613Z    Compiling slop-fri v6.3.1
reproduce-current-v2-identities	Build both guests twice from clean source trees	2026-09-15T23:46:05.6211482Z    Compiling darling v0.23.0
reproduce-current-v2-identities	Build both guests twice from clean source trees	2026-09-15T23:46:05.6321330Z    Compiling alloy-sol-macro-expander v1.5.7
reproduce-current-v2-identities	Build both guests twice from clean source trees	2026-09-15T23:46:05.6611401Z    Compiling atomic v0.6.1
reproduce-current-v2-identities	Build both guests twice from clean source trees	2026-09-15T23:46:05.7494718Z    Compiling zerotrie v0.2.4
reproduce-current-v2-identities	Build both guests twice from clean source trees	2026-09-15T23:46:06.0723046Z    Compiling potential_utf v0.1.5
reproduce-current-v2-identities	Build both guests twice from clean source trees	2026-09-15T23:46:06.1691873Z    Compiling slop-dft v6.3.1
reproduce-current-v2-identities	Build both guests twice from clean source trees	2026-09-15T23:46:06.2571773Z    Compiling dynasm v3.2.1
reproduce-current-v2-identities	Build both guests twice from clean source trees	2026-09-15T23:46:06.8511673Z    Compiling ethereum_serde_utils v0.8.1
reproduce-current-v2-identities	Build both guests twice from clean source trees	2026-09-15T23:46:07.6056272Z    Compiling bytes-utils v0.1.4
reproduce-current-v2-identities	Build both guests twice from clean source trees	2026-09-15T23:46:07.7691367Z    Compiling itertools v0.13.0
reproduce-current-v2-identities	Build both guests twice from clean source trees	2026-09-15T23:46:07.8457053Z    Compiling md-5 v0.10.6
reproduce-current-v2-identities	Build both guests twice from clean source trees	2026-09-15T23:46:07.9431591Z    Compiling auto_impl v1.3.0
reproduce-current-v2-identities	Build both guests twice from clean source trees	2026-09-15T23:46:09.2321581Z    Compiling icu_properties_data v2.2.0
reproduce-current-v2-identities	Build both guests twice from clean source trees	2026-09-15T23:46:09.2741671Z    Compiling utf8_iter v1.0.4
reproduce-current-v2-identities	Build both guests twice from clean source trees	2026-09-15T23:46:09.3031652Z    Compiling tiny-keccak v2.0.2
reproduce-current-v2-identities	Build both guests twice from clean source trees	2026-09-15T23:46:09.3591362Z    Compiling icu_normalizer_data v2.2.0
reproduce-current-v2-identities	Build both guests twice from clean source trees	2026-09-15T23:46:09.4252231Z    Compiling pin-utils v0.1.0
reproduce-current-v2-identities	Build both guests twice from clean source trees	2026-09-15T23:46:09.4335326Z    Compiling rustls v0.23.42
reproduce-current-v2-identities	Build both guests twice from clean source trees	2026-09-15T23:46:09.4577682Z    Compiling sp1-jit v6.3.1
reproduce-current-v2-identities	Build both guests twice from clean source trees	2026-09-15T23:46:09.5146163Z    Compiling ipnet v2.12.0
reproduce-current-v2-identities	Build both guests twice from clean source trees	2026-09-15T23:46:09.5231480Z    Compiling sha1_smol v1.0.1
reproduce-current-v2-identities	Build both guests twice from clean source trees	2026-09-15T23:46:09.7770453Z    Compiling hyper-util v0.1.20
reproduce-current-v2-identities	Build both guests twice from clean source trees	2026-09-15T23:46:11.0141350Z    Compiling uuid v1.24.0
reproduce-current-v2-identities	Build both guests twice from clean source trees	2026-09-15T23:46:12.1481548Z    Compiling aws-smithy-types v1.6.1
reproduce-current-v2-identities	Build both guests twice from clean source trees	2026-09-15T23:46:12.9791650Z    Compiling icu_collections v2.2.0
reproduce-current-v2-identities	Build both guests twice from clean source trees	2026-09-15T23:46:13.6159746Z    Compiling ethereum_ssz v0.9.1
reproduce-current-v2-identities	Build both guests twice from clean source trees	2026-09-15T23:46:14.2791577Z    Compiling alloy-sol-macro v1.5.7
reproduce-current-v2-identities	Build both guests twice from clean source trees	2026-09-15T23:46:14.4751773Z    Compiling slop-basefold-prover v6.3.1
reproduce-current-v2-identities	Build both guests twice from clean source trees	2026-09-15T23:46:14.4931726Z    Compiling icu_provider v2.2.0
reproduce-current-v2-identities	Build both guests twice from clean source trees	2026-09-15T23:46:14.6701556Z    Compiling darling v0.20.11
reproduce-current-v2-identities	Build both guests twice from clean source trees	2026-09-15T23:46:15.0161512Z    Compiling const_format v0.2.36
reproduce-current-v2-identities	Build both guests twice from clean source trees	2026-09-15T23:46:15.4707950Z    Compiling p3-air v0.4.3-succinct
reproduce-current-v2-identities	Build both guests twice from clean source trees	2026-09-15T23:46:15.6961597Z    Compiling clap_derive v4.6.1
reproduce-current-v2-identities	Build both guests twice from clean source trees	2026-09-15T23:46:16.3161598Z    Compiling scopeguard v1.2.0
reproduce-current-v2-identities	Build both guests twice from clean source trees	2026-09-15T23:46:16.3631488Z    Compiling crc-catalog v2.5.0
reproduce-current-v2-identities	Build both guests twice from clean source trees	2026-09-15T23:46:16.6301939Z    Compiling utf8parse v0.2.2
reproduce-current-v2-identities	Build both guests twice from clean source trees	2026-09-15T23:46:16.9611533Z    Compiling byte-slice-cast v1.2.3
reproduce-current-v2-identities	Build both guests twice from clean source trees	2026-09-15T23:46:17.5611920Z    Compiling anstyle-parse v1.0.0
reproduce-current-v2-identities	Build both guests twice from clean source trees	2026-09-15T23:46:17.6641872Z    Compiling crc v3.4.0
reproduce-current-v2-identities	Build both guests twice from clean source trees	2026-09-15T23:46:17.7991523Z    Compiling lock_api v0.4.14
reproduce-current-v2-identities	Build both guests twice from clean source trees	2026-09-15T23:46:18.2951667Z    Compiling slop-stacked v6.3.1
reproduce-current-v2-identities	Build both guests twice from clean source trees	2026-09-15T23:46:18.3951644Z    Compiling alloy-sol-types v1.5.7
reproduce-current-v2-identities	Build both guests twice from clean source trees	2026-09-15T23:46:18.5333061Z    Compiling serde_with_macros v3.21.0
reproduce-current-v2-identities	Build both guests twice from clean source trees	2026-09-15T23:46:18.5631409Z    Compiling slop-sumcheck v6.3.1
reproduce-current-v2-identities	Build both guests twice from clean source trees	2026-09-15T23:46:18.6801495Z    Compiling derive_more v1.0.0
reproduce-current-v2-identities	Build both guests twice from clean source trees	2026-09-15T23:46:18.7191463Z    Compiling strum v0.27.2
reproduce-current-v2-identities	Build both guests twice from clean source trees	2026-09-15T23:46:18.7885521Z    Compiling nybbles v0.4.8
reproduce-current-v2-identities	Build both guests twice from clean source trees	2026-09-15T23:46:19.1691661Z    Compiling aws-smithy-async v1.3.0
reproduce-current-v2-identities	Build both guests twice from clean source trees	2026-09-15T23:46:19.1941683Z    Compiling aws-smithy-runtime-api-macros v1.1.0
reproduce-current-v2-identities	Build both guests twice from clean source trees	2026-09-15T23:46:19.3541504Z    Compiling enum-map-derive v0.17.0
reproduce-current-v2-identities	Build both guests twice from clean source trees	2026-09-15T23:46:19.3591454Z    Compiling is_terminal_polyfill v1.70.2
reproduce-current-v2-identities	Build both guests twice from clean source trees	2026-09-15T23:46:19.4667083Z    Compiling anstyle-query v1.1.5
reproduce-current-v2-identities	Build both guests twice from clean source trees	2026-09-15T23:46:19.5105175Z    Compiling sp1-core-executor v6.3.1
reproduce-current-v2-identities	Build both guests twice from clean source trees	2026-09-15T23:46:19.5742083Z    Compiling openssl-probe v0.2.1
reproduce-current-v2-identities	Build both guests twice from clean source trees	2026-09-15T23:46:19.5798144Z    Compiling simd-adler32 v0.3.10
reproduce-current-v2-identities	Build both guests twice from clean source trees	2026-09-15T23:46:19.6801635Z    Compiling adler2 v2.0.1
reproduce-current-v2-identities	Build both guests twice from clean source trees	2026-09-15T23:46:19.7391276Z    Compiling colorchoice v1.0.5
reproduce-current-v2-identities	Build both guests twice from clean source trees	2026-09-15T23:46:19.7811356Z    Compiling anstyle v1.0.14
reproduce-current-v2-identities	Build both guests twice from clean source trees	2026-09-15T23:46:19.9001615Z    Compiling anstream v1.0.0
reproduce-current-v2-identities	Build both guests twice from clean source trees	2026-09-15T23:46:20.0261372Z    Compiling miniz_oxide v0.8.9
reproduce-current-v2-identities	Build both guests twice from clean source trees	2026-09-15T23:46:20.0771615Z    Compiling rustls-native-certs v0.8.4
reproduce-current-v2-identities	Build both guests twice from clean source trees	2026-09-15T23:46:20.4862208Z    Compiling aws-smithy-runtime-api v1.13.0
reproduce-current-v2-identities	Build both guests twice from clean source trees	2026-09-15T23:46:20.7791483Z    Compiling serde_with v3.21.0
reproduce-current-v2-identities	Build both guests twice from clean source trees	2026-09-15T23:46:20.9901568Z    Compiling alloy-trie v0.9.5
reproduce-current-v2-identities	Build both guests twice from clean source trees	2026-09-15T23:46:22.6421884Z    Compiling scale-info v2.11.6
reproduce-current-v2-identities	Build both guests twice from clean source trees	2026-09-15T23:46:23.2821529Z    Compiling slop-jagged v6.3.1
reproduce-current-v2-identities	Build both guests twice from clean source trees	2026-09-15T23:46:23.8331447Z    Compiling icu_properties v2.2.0
reproduce-current-v2-identities	Build both guests twice from clean source trees	2026-09-15T23:46:23.9961417Z    Compiling icu_normalizer v2.2.0
reproduce-current-v2-identities	Build both guests twice from clean source trees	2026-09-15T23:46:24.4254916Z    Compiling alloy-eip2124 v0.2.0
reproduce-current-v2-identities	Build both guests twice from clean source trees	2026-09-15T23:46:24.9359154Z    Compiling p3-uni-stark v0.4.3-succinct
reproduce-current-v2-identities	Build both guests twice from clean source trees	2026-09-15T23:46:25.0582161Z    Compiling ethereum_ssz_derive v0.9.1
reproduce-current-v2-identities	Build both guests twice from clean source trees	2026-09-15T23:46:25.1563123Z    Compiling primeorder v0.13.6
reproduce-current-v2-identities	Build both guests twice from clean source trees	2026-09-15T23:46:25.2891822Z    Compiling alloy-eip7928 v0.3.7
reproduce-current-v2-identities	Build both guests twice from clean source trees	2026-09-15T23:46:25.3361810Z    Compiling alloy-eip7702 v0.6.3
reproduce-current-v2-identities	Build both guests twice from clean source trees	2026-09-15T23:46:25.5350307Z    Compiling alloy-serde v1.8.3
reproduce-current-v2-identities	Build both guests twice from clean source trees	2026-09-15T23:46:25.8376422Z    Compiling alloy-eip2930 v0.2.3
reproduce-current-v2-identities	Build both guests twice from clean source trees	2026-09-15T23:46:26.1418184Z    Compiling num-rational v0.4.2
reproduce-current-v2-identities	Build both guests twice from clean source trees	2026-09-15T23:46:26.5376221Z    Compiling num-iter v0.1.46
reproduce-current-v2-identities	Build both guests twice from clean source trees	2026-09-15T23:46:26.5581874Z    Compiling num-complex v0.4.6
reproduce-current-v2-identities	Build both guests twice from clean source trees	2026-09-15T23:46:26.6011510Z    Compiling memmap2 v0.9.11
reproduce-current-v2-identities	Build both guests twice from clean source trees	2026-09-15T23:46:26.7581984Z    Compiling twox-hash v2.1.2
reproduce-current-v2-identities	Build both guests twice from clean source trees	2026-09-15T23:46:26.7761550Z    Compiling foldhash v0.1.5
reproduce-current-v2-identities	Build both guests twice from clean source trees	2026-09-15T23:46:26.8368276Z    Compiling clap_lex v1.1.0
reproduce-current-v2-identities	Build both guests twice from clean source trees	2026-09-15T23:46:26.8468791Z    Compiling hashbrown v0.15.5
reproduce-current-v2-identities	Build both guests twice from clean source trees	2026-09-15T23:46:26.9502039Z    Compiling clap_builder v4.6.2
reproduce-current-v2-identities	Build both guests twice from clean source trees	2026-09-15T23:46:27.2241447Z    Compiling num v0.4.3
reproduce-current-v2-identities	Build both guests twice from clean source trees	2026-09-15T23:46:27.2631411Z    Compiling ruzstd v0.8.3
reproduce-current-v2-identities	Build both guests twice from clean source trees	2026-09-15T23:46:27.6931531Z    Compiling dynasmrt v3.2.1
reproduce-current-v2-identities	Build both guests twice from clean source trees	2026-09-15T23:46:28.0081553Z    Compiling alloy-eips v1.8.3
reproduce-current-v2-identities	Build both guests twice from clean source trees	2026-09-15T23:46:28.0561611Z    Compiling p256 v0.13.2
reproduce-current-v2-identities	Build both guests twice from clean source trees	2026-09-15T23:46:28.5061668Z    Compiling slop-uni-stark v6.3.1
reproduce-current-v2-identities	Build both guests twice from clean source trees	2026-09-15T23:46:28.5471329Z    Compiling idna_adapter v1.2.2
reproduce-current-v2-identities	Build both guests twice from clean source trees	2026-09-15T23:46:28.6054319Z    Compiling slop-whir v6.3.1
reproduce-current-v2-identities	Build both guests twice from clean source trees	2026-09-15T23:46:29.0621688Z    Compiling snowbridge-amcl v1.0.2
reproduce-current-v2-identities	Build both guests twice from clean source trees	2026-09-15T23:46:29.1021606Z    Compiling flate2 v1.1.9
reproduce-current-v2-identities	Build both guests twice from clean source trees	2026-09-15T23:46:29.3700171Z    Compiling parking_lot v0.12.5
reproduce-current-v2-identities	Build both guests twice from clean source trees	2026-09-15T23:46:30.2092687Z    Compiling deepsize2 v0.1.0
reproduce-current-v2-identities	Build both guests twice from clean source trees	2026-09-15T23:46:30.3141514Z    Compiling slop-air v6.3.1
reproduce-current-v2-identities	Build both guests twice from clean source trees	2026-09-15T23:46:30.3671657Z    Compiling alloy-tx-macros v1.8.3
reproduce-current-v2-identities	Build both guests twice from clean source trees	2026-09-15T23:46:30.6711660Z    Compiling num_enum v0.5.11
reproduce-current-v2-identities	Build both guests twice from clean source trees	2026-09-15T23:46:30.7121851Z    Compiling dashu v0.4.4
reproduce-current-v2-identities	Build both guests twice from clean source trees	2026-09-15T23:46:30.7506890Z    Compiling memfd v0.6.5
reproduce-current-v2-identities	Build both guests twice from clean source trees	2026-09-15T23:46:30.8724442Z    Compiling struct-reflection v0.1.0
reproduce-current-v2-identities	Build both guests twice from clean source trees	2026-09-15T23:46:30.9752121Z    Compiling subenum v1.2.0
reproduce-current-v2-identities	Build both guests twice from clean source trees	2026-09-15T23:46:30.9791389Z    Compiling rayon-scan v0.1.1
reproduce-current-v2-identities	Build both guests twice from clean source trees	2026-09-15T23:46:31.0421487Z    Compiling generic-array v1.1.0
reproduce-current-v2-identities	Build both guests twice from clean source trees	2026-09-15T23:46:31.2193869Z    Compiling camino v1.2.4
reproduce-current-v2-identities	Build both guests twice from clean source trees	2026-09-15T23:46:31.3427021Z    Compiling indenter v0.3.4
reproduce-current-v2-identities	Build both guests twice from clean source trees	2026-09-15T23:46:31.3821664Z    Compiling thousands v0.2.0
reproduce-current-v2-identities	Build both guests twice from clean source trees	2026-09-15T23:46:31.4521493Z    Compiling downcast-rs v1.2.1
reproduce-current-v2-identities	Build both guests twice from clean source trees	2026-09-15T23:46:31.4979205Z    Compiling rrs-succinct v0.2.0
reproduce-current-v2-identities	Build both guests twice from clean source trees	2026-09-15T23:46:31.5576070Z    Compiling sp1-hypercube v6.3.1
reproduce-current-v2-identities	Build both guests twice from clean source trees	2026-09-15T23:46:32.8679193Z    Compiling sp1-curves v6.3.1
reproduce-current-v2-identities	Build both guests twice from clean source trees	2026-09-15T23:46:32.8911036Z    Compiling alloy-consensus v1.8.3
reproduce-current-v2-identities	Build both guests twice from clean source trees	2026-09-15T23:46:35.0656902Z    Compiling idna v1.1.0
reproduce-current-v2-identities	Build both guests twice from clean source trees	2026-09-15T23:46:36.9477328Z    Compiling clap v4.6.2
reproduce-current-v2-identities	Build both guests twice from clean source trees	2026-09-15T23:46:36.9871564Z    Compiling enum-map v2.7.3
reproduce-current-v2-identities	Build both guests twice from clean source trees	2026-09-15T23:46:37.1081890Z    Compiling webpki-roots v1.0.8
reproduce-current-v2-identities	Build both guests twice from clean source trees	2026-09-15T23:46:37.1634573Z    Compiling slop-maybe-rayon v6.3.1
reproduce-current-v2-identities	Build both guests twice from clean source trees	2026-09-15T23:46:37.1703453Z    Compiling vec_map v0.8.2
reproduce-current-v2-identities	Build both guests twice from clean source trees	2026-09-15T23:46:37.1940140Z    Compiling serde_arrays v0.2.0
reproduce-current-v2-identities	Build both guests twice from clean source trees	2026-09-15T23:46:37.2376574Z    Compiling async-trait v0.1.89
reproduce-current-v2-identities	Build both guests twice from clean source trees	2026-09-15T23:46:37.3337054Z    Compiling fastrand v2.4.1
reproduce-current-v2-identities	Build both guests twice from clean source trees	2026-09-15T23:46:39.4507898Z    Compiling url v2.5.8
reproduce-current-v2-identities	Build both guests twice from clean source trees	2026-09-15T23:46:43.8644914Z    Compiling sp1-core-executor-runner-binary v6.3.1
reproduce-current-v2-identities	Build both guests twice from clean source trees	2026-09-15T23:46:51.7581813Z    Compiling alloy-network-primitives v1.8.3
reproduce-current-v2-identities	Build both guests twice from clean source trees	2026-09-15T23:46:51.9314609Z    Compiling alloy-consensus-any v1.8.3
reproduce-current-v2-identities	Build both guests twice from clean source trees	2026-09-15T23:46:55.3941915Z    Compiling alloy-rpc-types-eth v1.8.3
reproduce-current-v2-identities	Build both guests twice from clean source trees	2026-09-15T23:46:56.4511495Z    Compiling prost-derive v0.13.5
reproduce-current-v2-identities	Build both guests twice from clean source trees	2026-09-15T23:46:57.6522772Z    Compiling aws-smithy-schema v0.2.0
reproduce-current-v2-identities	Build both guests twice from clean source trees	2026-09-15T23:47:00.7861685Z    Compiling crash-context v0.6.3
reproduce-current-v2-identities	Build both guests twice from clean source trees	2026-09-15T23:47:00.8829774Z    Compiling crash-handler v0.7.0
reproduce-current-v2-identities	Build both guests twice from clean source trees	2026-09-15T23:47:02.3287518Z    Compiling cargo-platform v0.1.9
reproduce-current-v2-identities	Build both guests twice from clean source trees	2026-09-15T23:47:02.7930090Z    Compiling cargo_metadata v0.18.1
reproduce-current-v2-identities	Build both guests twice from clean source trees	2026-09-15T23:47:04.3621739Z    Compiling aws-credential-types v1.3.0
reproduce-current-v2-identities	Build both guests twice from clean source trees	2026-09-15T23:47:05.2291772Z    Compiling aws-smithy-http v0.64.0
reproduce-current-v2-identities	Build both guests twice from clean source trees	2026-09-15T23:47:06.2159466Z    Compiling alloy-json-rpc v1.8.3
reproduce-current-v2-identities	Build both guests twice from clean source trees	2026-09-15T23:47:06.6328825Z    Compiling aws-types v1.4.0
reproduce-current-v2-identities	Build both guests twice from clean source trees	2026-09-15T23:47:06.9851755Z    Compiling keccak v0.2.0
reproduce-current-v2-identities	Build both guests twice from clean source trees	2026-09-15T23:47:07.0741573Z    Compiling futures-utils-wasm v0.1.0
reproduce-current-v2-identities	Build both guests twice from clean source trees	2026-09-15T23:47:07.1081577Z    Compiling gimli v0.32.3
reproduce-current-v2-identities	Build both guests twice from clean source trees	2026-09-15T23:47:07.7871662Z    Compiling rustls-webpki v0.103.13
reproduce-current-v2-identities	Build both guests twice from clean source trees	2026-09-15T23:47:09.7001858Z    Compiling range-set-blaze v0.1.16
reproduce-current-v2-identities	Build both guests twice from clean source trees	2026-09-15T23:47:09.8091489Z    Compiling addr2line v0.25.1
reproduce-current-v2-identities	Build both guests twice from clean source trees	2026-09-15T23:47:10.1821919Z    Compiling sha3 v0.11.0
reproduce-current-v2-identities	Build both guests twice from clean source trees	2026-09-15T23:47:10.6762083Z    Compiling sp1-core-executor-runner v6.3.1
reproduce-current-v2-identities	Build both guests twice from clean source trees	2026-09-15T23:47:10.9711719Z    Compiling aws-smithy-observability v0.3.0
reproduce-current-v2-identities	Build both guests twice from clean source trees	2026-09-15T23:47:11.2232093Z    Compiling sha2 v0.11.0
reproduce-current-v2-identities	Build both guests twice from clean source trees	2026-09-15T23:47:13.1111584Z    Compiling tokio-rustls v0.26.4
reproduce-current-v2-identities	Build both guests twice from clean source trees	2026-09-15T23:47:13.3291482Z    Compiling hyper-rustls v0.27.9
reproduce-current-v2-identities	Build both guests twice from clean source trees	2026-09-15T23:47:14.1132049Z    Compiling aws-smithy-http-client v1.2.0
reproduce-current-v2-identities	Build both guests twice from clean source trees	2026-09-15T23:47:17.8271434Z    Compiling hmac v0.13.0
reproduce-current-v2-identities	Build both guests twice from clean source trees	2026-09-15T23:47:17.9721528Z    Compiling serde_urlencoded v0.7.1
reproduce-current-v2-identities	Build both guests twice from clean source trees	2026-09-15T23:47:18.1501762Z    Compiling tokio-stream v0.1.18
reproduce-current-v2-identities	Build both guests twice from clean source trees	2026-09-15T23:47:18.5601544Z    Compiling async-stream-impl v0.3.6
reproduce-current-v2-identities	Build both guests twice from clean source trees	2026-09-15T23:47:18.8451377Z    Compiling rustc-demangle v0.1.28
reproduce-current-v2-identities	Build both guests twice from clean source trees	2026-09-15T23:47:19.8121568Z    Compiling prettyplease v0.2.37
reproduce-current-v2-identities	Build both guests twice from clean source trees	2026-09-15T23:47:19.8881871Z    Compiling gen_ops v0.4.0
reproduce-current-v2-identities	Build both guests twice from clean source trees	2026-09-15T23:47:19.9291437Z    Compiling half v1.8.3
reproduce-current-v2-identities	Build both guests twice from clean source trees	2026-09-15T23:47:20.6761603Z    Compiling prost v0.13.5
reproduce-current-v2-identities	Build both guests twice from clean source trees	2026-09-15T23:47:20.9501503Z    Compiling serde_cbor v0.11.2
reproduce-current-v2-identities	Build both guests twice from clean source trees	2026-09-15T23:47:22.2612840Z    Compiling backtrace v0.3.76
reproduce-current-v2-identities	Build both guests twice from clean source trees	2026-09-15T23:47:27.3201570Z    Compiling async-stream v0.3.6
reproduce-current-v2-identities	Build both guests twice from clean source trees	2026-09-15T23:47:27.9291493Z    Compiling aws-sigv4 v1.5.1
reproduce-current-v2-identities	Build both guests twice from clean source trees	2026-09-15T23:47:30.8951004Z    Compiling aws-smithy-runtime v1.12.0
reproduce-current-v2-identities	Build both guests twice from clean source trees	2026-09-15T23:47:33.3637030Z    Compiling alloy-rpc-types-any v1.8.3
reproduce-current-v2-identities	Build both guests twice from clean source trees	2026-09-15T23:47:33.4239019Z    Compiling alloy-signer v1.8.3
reproduce-current-v2-identities	Build both guests twice from clean source trees	2026-09-15T23:47:33.5901636Z    Compiling p3-keccak-air v0.4.3-succinct
reproduce-current-v2-identities	Build both guests twice from clean source trees	2026-09-15T23:47:33.7501838Z    Compiling sysinfo v0.30.13
reproduce-current-v2-identities	Build both guests twice from clean source trees	2026-09-15T23:47:37.3891700Z    Compiling winnow v0.7.15
reproduce-current-v2-identities	Build both guests twice from clean source trees	2026-09-15T23:47:39.3351805Z    Compiling fixedbitset v0.5.7
reproduce-current-v2-identities	Build both guests twice from clean source trees	2026-09-15T23:47:39.5301852Z    Compiling petgraph v0.7.1
reproduce-current-v2-identities	Build both guests twice from clean source trees	2026-09-15T23:47:39.5801760Z    Compiling tempfile v3.27.0
reproduce-current-v2-identities	Build both guests twice from clean source trees	2026-09-15T23:47:39.8371516Z    Compiling alloy-sol-type-parser v1.5.7
reproduce-current-v2-identities	Build both guests twice from clean source trees	2026-09-15T23:47:40.5461906Z    Compiling slop-keccak-air v6.3.1
reproduce-current-v2-identities	Build both guests twice from clean source trees	2026-09-15T23:47:40.5871713Z    Compiling alloy-network v1.8.3
reproduce-current-v2-identities	Build both guests twice from clean source trees	2026-09-15T23:47:40.9721482Z    Compiling aws-runtime v1.8.1
reproduce-current-v2-identities	Build both guests twice from clean source trees	2026-09-15T23:47:41.1781885Z    Compiling sp1-recursion-executor v6.3.1
reproduce-current-v2-identities	Build both guests twice from clean source trees	2026-09-15T23:47:43.2592074Z    Compiling prost-types v0.13.5
reproduce-current-v2-identities	Build both guests twice from clean source trees	2026-09-15T23:47:44.1152116Z    Compiling aws-smithy-json v0.63.0
reproduce-current-v2-identities	Build both guests twice from clean source trees	2026-09-15T23:47:45.2721937Z    Compiling regex v1.13.1
reproduce-current-v2-identities	Build both guests twice from clean source trees	2026-09-15T23:47:45.5721814Z    Compiling fips204 v0.4.6 (/home/runner/work/_temp/arc-proof-identities/src-a/third_party/fips204)
reproduce-current-v2-identities	Build both guests twice from clean source trees	2026-09-15T23:47:47.2841713Z    Compiling arc-swap v1.9.2
reproduce-current-v2-identities	Build both guests twice from clean source trees	2026-09-15T23:47:47.3941494Z    Compiling indexmap v1.9.3
reproduce-current-v2-identities	Build both guests twice from clean source trees	2026-09-15T23:47:47.4652234Z    Compiling multimap v0.10.1
reproduce-current-v2-identities	Build both guests twice from clean source trees	2026-09-15T23:47:47.4901633Z    Compiling strsim v0.10.0
reproduce-current-v2-identities	Build both guests twice from clean source trees	2026-09-15T23:47:47.5611417Z    Compiling mime v0.3.17
reproduce-current-v2-identities	Build both guests twice from clean source trees	2026-09-15T23:47:47.6546834Z    Compiling regex-lite v0.1.9
reproduce-current-v2-identities	Build both guests twice from clean source trees	2026-09-15T23:47:47.9511416Z    Compiling axum-core v0.4.5
reproduce-current-v2-identities	Build both guests twice from clean source trees	2026-09-15T23:47:50.2211655Z    Compiling darling_core v0.13.4
reproduce-current-v2-identities	Build both guests twice from clean source trees	2026-09-15T23:47:50.2531605Z    Compiling prost-build v0.13.5
reproduce-current-v2-identities	Build both guests twice from clean source trees	2026-09-15T23:47:51.1892579Z    Compiling postfiat-crypto-provider v0.1.0 (/home/runner/work/_temp/arc-proof-identities/src-a/crates/crypto_provider)
reproduce-current-v2-identities	Build both guests twice from clean source trees	2026-09-15T23:47:51.7721831Z    Compiling postfiat-types v0.1.0 (/home/runner/work/_temp/arc-proof-identities/src-a/crates/types)
reproduce-current-v2-identities	Build both guests twice from clean source trees	2026-09-15T23:47:53.4066903Z    Compiling tower-http v0.6.11
reproduce-current-v2-identities	Build both guests twice from clean source trees	2026-09-15T23:47:53.9511577Z    Compiling zstd-sys v2.0.16+zstd.1.5.7
reproduce-current-v2-identities	Build both guests twice from clean source trees	2026-09-15T23:47:54.1321600Z    Compiling serde_path_to_error v0.1.20
reproduce-current-v2-identities	Build both guests twice from clean source trees	2026-09-15T23:47:54.5087328Z    Compiling num_enum_derive v0.7.6
reproduce-current-v2-identities	Build both guests twice from clean source trees	2026-09-15T23:47:54.6051786Z    Compiling base64 v0.13.1
reproduce-current-v2-identities	Build both guests twice from clean source trees	2026-09-15T23:47:54.7651581Z    Compiling matchit v0.7.3
reproduce-current-v2-identities	Build both guests twice from clean source trees	2026-09-15T23:47:55.1202045Z    Compiling iana-time-zone v0.1.65
reproduce-current-v2-identities	Build both guests twice from clean source trees	2026-09-15T23:47:55.1791867Z    Compiling unicode-width v0.1.14
reproduce-current-v2-identities	Build both guests twice from clean source trees	2026-09-15T23:47:55.2551573Z    Compiling hashbrown v0.12.3
reproduce-current-v2-identities	Build both guests twice from clean source trees	2026-09-15T23:47:55.3255523Z    Compiling svgbobdoc v0.3.0
reproduce-current-v2-identities	Build both guests twice from clean source trees	2026-09-15T23:47:55.5637651Z    Compiling chrono v0.4.45
reproduce-current-v2-identities	Build both guests twice from clean source trees	2026-09-15T23:47:56.1351892Z    Compiling num_enum v0.7.6
reproduce-current-v2-identities	Build both guests twice from clean source trees	2026-09-15T23:47:56.2021722Z    Compiling axum v0.7.9
reproduce-current-v2-identities	Build both guests twice from clean source trees	2026-09-15T23:48:01.4281846Z    Compiling reqwest v0.12.28
reproduce-current-v2-identities	Build both guests twice from clean source trees	2026-09-15T23:48:21.8071700Z    Compiling darling_macro v0.13.4
reproduce-current-v2-identities	Build both guests twice from clean source trees	2026-09-15T23:48:21.9821577Z    Compiling tonic-build v0.12.3
reproduce-current-v2-identities	Build both guests twice from clean source trees	2026-09-15T23:48:22.6065498Z    Compiling sp1-recursion-machine v6.3.1
reproduce-current-v2-identities	Build both guests twice from clean source trees	2026-09-15T23:48:28.3521512Z    Compiling alloy-transport v1.8.3
reproduce-current-v2-identities	Build both guests twice from clean source trees	2026-09-15T23:48:31.0951505Z    Compiling ethereum_hashing v0.7.0
reproduce-current-v2-identities	Build both guests twice from clean source trees	2026-09-15T23:48:31.3592185Z    Compiling curve25519-dalek v4.1.3 (https://github.com/sp1-patches/curve25519-dalek?tag=patch-4.1.3-sp1-6.2.0#b251b2a1)
reproduce-current-v2-identities	Build both guests twice from clean source trees	2026-09-15T23:48:31.4651916Z    Compiling digest v0.9.0
reproduce-current-v2-identities	Build both guests twice from clean source trees	2026-09-15T23:48:31.5471848Z    Compiling rustc-hex v2.1.0
reproduce-current-v2-identities	Build both guests twice from clean source trees	2026-09-15T23:48:31.6345480Z    Compiling option-ext v0.2.0
reproduce-current-v2-identities	Build both guests twice from clean source trees	2026-09-15T23:48:31.6733841Z    Compiling urlencoding v2.1.3
reproduce-current-v2-identities	Build both guests twice from clean source trees	2026-09-15T23:48:31.8171470Z    Compiling portable-atomic v1.14.0
reproduce-current-v2-identities	Build both guests twice from clean source trees	2026-09-15T23:48:32.0573271Z    Compiling xmlparser v0.13.6
reproduce-current-v2-identities	Build both guests twice from clean source trees	2026-09-15T23:48:32.9951560Z    Compiling getrandom v0.3.4
reproduce-current-v2-identities	Build both guests twice from clean source trees	2026-09-15T23:48:33.1461615Z    Compiling const-default v1.0.0
reproduce-current-v2-identities	Build both guests twice from clean source trees	2026-09-15T23:48:33.1951405Z    Compiling libm v0.2.16
reproduce-current-v2-identities	Build both guests twice from clean source trees	2026-09-15T23:48:33.3261647Z    Compiling rlsf v0.2.2
reproduce-current-v2-identities	Build both guests twice from clean source trees	2026-09-15T23:48:33.5711580Z    Compiling aws-smithy-xml v0.61.1
reproduce-current-v2-identities	Build both guests twice from clean source trees	2026-09-15T23:48:37.3310045Z    Compiling aws-smithy-query v0.61.1
reproduce-current-v2-identities	Build both guests twice from clean source trees	2026-09-15T23:48:37.4711841Z    Compiling dirs-sys v0.4.1
reproduce-current-v2-identities	Build both guests twice from clean source trees	2026-09-15T23:48:37.8456084Z    Compiling substrate-bn-succinct-rs v0.6.0
reproduce-current-v2-identities	Build both guests twice from clean source trees	2026-09-15T23:48:39.7857306Z    Compiling tree_hash v0.10.0
reproduce-current-v2-identities	Build both guests twice from clean source trees	2026-09-15T23:48:40.1791985Z    Compiling alloy-rpc-client v1.8.3
reproduce-current-v2-identities	Build both guests twice from clean source trees	2026-09-15T23:48:41.0861440Z    Compiling sp1-prover-types v6.3.1
reproduce-current-v2-identities	Build both guests twice from clean source trees	2026-09-15T23:48:41.4557631Z    Compiling darling v0.13.4
reproduce-current-v2-identities	Build both guests twice from clean source trees	2026-09-15T23:48:41.5031603Z    Compiling alloy-chains v0.2.34
reproduce-current-v2-identities	Build both guests twice from clean source trees	2026-09-15T23:48:42.5669386Z    Compiling tower v0.4.13
reproduce-current-v2-identities	Build both guests twice from clean source trees	2026-09-15T23:48:43.5271863Z    Compiling alloy-json-abi v1.5.7
reproduce-current-v2-identities	Build both guests twice from clean source trees	2026-09-15T23:48:44.4841656Z    Compiling alloy-rpc-types v1.8.3
reproduce-current-v2-identities	Build both guests twice from clean source trees	2026-09-15T23:48:44.5651802Z    Compiling dashmap v6.2.1
reproduce-current-v2-identities	Build both guests twice from clean source trees	2026-09-15T23:48:44.5781785Z    Compiling typeid_suffix v1.3.0
reproduce-current-v2-identities	Build both guests twice from clean source trees	2026-09-15T23:48:44.7921690Z    Compiling hyper-timeout v0.5.2
reproduce-current-v2-identities	Build both guests twice from clean source trees	2026-09-15T23:48:44.9351515Z    Compiling rustls-pemfile v2.2.0
reproduce-current-v2-identities	Build both guests twice from clean source trees	2026-09-15T23:48:45.0161595Z    Compiling alloy-core v1.5.7
reproduce-current-v2-identities	Build both guests twice from clean source trees	2026-09-15T23:48:45.0557667Z    Compiling lru v0.16.4
reproduce-current-v2-identities	Build both guests twice from clean source trees	2026-09-15T23:48:45.1221621Z    Compiling pairing v0.23.0
reproduce-current-v2-identities	Build both guests twice from clean source trees	2026-09-15T23:48:45.1651580Z    Compiling itertools v0.10.5
reproduce-current-v2-identities	Build both guests twice from clean source trees	2026-09-15T23:48:45.1865216Z    Compiling block-buffer v0.9.0
reproduce-current-v2-identities	Build both guests twice from clean source trees	2026-09-15T23:48:45.2509552Z    Compiling curve25519-dalek-derive v0.1.1 (https://github.com/sp1-patches/curve25519-dalek?tag=patch-4.1.3-sp1-6.2.0#b251b2a1)
reproduce-current-v2-identities	Build both guests twice from clean source trees	2026-09-15T23:48:45.5985171Z    Compiling sp1-recursion-gnark-ffi v6.3.1
reproduce-current-v2-identities	Build both guests twice from clean source trees	2026-09-15T23:48:45.6681326Z    Compiling socket2 v0.5.10
reproduce-current-v2-identities	Build both guests twice from clean source trees	2026-09-15T23:48:46.1231903Z    Compiling sp1-zkvm v6.3.1
reproduce-current-v2-identities	Build both guests twice from clean source trees	2026-09-15T23:48:46.2211679Z    Compiling zstd-safe v7.2.4
reproduce-current-v2-identities	Build both guests twice from clean source trees	2026-09-15T23:48:46.2876907Z    Compiling typeid_prefix v1.2.1
reproduce-current-v2-identities	Build both guests twice from clean source trees	2026-09-15T23:48:46.5091518Z    Compiling critical-section v1.2.0
reproduce-current-v2-identities	Build both guests twice from clean source trees	2026-09-15T23:48:46.5321546Z    Compiling opaque-debug v0.3.1
reproduce-current-v2-identities	Build both guests twice from clean source trees	2026-09-15T23:48:46.5635873Z    Compiling unicode-width v0.2.2
reproduce-current-v2-identities	Build both guests twice from clean source trees	2026-09-15T23:48:46.5695666Z    Compiling linked_list_allocator v0.10.6
reproduce-current-v2-identities	Build both guests twice from clean source trees	2026-09-15T23:48:46.6961745Z    Compiling embedded-alloc v0.6.0
reproduce-current-v2-identities	Build both guests twice from clean source trees	2026-09-15T23:48:46.7533660Z    Compiling console v0.15.11
reproduce-current-v2-identities	Build both guests twice from clean source trees	2026-09-15T23:48:46.8231583Z    Compiling sha2 v0.9.9
reproduce-current-v2-identities	Build both guests twice from clean source trees	2026-09-15T23:48:47.8881534Z    Compiling mti v1.1.1
reproduce-current-v2-identities	Build both guests twice from clean source trees	2026-09-15T23:48:48.0201641Z    Compiling superstruct v0.7.0
reproduce-current-v2-identities	Build both guests twice from clean source trees	2026-09-15T23:48:48.1279869Z    Compiling tonic v0.12.3
reproduce-current-v2-identities	Build both guests twice from clean source trees	2026-09-15T23:48:48.7001891Z    Compiling alloy-provider v1.8.3
reproduce-current-v2-identities	Build both guests twice from clean source trees	2026-09-15T23:48:51.1113608Z    Compiling bls12_381 v0.8.0
reproduce-current-v2-identities	Build both guests twice from clean source trees	2026-09-15T23:48:55.2041421Z    Compiling alloy v1.8.3
reproduce-current-v2-identities	Build both guests twice from clean source trees	2026-09-15T23:48:55.8201628Z    Compiling alloy-dyn-abi v1.5.7
reproduce-current-v2-identities	Build both guests twice from clean source trees	2026-09-15T23:48:56.8711901Z    Compiling ssz_types v0.11.0
reproduce-current-v2-identities	Build both guests twice from clean source trees	2026-09-15T23:48:57.0655404Z    Compiling sp1-verifier v6.3.1
reproduce-current-v2-identities	Build both guests twice from clean source trees	2026-09-15T23:48:59.3971993Z    Compiling dirs v5.0.1
reproduce-current-v2-identities	Build both guests twice from clean source trees	2026-09-15T23:48:59.4897624Z    Compiling aws-sdk-sts v1.108.0
reproduce-current-v2-identities	Build both guests twice from clean source trees	2026-09-15T23:49:03.4651709Z    Compiling aws-sdk-sso v1.103.0
reproduce-current-v2-identities	Build both guests twice from clean source trees	2026-09-15T23:49:11.1076012Z    Compiling aws-sdk-ssooidc v1.105.0
reproduce-current-v2-identities	Build both guests twice from clean source trees	2026-09-15T23:49:19.5941280Z    Compiling tree_hash_derive v0.10.0
reproduce-current-v2-identities	Build both guests twice from clean source trees	2026-09-15T23:49:19.8681662Z    Compiling sp1-lib v6.3.1
reproduce-current-v2-identities	Build both guests twice from clean source trees	2026-09-15T23:49:20.1741431Z    Compiling async-scoped v0.9.0
reproduce-current-v2-identities	Build both guests twice from clean source trees	2026-09-15T23:49:20.2781447Z    Compiling ed25519 v2.2.3
reproduce-current-v2-identities	Build both guests twice from clean source trees	2026-09-15T23:49:20.4191482Z    Compiling sha1 v0.10.7
reproduce-current-v2-identities	Build both guests twice from clean source trees	2026-09-15T23:49:20.7981624Z    Compiling serial_test_derive v3.5.0
reproduce-current-v2-identities	Build both guests twice from clean source trees	2026-09-15T23:49:21.1601857Z    Compiling minimal-lexical v0.2.1
reproduce-current-v2-identities	Build both guests twice from clean source trees	2026-09-15T23:49:21.4011535Z    Compiling number_prefix v0.4.0
reproduce-current-v2-identities	Build both guests twice from clean source trees	2026-09-15T23:49:21.4932050Z    Compiling symlink v0.1.0
reproduce-current-v2-identities	Build both guests twice from clean source trees	2026-09-15T23:49:21.5301865Z    Compiling tracing-appender v0.2.5
reproduce-current-v2-identities	Build both guests twice from clean source trees	2026-09-15T23:49:24.9482052Z    Compiling indicatif v0.17.11
reproduce-current-v2-identities	Build both guests twice from clean source trees	2026-09-15T23:49:25.3282883Z    Compiling nom v7.1.3
reproduce-current-v2-identities	Build both guests twice from clean source trees	2026-09-15T23:49:26.9601326Z    Compiling serial_test v3.5.0
reproduce-current-v2-identities	Build both guests twice from clean source trees	2026-09-15T23:49:28.0331571Z    Compiling aws-config v1.9.0
reproduce-current-v2-identities	Build both guests twice from clean source trees	2026-09-15T23:49:28.2498041Z    Compiling ed25519-dalek v2.2.0
reproduce-current-v2-identities	Build both guests twice from clean source trees	2026-09-15T23:49:28.6972239Z    Compiling helios-consensus-core v0.11.1 (https://github.com/a16z/helios?tag=0.11.1#204c998a)
reproduce-current-v2-identities	Build both guests twice from clean source trees	2026-09-15T23:49:32.3841617Z    Compiling alloy-contract v1.8.3
reproduce-current-v2-identities	Build both guests twice from clean source trees	2026-09-15T23:49:33.1572008Z    Compiling postfiat-mempool-dag v0.1.0 (/home/runner/work/_temp/arc-proof-identities/src-a/crates/mempool_dag)
reproduce-current-v2-identities	Build both guests twice from clean source trees	2026-09-15T23:49:34.4282107Z    Compiling aws-sdk-kms v1.112.0
reproduce-current-v2-identities	Build both guests twice from clean source trees	2026-09-15T23:49:36.5691701Z    Compiling lru v0.12.5
reproduce-current-v2-identities	Build both guests twice from clean source trees	2026-09-15T23:49:36.6971638Z    Compiling opentelemetry v0.23.0
reproduce-current-v2-identities	Build both guests twice from clean source trees	2026-09-15T23:49:38.9451830Z    Compiling instant v0.1.13
reproduce-current-v2-identities	Build both guests twice from clean source trees	2026-09-15T23:49:38.9982974Z    Compiling backoff v0.4.0
reproduce-current-v2-identities	Build both guests twice from clean source trees	2026-09-15T23:49:39.1133402Z    Compiling postfiat-ordering-fast v0.1.0 (/home/runner/work/_temp/arc-proof-identities/src-a/crates/ordering_fast)
reproduce-current-v2-identities	Build both guests twice from clean source trees	2026-09-15T23:49:46.3491937Z    Compiling alloy-signer-aws v1.8.3
reproduce-current-v2-identities	Build both guests twice from clean source trees	2026-09-15T23:49:53.2071385Z    Compiling zstd v0.13.3
reproduce-current-v2-identities	Build both guests twice from clean source trees	2026-09-15T23:49:53.5512563Z    Compiling sp1-helios-primitives v0.1.0 (https://github.com/succinctlabs/sp1-helios?rev=b9bdddf8221e31d41075d4a97f9a14ca6df13cf0#b9bdddf8)
reproduce-current-v2-identities	Build both guests twice from clean source trees	2026-09-15T23:49:54.9851542Z    Compiling sp1-build v6.3.1
reproduce-current-v2-identities	Build both guests twice from clean source trees	2026-09-15T23:49:55.1001578Z    Compiling eventsource-stream v0.2.3
reproduce-current-v2-identities	Build both guests twice from clean source trees	2026-09-15T23:49:55.6000908Z    Compiling twirp-rs v0.13.0-succinct
reproduce-current-v2-identities	Build both guests twice from clean source trees	2026-09-15T23:49:56.8212010Z    Compiling postfiat-bridge v0.1.0 (/home/runner/work/_temp/arc-proof-identities/src-a/crates/bridge)
reproduce-current-v2-identities	Build both guests twice from clean source trees	2026-09-15T23:49:59.3902012Z    Compiling postfiat-consensus-cobalt v0.1.0 (/home/runner/work/_temp/arc-proof-identities/src-a/crates/consensus_cobalt)
reproduce-current-v2-identities	Build both guests twice from clean source trees	2026-09-15T23:50:03.8761608Z    Compiling reqwest-middleware v0.3.3
reproduce-current-v2-identities	Build both guests twice from clean source trees	2026-09-15T23:50:04.6191710Z    Compiling alloy-signer-local v1.8.3
reproduce-current-v2-identities	Build both guests twice from clean source trees	2026-09-15T23:50:04.8462161Z    Compiling postfiat-pfusdc-proofs v0.1.0 (/home/runner/work/_temp/arc-proof-identities/src-a/crates/pfusdc_proofs)
reproduce-current-v2-identities	Build both guests twice from clean source trees	2026-09-15T23:50:13.4101940Z    Compiling pfusdc-ingress-program v0.1.0 (/home/runner/work/_temp/arc-proof-identities/src-a/programs/pfusdc-ingress)
reproduce-current-v2-identities	Build both guests twice from clean source trees	2026-09-15T23:50:16.1997581Z    Compiling pfusdc-arc-ingress-program v0.1.0 (/home/runner/work/_temp/arc-proof-identities/src-a/programs/pfusdc-arc-ingress)
reproduce-current-v2-identities	Build both guests twice from clean source trees	2026-09-15T23:50:16.7002212Z    Compiling arc-conformance v0.1.0 (/home/runner/work/_temp/arc-proof-identities/src-a/crates/arc-conformance)
reproduce-current-v2-identities	Build both guests twice from clean source trees	2026-09-15T23:51:08.6214754Z    Compiling sp1-core-machine v6.3.1
reproduce-current-v2-identities	Build both guests twice from clean source trees	2026-09-15T23:51:14.4242810Z    Compiling sp1-recursion-compiler v6.3.1
reproduce-current-v2-identities	Build both guests twice from clean source trees	2026-09-15T23:51:16.0231639Z    Compiling sp1-recursion-circuit v6.3.1
reproduce-current-v2-identities	Build both guests twice from clean source trees	2026-09-15T23:51:25.5058344Z    Compiling sp1-prover v6.3.1
reproduce-current-v2-identities	Build both guests twice from clean source trees	2026-09-15T23:51:47.9290170Z    Compiling sp1-sdk v6.3.1
reproduce-current-v2-identities	Build both guests twice from clean source trees	2026-09-15T23:52:54.4710176Z    Compiling pfusdc-tier4-prover v0.1.0 (/home/runner/work/_temp/arc-proof-identities/src-a/tools/pfusdc-tier4-prover)
reproduce-current-v2-identities	Build both guests twice from clean source trees	2026-09-15T23:54:44.6886137Z     Finished `release` profile [optimized] target(s) in 10m 03s
reproduce-current-v2-identities	Build both guests twice from clean source trees	2026-09-15T23:54:44.7870280Z      Running `/home/runner/work/_temp/arc-proof-identities/src-a/tools/pfusdc-tier4-prover/target/release/pfusdc-tier4-prover program-info --output /home/runner/work/_temp/arc-proof-identities/report/program-info.json`
reproduce-current-v2-identities	Build both guests twice from clean source trees	2026-09-15T23:56:26.8098091Z {
reproduce-current-v2-identities	Build both guests twice from clean source trees	2026-09-15T23:56:26.8098627Z   "arc_ingress": {
reproduce-current-v2-identities	Build both guests twice from clean source trees	2026-09-15T23:56:26.8099244Z     "elf_sha256": "7660fcc58677cfec433a5f2337b9fe46fa96374a1e3c4bd6fba625b982d881bc",
reproduce-current-v2-identities	Build both guests twice from clean source trees	2026-09-15T23:56:26.8100047Z     "program_vkey": "0x0050a8b0daed2fa75f44d4102b42204c34668a03d311cb727cc6ca3f8df5cf16"
reproduce-current-v2-identities	Build both guests twice from clean source trees	2026-09-15T23:56:26.8100778Z   },
reproduce-current-v2-identities	Build both guests twice from clean source trees	2026-09-15T23:56:26.8101132Z   "egress": {
reproduce-current-v2-identities	Build both guests twice from clean source trees	2026-09-15T23:56:26.8101676Z     "elf_sha256": "8be32c2a8d5ce39776c3095126a39c3f910b42e349431cb33adcd8d316c5344d",
reproduce-current-v2-identities	Build both guests twice from clean source trees	2026-09-15T23:56:26.8102800Z     "program_vkey": "0x0022a1dbadef8dc7e14a9ea793f1d76cc901854c03e80043695449806538c7b6"
reproduce-current-v2-identities	Build both guests twice from clean source trees	2026-09-15T23:56:26.8103429Z   },
reproduce-current-v2-identities	Build both guests twice from clean source trees	2026-09-15T23:56:26.8103722Z   "ingress": {
reproduce-current-v2-identities	Build both guests twice from clean source trees	2026-09-15T23:56:26.8104398Z     "elf_sha256": "7c581aa42a196bd5df5a1efc2c4569663744d9b597cc1cd2253e839f9ba2f921",
reproduce-current-v2-identities	Build both guests twice from clean source trees	2026-09-15T23:56:26.8105197Z     "program_vkey": "0x0033bd140207b97fb2442eb279cc2ce55714be6fbcd66beb325fe7c3786d4dfc"
reproduce-current-v2-identities	Build both guests twice from clean source trees	2026-09-15T23:56:26.8105773Z   },
reproduce-current-v2-identities	Build both guests twice from clean source trees	2026-09-15T23:56:26.8106152Z   "schema": "postfiat.pfusdc.tier4_program_info.v1",
reproduce-current-v2-identities	Build both guests twice from clean source trees	2026-09-15T23:56:26.8106544Z   "sp1_sdk_version": "6.3.1"
reproduce-current-v2-identities	Build both guests twice from clean source trees	2026-09-15T23:56:26.8107607Z }
reproduce-current-v2-identities	Build both guests twice from clean source trees	2026-09-15T23:56:27.0793034Z false
reproduce-current-v2-identities	Build both guests twice from clean source trees	2026-09-15T23:56:27.0832165Z ##[error]Process completed with exit code 1.
