2026-09-07T06:41:50.2908462Z Current runner version: '2.337.0'
2026-09-07T06:41:50.2930303Z ##[group]Runner Image Provisioner
2026-09-07T06:41:50.2931086Z Hosted Compute Agent
2026-09-07T06:41:50.2931552Z Version: 20260828.587
2026-09-07T06:41:50.2932229Z Commit: abac92662cab4cc7352de4f9f9d2e2419aad9c29
2026-09-07T06:41:50.2932955Z Build Date: 2026-08-28T16:44:25Z
2026-09-07T06:41:50.2933759Z Worker ID: {beeef4a8-35fc-4ae5-9cc0-00c3b378ec88}
2026-09-07T06:41:50.2934379Z Azure Region: eastus
2026-09-07T06:41:50.2934832Z ##[endgroup]
2026-09-07T06:41:50.2936031Z ##[group]Operating System
2026-09-07T06:41:50.2936534Z Ubuntu
2026-09-07T06:41:50.2937008Z 24.04.4
2026-09-07T06:41:50.2937514Z LTS
2026-09-07T06:41:50.2937925Z ##[endgroup]
2026-09-07T06:41:50.2938431Z ##[group]Runner Image
2026-09-07T06:41:50.2938937Z Image: ubuntu-24.04
2026-09-07T06:41:50.2939424Z Version: 20260831.293.1
2026-09-07T06:41:50.2940529Z Included Software: https://github.com/actions/runner-images/blob/ubuntu24/20260831.293/images/ubuntu/Ubuntu2404-Readme.md
2026-09-07T06:41:50.2941794Z Image Release: https://github.com/actions/runner-images/releases/tag/ubuntu24%2F20260831.293
2026-09-07T06:41:50.2942581Z ##[endgroup]
2026-09-07T06:41:50.2943706Z ##[group]GITHUB_TOKEN Permissions
2026-09-07T06:41:50.2945460Z Contents: read
2026-09-07T06:41:50.2946004Z Metadata: read
2026-09-07T06:41:50.2946471Z ##[endgroup]
2026-09-07T06:41:50.2948335Z Secret source: Actions
2026-09-07T06:41:50.2949249Z Prepare workflow directory
2026-09-07T06:41:50.3209346Z Prepare all required actions
2026-09-07T06:41:50.3249239Z Getting action download info
2026-09-07T06:41:50.5164065Z Download action repository 'actions/checkout@11bd71901bbe5b1630ceea73d27597364c9af683' (SHA:11bd71901bbe5b1630ceea73d27597364c9af683)
2026-09-07T06:41:50.6383776Z Download action repository 'actions/upload-artifact@ea165f8d65b6e75b540449e92b4886f43607fa02' (SHA:ea165f8d65b6e75b540449e92b4886f43607fa02)
2026-09-07T06:41:50.8588609Z Complete job name: reproduce-current-v2-identities
2026-09-07T06:41:50.9273292Z Node 20 is being deprecated. This workflow is running with Node 24 by default. If you need to temporarily use Node 20, you can set the ACTIONS_ALLOW_USE_UNSECURE_NODE_VERSION=true environment variable. For more information see: https://github.blog/changelog/2025-09-19-deprecation-of-node-20-on-github-actions-runners/
2026-09-07T06:41:50.9280648Z ##[group]Run actions/checkout@11bd71901bbe5b1630ceea73d27597364c9af683
2026-09-07T06:41:50.9281348Z with:
2026-09-07T06:41:50.9281683Z   fetch-depth: 0
2026-09-07T06:41:50.9282071Z   repository: postfiatorg/postfiatl1v2
2026-09-07T06:41:50.9285408Z   token: ***
2026-09-07T06:41:50.9285756Z   ssh-strict: true
2026-09-07T06:41:50.9286108Z   ssh-user: git
2026-09-07T06:41:50.9286462Z   persist-credentials: true
2026-09-07T06:41:50.9286847Z   clean: true
2026-09-07T06:41:50.9287199Z   sparse-checkout-cone-mode: true
2026-09-07T06:41:50.9287610Z   fetch-tags: false
2026-09-07T06:41:50.9287961Z   show-progress: true
2026-09-07T06:41:50.9288364Z   lfs: false
2026-09-07T06:41:50.9288699Z   submodules: false
2026-09-07T06:41:50.9289058Z   set-safe-directory: true
2026-09-07T06:41:50.9289624Z ##[endgroup]
2026-09-07T06:41:51.0133393Z Syncing repository: postfiatorg/postfiatl1v2
2026-09-07T06:41:51.0134929Z ##[group]Getting Git version info
2026-09-07T06:41:51.0135524Z Working directory is '/home/runner/work/postfiatl1v2/postfiatl1v2'
2026-09-07T06:41:51.0136416Z [command]/usr/bin/git version
2026-09-07T06:41:51.0273914Z git version 2.55.0
2026-09-07T06:41:51.0290354Z ##[endgroup]
2026-09-07T06:41:51.0303216Z Temporarily overriding HOME='/home/runner/work/_temp/6d22ccf0-1cd2-40bb-beb1-b80aeeb10ba8' before making global git config changes
2026-09-07T06:41:51.0304913Z Adding repository directory to the temporary git global config as a safe directory
2026-09-07T06:41:51.0308052Z [command]/usr/bin/git config --global --add safe.directory /home/runner/work/postfiatl1v2/postfiatl1v2
2026-09-07T06:41:51.0351763Z Deleting the contents of '/home/runner/work/postfiatl1v2/postfiatl1v2'
2026-09-07T06:41:51.0355500Z ##[group]Initializing the repository
2026-09-07T06:41:51.0359626Z [command]/usr/bin/git init /home/runner/work/postfiatl1v2/postfiatl1v2
2026-09-07T06:41:51.0429908Z hint: Using 'master' as the name for the initial branch. This default branch name
2026-09-07T06:41:51.0431467Z hint: will change to "main" in Git 3.0. To configure the initial branch name
2026-09-07T06:41:51.0433107Z hint: to use in all of your new repositories, which will suppress this warning,
2026-09-07T06:41:51.0434312Z hint: call:
2026-09-07T06:41:51.0434973Z hint:
2026-09-07T06:41:51.0435786Z hint: 	git config --global init.defaultBranch <name>
2026-09-07T06:41:51.0436713Z hint:
2026-09-07T06:41:51.0437570Z hint: Names commonly chosen instead of 'master' are 'main', 'trunk' and
2026-09-07T06:41:51.0438823Z hint: 'development'. The just-created branch can be renamed via this command:
2026-09-07T06:41:51.0439829Z hint:
2026-09-07T06:41:51.0440529Z hint: 	git branch -m <name>
2026-09-07T06:41:51.0441402Z hint:
2026-09-07T06:41:51.0442368Z hint: Disable this message with "git config set advice.defaultBranchName false"
2026-09-07T06:41:51.0444234Z Initialized empty Git repository in /home/runner/work/postfiatl1v2/postfiatl1v2/.git/
2026-09-07T06:41:51.0446838Z [command]/usr/bin/git remote add origin https://github.com/postfiatorg/postfiatl1v2
2026-09-07T06:41:51.0480606Z ##[endgroup]
2026-09-07T06:41:51.0481236Z ##[group]Disabling automatic garbage collection
2026-09-07T06:41:51.0483985Z [command]/usr/bin/git config --local gc.auto 0
2026-09-07T06:41:51.0509106Z ##[endgroup]
2026-09-07T06:41:51.0509695Z ##[group]Setting up auth
2026-09-07T06:41:51.0514498Z [command]/usr/bin/git config --local --name-only --get-regexp core\.sshCommand
2026-09-07T06:41:51.0541879Z [command]/usr/bin/git submodule foreach --recursive sh -c "git config --local --name-only --get-regexp 'core\.sshCommand' && git config --local --unset-all 'core.sshCommand' || :"
2026-09-07T06:41:51.0845529Z [command]/usr/bin/git config --local --name-only --get-regexp http\.https\:\/\/github\.com\/\.extraheader
2026-09-07T06:41:51.0873945Z [command]/usr/bin/git submodule foreach --recursive sh -c "git config --local --name-only --get-regexp 'http\.https\:\/\/github\.com\/\.extraheader' && git config --local --unset-all 'http.https://github.com/.extraheader' || :"
2026-09-07T06:41:51.1072563Z [command]/usr/bin/git config --local http.https://github.com/.extraheader AUTHORIZATION: basic ***
2026-09-07T06:41:51.1104918Z ##[endgroup]
2026-09-07T06:41:51.1105618Z ##[group]Fetching the repository
2026-09-07T06:41:51.1113259Z [command]/usr/bin/git -c protocol.version=2 fetch --prune --no-recurse-submodules origin +refs/heads/*:refs/remotes/origin/* +refs/tags/*:refs/tags/* +fc1022754129216039bc55ca2fb4bd79b1941966:refs/remotes/pull/39/merge
2026-09-07T06:41:56.4962546Z From https://github.com/postfiatorg/postfiatl1v2
2026-09-07T06:41:56.4965106Z  * [new branch]        a666-eth-fast-lane-combined-20260724     -> origin/a666-eth-fast-lane-combined-20260724
2026-09-07T06:41:56.4967819Z  * [new branch]        arc-tier4-mvp-livebase-20260828          -> origin/arc-tier4-mvp-livebase-20260828
2026-09-07T06:41:56.4970439Z  * [new branch]        archive/pftl-anvil-usdc-navcoin-htlc-20260725 -> origin/archive/pftl-anvil-usdc-navcoin-htlc-20260725
2026-09-07T06:41:56.4973729Z  * [new branch]        archive/pftl-btc-navcoin-htlc-20260725   -> origin/archive/pftl-btc-navcoin-htlc-20260725
2026-09-07T06:41:56.4976794Z  * [new branch]        archive/pftl-escrow-htlc-spike-20260724  -> origin/archive/pftl-escrow-htlc-spike-20260724
2026-09-07T06:41:56.4980271Z  * [new branch]        archive/pftl-lightning-navcoin-demo-20260724 -> origin/archive/pftl-lightning-navcoin-demo-20260724
2026-09-07T06:41:56.4983901Z  * [new branch]        campaign-evidence/native-v1-fire-20260806 -> origin/campaign-evidence/native-v1-fire-20260806
2026-09-07T06:41:56.4986992Z  * [new branch]        client-depositv2-2246d25                 -> origin/client-depositv2-2246d25
2026-09-07T06:41:56.4989562Z  * [new branch]        cobalt/archive-replay-release-lineage    -> origin/cobalt/archive-replay-release-lineage
2026-09-07T06:41:56.4992620Z  * [new branch]        codex/yolo-indices-foundation            -> origin/codex/yolo-indices-foundation
2026-09-07T06:41:56.4996095Z  * [new branch]        docs/a666-round-trip-definition-20260811 -> origin/docs/a666-round-trip-definition-20260811
2026-09-07T06:41:56.4998788Z  * [new branch]        dravlic/prepared-input-manifest          -> origin/dravlic/prepared-input-manifest
2026-09-07T06:41:56.5001351Z  * [new branch]        feature/pnok-private-fix                 -> origin/feature/pnok-private-fix
2026-09-07T06:41:56.5004114Z  * [new branch]        fix-pfusdc-latency-portability           -> origin/fix-pfusdc-latency-portability
2026-09-07T06:41:56.5007001Z  * [new branch]        handoff/navcoin-cobalt-local-20260907    -> origin/handoff/navcoin-cobalt-local-20260907
2026-09-07T06:41:56.5009943Z  * [new branch]        handoff/navcoin-deployed-base-20260907   -> origin/handoff/navcoin-deployed-base-20260907
2026-09-07T06:41:56.5013031Z  * [new branch]        integrate/a666-c2-ci-baseline-20260808   -> origin/integrate/a666-c2-ci-baseline-20260808
2026-09-07T06:41:56.5015959Z  * [new branch]        integrate/a666-c2-pr1-cobalt-20260808    -> origin/integrate/a666-c2-pr1-cobalt-20260808
2026-09-07T06:41:56.5019886Z  * [new branch]        integrate/a666-c2-pr10a-dead-script-refs-20260808 -> origin/integrate/a666-c2-pr10a-dead-script-refs-20260808
2026-09-07T06:41:56.5024328Z  * [new branch]        integrate/a666-c2-pr10b-rpc-docs-20260808 -> origin/integrate/a666-c2-pr10b-rpc-docs-20260808
2026-09-07T06:41:56.5028046Z  * [new branch]        integrate/a666-c2-pr4-dos-20260808       -> origin/integrate/a666-c2-pr4-dos-20260808
2026-09-07T06:41:56.5031930Z  * [new branch]        integrate/a666-c2-pr5-storage-integrity-20260808 -> origin/integrate/a666-c2-pr5-storage-integrity-20260808
2026-09-07T06:41:56.5035724Z  * [new branch]        integrate/arc-tier4-current-v2-20260901  -> origin/integrate/arc-tier4-current-v2-20260901
2026-09-07T06:41:56.5038940Z  * [new branch]        integration/a666-unified-20260811        -> origin/integration/a666-unified-20260811
2026-09-07T06:41:56.5040815Z  * [new branch]        main                                     -> origin/main
2026-09-07T06:41:56.5042563Z  * [new branch]        main-integration-20260807                -> origin/main-integration-20260807
2026-09-07T06:41:56.5044701Z  * [new branch]        orchard-fix-2246d25                      -> origin/orchard-fix-2246d25
2026-09-07T06:41:56.5046702Z  * [new branch]        pfusdc-mainnet-ci-followup               -> origin/pfusdc-mainnet-ci-followup
2026-09-07T06:41:56.5049575Z  * [new branch]        pfusdc-mainnet-latency-25m               -> origin/pfusdc-mainnet-latency-25m
2026-09-07T06:41:56.5052630Z  * [new branch]        pfusdc-tier4-v3-accel                    -> origin/pfusdc-tier4-v3-accel
2026-09-07T06:41:56.5055819Z  * [new branch]        port/depositv2-route-binding             -> origin/port/depositv2-route-binding
2026-09-07T06:41:56.5059345Z  * [new branch]        postfiatchad/corrected-g4-vote-lock-gate -> origin/postfiatchad/corrected-g4-vote-lock-gate
2026-09-07T06:41:56.5062728Z  * [new branch]        release/a666-nav-overlay-20260812        -> origin/release/a666-nav-overlay-20260812
2026-09-07T06:41:56.5065002Z  * [new branch]        validation-20260807                      -> origin/validation-20260807
2026-09-07T06:41:56.5067000Z  * [new tag]           cobalt-operator-v2-20260824              -> cobalt-operator-v2-20260824
2026-09-07T06:41:56.5069439Z  * [new ref]           fc1022754129216039bc55ca2fb4bd79b1941966 -> pull/39/merge
2026-09-07T06:41:56.5073030Z ##[endgroup]
2026-09-07T06:41:56.5074351Z ##[group]Determining the checkout info
2026-09-07T06:41:56.5075847Z ##[endgroup]
2026-09-07T06:41:56.5076736Z [command]/usr/bin/git sparse-checkout disable
2026-09-07T06:41:56.5079127Z [command]/usr/bin/git config --local --unset-all extensions.worktreeConfig
2026-09-07T06:41:56.5081972Z ##[group]Checking out the ref
2026-09-07T06:41:56.5083598Z [command]/usr/bin/git checkout --progress --force refs/remotes/pull/39/merge
2026-09-07T06:41:57.1929935Z Note: switching to 'refs/remotes/pull/39/merge'.
2026-09-07T06:41:57.1930950Z 
2026-09-07T06:41:57.1931158Z You are in 'detached HEAD' state. You can look around, make experimental
2026-09-07T06:41:57.1931637Z changes and commit them, and you can discard any commits you make in this
2026-09-07T06:41:57.1932060Z state without impacting any branches by switching back to a branch.
2026-09-07T06:41:57.1932305Z 
2026-09-07T06:41:57.1932477Z If you want to create a new branch to retain commits you create, you may
2026-09-07T06:41:57.1933102Z do so (now or later) by using -c with the switch command. Example:
2026-09-07T06:41:57.1933447Z 
2026-09-07T06:41:57.1933567Z   git switch -c <new-branch-name>
2026-09-07T06:41:57.1933731Z 
2026-09-07T06:41:57.1933843Z Or undo this operation with:
2026-09-07T06:41:57.1933996Z 
2026-09-07T06:41:57.1934185Z   git switch -
2026-09-07T06:41:57.1934360Z 
2026-09-07T06:41:57.1934619Z Turn off this advice by setting config variable advice.detachedHead to false
2026-09-07T06:41:57.1934886Z 
2026-09-07T06:41:57.1935191Z HEAD is now at fc102275 Merge f2e749a16b07be446cb11da1e1f523eb9cdabca7 into c87e7dc663ef7dafc2d17284abb5838a8ef152c1
2026-09-07T06:41:57.1973883Z ##[endgroup]
2026-09-07T06:41:57.2011214Z [command]/usr/bin/git log -1 --format=%H
2026-09-07T06:41:57.2030644Z fc1022754129216039bc55ca2fb4bd79b1941966
2026-09-07T06:41:57.2214549Z ##[group]Run set -euo pipefail
2026-09-07T06:41:57.2214925Z [36;1mset -euo pipefail[0m
2026-09-07T06:41:57.2215241Z [36;1mrustup toolchain install 1.95.0 --profile minimal[0m
2026-09-07T06:41:57.2215572Z [36;1msudo apt-get update[0m
2026-09-07T06:41:57.2215861Z [36;1msudo apt-get install --yes protobuf-compiler[0m
2026-09-07T06:41:57.2216412Z [36;1mcurl --fail --location --proto '=https' --tlsv1.2 https://sp1up.succinct.xyz | bash[0m
2026-09-07T06:41:57.2216831Z [36;1m"$HOME/.sp1/bin/sp1up" --version 6.3.1[0m
2026-09-07T06:41:57.2217151Z [36;1mexport PATH="$HOME/.sp1/bin:$PATH"[0m
2026-09-07T06:41:57.2217474Z [36;1mcargo prove --version | grep -F 'cargo-prove sp1'[0m
2026-09-07T06:41:57.2252487Z shell: /usr/bin/bash -e {0}
2026-09-07T06:41:57.2252748Z env:
2026-09-07T06:41:57.2255063Z   GITHUB_TOKEN: ***
2026-09-07T06:41:57.2255291Z ##[endgroup]
2026-09-07T06:41:57.2941257Z info: syncing channel updates for 1.95.0-x86_64-unknown-linux-gnu
2026-09-07T06:41:57.4443211Z info: latest update on 2026-04-16 for version 1.95.0 (59807616e 2026-04-14)
2026-09-07T06:41:57.4451996Z info: downloading 3 components
2026-09-07T06:42:04.0997444Z 
2026-09-07T06:42:04.1062555Z   1.95.0-x86_64-unknown-linux-gnu installed - rustc 1.95.0 (59807616e 2026-04-14)
2026-09-07T06:42:04.1063171Z 
2026-09-07T06:42:04.1760700Z Get:1 file:/etc/apt/apt-mirrors.txt Mirrorlist [144 B]
2026-09-07T06:42:04.2026786Z Get:6 https://packages.microsoft.com/ubuntu/24.04/prod noble InRelease [3600 B]
2026-09-07T06:42:04.2117084Z Hit:2 http://azure.archive.ubuntu.com/ubuntu noble InRelease
2026-09-07T06:42:04.2141348Z Get:3 http://azure.archive.ubuntu.com/ubuntu noble-updates InRelease [126 kB]
2026-09-07T06:42:04.2210509Z Get:4 http://azure.archive.ubuntu.com/ubuntu noble-backports InRelease [126 kB]
2026-09-07T06:42:04.2243622Z Get:5 http://azure.archive.ubuntu.com/ubuntu noble-security InRelease [126 kB]
2026-09-07T06:42:04.2299595Z Get:7 https://dl.google.com/linux/chrome-stable/deb stable InRelease [2548 B]
2026-09-07T06:42:04.2655148Z Get:8 https://packages.microsoft.com/ubuntu/24.04/prod noble/main arm64 Packages [394 kB]
2026-09-07T06:42:04.2804290Z Get:9 https://packages.microsoft.com/ubuntu/24.04/prod noble/main amd64 Packages [441 kB]
2026-09-07T06:42:04.3593459Z Get:10 http://azure.archive.ubuntu.com/ubuntu noble-updates/main amd64 Packages [1260 kB]
2026-09-07T06:42:04.3664138Z Get:11 http://azure.archive.ubuntu.com/ubuntu noble-updates/main Translation-en [292 kB]
2026-09-07T06:42:04.3690592Z Get:12 http://azure.archive.ubuntu.com/ubuntu noble-updates/main amd64 Components [180 kB]
2026-09-07T06:42:04.3711253Z Get:13 http://azure.archive.ubuntu.com/ubuntu noble-updates/universe amd64 Packages [1690 kB]
2026-09-07T06:42:04.3786710Z Get:14 http://azure.archive.ubuntu.com/ubuntu noble-updates/universe Translation-en [339 kB]
2026-09-07T06:42:04.3829205Z Get:15 http://azure.archive.ubuntu.com/ubuntu noble-updates/universe amd64 Components [388 kB]
2026-09-07T06:42:04.3842408Z Get:16 http://azure.archive.ubuntu.com/ubuntu noble-updates/restricted amd64 Packages [1536 kB]
2026-09-07T06:42:04.3911735Z Get:17 http://azure.archive.ubuntu.com/ubuntu noble-updates/restricted Translation-en [352 kB]
2026-09-07T06:42:04.3940554Z Get:18 http://azure.archive.ubuntu.com/ubuntu noble-updates/multiverse amd64 Components [940 B]
2026-09-07T06:42:04.4031323Z Get:19 http://azure.archive.ubuntu.com/ubuntu noble-backports/main amd64 Components [5764 B]
2026-09-07T06:42:04.4484241Z Get:20 http://azure.archive.ubuntu.com/ubuntu noble-backports/universe amd64 Components [12.6 kB]
2026-09-07T06:42:04.4504960Z Get:21 http://azure.archive.ubuntu.com/ubuntu noble-security/main amd64 Packages [1002 kB]
2026-09-07T06:42:04.4566852Z Get:22 http://azure.archive.ubuntu.com/ubuntu noble-security/main Translation-en [212 kB]
2026-09-07T06:42:04.4593865Z Get:23 http://azure.archive.ubuntu.com/ubuntu noble-security/main amd64 Components [46.5 kB]
2026-09-07T06:42:04.4624277Z Get:24 http://azure.archive.ubuntu.com/ubuntu noble-security/universe amd64 Packages [1206 kB]
2026-09-07T06:42:04.4683903Z Get:25 http://azure.archive.ubuntu.com/ubuntu noble-security/universe Translation-en [241 kB]
2026-09-07T06:42:04.4700144Z Get:26 http://azure.archive.ubuntu.com/ubuntu noble-security/universe amd64 Components [76.2 kB]
2026-09-07T06:42:04.4736338Z Get:27 http://azure.archive.ubuntu.com/ubuntu noble-security/restricted amd64 Packages [1437 kB]
2026-09-07T06:42:04.4805083Z Get:28 http://azure.archive.ubuntu.com/ubuntu noble-security/restricted Translation-en [334 kB]
2026-09-07T06:42:04.5057385Z Get:29 https://dl.google.com/linux/chrome-stable/deb stable/main amd64 Packages [1401 B]
2026-09-07T06:42:08.8851203Z Fetched 11.8 MB in 1s (10.9 MB/s)
2026-09-07T06:42:09.5398642Z Reading package lists...
2026-09-07T06:42:09.5667854Z Reading package lists...
2026-09-07T06:42:09.7395043Z Building dependency tree...
2026-09-07T06:42:09.7400926Z Reading state information...
2026-09-07T06:42:09.8882291Z The following additional packages will be installed:
2026-09-07T06:42:09.8885649Z   libprotobuf-dev libprotobuf32t64 libprotoc32t64
2026-09-07T06:42:09.8890810Z Suggested packages:
2026-09-07T06:42:09.8891230Z   protobuf-mode-el
2026-09-07T06:42:09.9073769Z The following NEW packages will be installed:
2026-09-07T06:42:09.9078138Z   libprotobuf-dev libprotobuf32t64 libprotoc32t64 protobuf-compiler
2026-09-07T06:42:09.9244833Z 0 upgraded, 4 newly installed, 0 to remove and 38 not upgraded.
2026-09-07T06:42:09.9245344Z Need to get 3048 kB of archives.
2026-09-07T06:42:09.9245810Z After this operation, 17.8 MB of additional disk space will be used.
2026-09-07T06:42:09.9246393Z Get:1 file:/etc/apt/apt-mirrors.txt Mirrorlist [144 B]
2026-09-07T06:42:09.9557120Z Get:2 http://azure.archive.ubuntu.com/ubuntu noble-updates/main amd64 libprotobuf32t64 amd64 3.21.12-8.2ubuntu0.3 [923 kB]
2026-09-07T06:42:10.0032547Z Get:3 http://azure.archive.ubuntu.com/ubuntu noble-updates/main amd64 libprotoc32t64 amd64 3.21.12-8.2ubuntu0.3 [683 kB]
2026-09-07T06:42:10.0233878Z Get:4 http://azure.archive.ubuntu.com/ubuntu noble-updates/main amd64 libprotobuf-dev amd64 3.21.12-8.2ubuntu0.3 [1413 kB]
2026-09-07T06:42:10.0697367Z Get:5 http://azure.archive.ubuntu.com/ubuntu noble-updates/universe amd64 protobuf-compiler amd64 3.21.12-8.2ubuntu0.3 [29.0 kB]
2026-09-07T06:42:10.2910034Z Fetched 3048 kB in 0s (19.6 MB/s)
2026-09-07T06:42:10.4143497Z Selecting previously unselected package libprotobuf32t64:amd64.
2026-09-07T06:42:10.4337216Z (Reading database ... 
2026-09-07T06:42:10.4337483Z (Reading database ... 5%
2026-09-07T06:42:10.4337974Z (Reading database ... 10%
2026-09-07T06:42:10.4338168Z (Reading database ... 15%
2026-09-07T06:42:10.4338355Z (Reading database ... 20%
2026-09-07T06:42:10.4338538Z (Reading database ... 25%
2026-09-07T06:42:10.4338715Z (Reading database ... 30%
2026-09-07T06:42:10.4338984Z (Reading database ... 35%
2026-09-07T06:42:10.4339189Z (Reading database ... 40%
2026-09-07T06:42:10.4339370Z (Reading database ... 45%
2026-09-07T06:42:10.4339591Z (Reading database ... 50%
2026-09-07T06:42:10.4363285Z (Reading database ... 55%
2026-09-07T06:42:10.6279205Z (Reading database ... 60%
2026-09-07T06:42:10.7285825Z (Reading database ... 65%
2026-09-07T06:42:10.9385903Z (Reading database ... 70%
2026-09-07T06:42:11.0705862Z (Reading database ... 75%
2026-09-07T06:42:11.5199735Z (Reading database ... 80%
2026-09-07T06:42:11.6793854Z (Reading database ... 85%
2026-09-07T06:42:11.8872973Z (Reading database ... 90%
2026-09-07T06:42:12.1090684Z (Reading database ... 95%
2026-09-07T06:42:12.1091054Z (Reading database ... 100%
2026-09-07T06:42:12.1091508Z (Reading database ... 201676 files and directories currently installed.)
2026-09-07T06:42:12.1134315Z Preparing to unpack .../libprotobuf32t64_3.21.12-8.2ubuntu0.3_amd64.deb ...
2026-09-07T06:42:12.2582075Z Unpacking libprotobuf32t64:amd64 (3.21.12-8.2ubuntu0.3) ...
2026-09-07T06:42:12.4068618Z Selecting previously unselected package libprotoc32t64:amd64.
2026-09-07T06:42:12.4184981Z Preparing to unpack .../libprotoc32t64_3.21.12-8.2ubuntu0.3_amd64.deb ...
2026-09-07T06:42:12.4194884Z Unpacking libprotoc32t64:amd64 (3.21.12-8.2ubuntu0.3) ...
2026-09-07T06:42:12.4512351Z Selecting previously unselected package libprotobuf-dev:amd64.
2026-09-07T06:42:12.4625478Z Preparing to unpack .../libprotobuf-dev_3.21.12-8.2ubuntu0.3_amd64.deb ...
2026-09-07T06:42:12.4667805Z Unpacking libprotobuf-dev:amd64 (3.21.12-8.2ubuntu0.3) ...
2026-09-07T06:42:12.6569961Z Selecting previously unselected package protobuf-compiler.
2026-09-07T06:42:12.6681142Z Preparing to unpack .../protobuf-compiler_3.21.12-8.2ubuntu0.3_amd64.deb ...
2026-09-07T06:42:12.6691015Z Unpacking protobuf-compiler (3.21.12-8.2ubuntu0.3) ...
2026-09-07T06:42:12.7118302Z Setting up libprotobuf32t64:amd64 (3.21.12-8.2ubuntu0.3) ...
2026-09-07T06:42:12.8794978Z Setting up libprotobuf-dev:amd64 (3.21.12-8.2ubuntu0.3) ...
2026-09-07T06:42:12.8818537Z Setting up libprotoc32t64:amd64 (3.21.12-8.2ubuntu0.3) ...
2026-09-07T06:42:12.8844547Z Setting up protobuf-compiler (3.21.12-8.2ubuntu0.3) ...
2026-09-07T06:42:12.8875504Z Processing triggers for man-db (2.12.0-4build2) ...
2026-09-07T06:42:12.8897484Z Not building database; man-db/auto-update is not 'true'.
2026-09-07T06:42:12.8925892Z Processing triggers for libc-bin (2.39-0ubuntu8.8) ...
2026-09-07T06:42:14.5361164Z 
2026-09-07T06:42:14.5361682Z Running kernel seems to be up-to-date.
2026-09-07T06:42:14.5361910Z 
2026-09-07T06:42:14.5361999Z No services need to be restarted.
2026-09-07T06:42:14.5362158Z 
2026-09-07T06:42:14.5362243Z No containers need to be restarted.
2026-09-07T06:42:14.5362430Z 
2026-09-07T06:42:14.5362604Z No user sessions are running outdated binaries.
2026-09-07T06:42:14.5363054Z 
2026-09-07T06:42:14.5363301Z No VM guests are running outdated hypervisor (qemu) binaries on this host.
2026-09-07T06:42:15.4794072Z   % Total    % Received % Xferd  Average Speed   Time    Time     Time  Current
2026-09-07T06:42:15.4794771Z                                  Dload  Upload   Total   Spent    Left  Speed
2026-09-07T06:42:15.4795170Z 
2026-09-07T06:42:15.5334563Z   0     0    0     0    0     0      0      0 --:--:-- --:--:-- --:--:--     0
2026-09-07T06:42:15.5335078Z 100    15    0    15    0     0    277      0 --:--:-- --:--:-- --:--:--   277
2026-09-07T06:42:15.5923771Z 
2026-09-07T06:42:15.5924516Z 100  2234  100  2234    0     0  19751      0 --:--:-- --:--:-- --:--:-- 19751
2026-09-07T06:42:15.5945646Z 🚀 Installing sp1up...
2026-09-07T06:42:15.5945863Z 
2026-09-07T06:42:15.6625000Z 
2026-09-07T06:42:15.6625698Z ######################################################################## 100.0%
2026-09-07T06:42:15.6667851Z 
2026-09-07T06:42:15.6668456Z ✅ Installation complete!
2026-09-07T06:42:15.6668735Z 
2026-09-07T06:42:15.6669025Z 🔍 Detected shell: bash
2026-09-07T06:42:15.6669378Z 🔗 Added sp1up to PATH
2026-09-07T06:42:15.6669549Z 
2026-09-07T06:42:15.6669688Z To start using sp1up, please run:
2026-09-07T06:42:15.6669900Z 
2026-09-07T06:42:15.6670080Z ▶ source /home/runner/.bashrc
2026-09-07T06:42:15.6670401Z ▶ sp1up
2026-09-07T06:42:15.6673557Z 
2026-09-07T06:42:15.6674024Z 🎉 Enjoy using sp1up! For help, type 'sp1up --help'
2026-09-07T06:42:15.6715790Z 
2026-09-07T06:42:15.6716828Z .______  ._______ ._______ ._______ ._______ ._______ ._______ ._______ ._______
2026-09-07T06:42:15.6717397Z 
2026-09-07T06:42:15.6717524Z    _____  ____  ___
2026-09-07T06:42:15.6717775Z   / ___/ / __ \<  /
2026-09-07T06:42:15.6718091Z   \__ \ / /_/ // /                        A performant, 100% open-source,
2026-09-07T06:42:15.6718561Z  ___/ // ____// /                              general-purpose zkVM.  
2026-09-07T06:42:15.6718955Z /____//_/    /_/   
2026-09-07T06:42:15.6719115Z 
2026-09-07T06:42:15.6719307Z ._______ ._______ ._______ ._______ ._______ ._______ ._______ ._______ ._______ 
2026-09-07T06:42:15.6719633Z 
2026-09-07T06:42:15.6719798Z Repo       : https://github.com/succinctlabs/sp1
2026-09-07T06:42:15.6720209Z Book       : https://docs.succinct.xyz/
2026-09-07T06:42:15.6720597Z Telegram   : https://t.me/+AzG4ws-kD24yMGYx
2026-09-07T06:42:15.6721027Z 
2026-09-07T06:42:15.6721160Z ._______ ._______ ._______ ._______ ._______ ._______ ._______ ._______ ._______ 
2026-09-07T06:42:15.6721428Z 
2026-09-07T06:42:15.6721623Z sp1up: installing SP1 (version v6.3.1, tag v6.3.1)
2026-09-07T06:42:15.8339482Z sp1up: downloading cargo_prove_v6.3.1_linux_amd64.tar.gz
2026-09-07T06:42:16.0852399Z 
2026-09-07T06:42:16.1871140Z ###################################                                       49.0%
2026-09-07T06:42:16.2167961Z ###################################################################       93.1%
2026-09-07T06:42:16.2168736Z ######################################################################## 100.0%
2026-09-07T06:42:16.2268073Z sp1up: installed - cargo-prove sp1 (8252c29 2026-06-25T11:50:01.543258355Z)
2026-09-07T06:42:16.2272693Z sp1up: installing rust toolchain
2026-09-07T06:42:16.9494784Z Successfully cleaned up ~/.sp1 directory.
2026-09-07T06:42:16.9495225Z Successfully created ~/.sp1 directory.
2026-09-07T06:42:18.7557336Z info: no toolchain installed for 'succinct'
2026-09-07T06:42:18.7563454Z Successfully removed existing toolchain.
2026-09-07T06:42:25.2635703Z Successfully linked toolchain to rustup.
2026-09-07T06:42:25.2647065Z sp1up: installed rust toolchain
2026-09-07T06:42:25.2647388Z sp1up: done!
2026-09-07T06:42:25.2932552Z cargo-prove sp1 (8252c29 2026-06-25T11:50:01.543258355Z)
2026-09-07T06:42:25.2985432Z ##[group]Run set -euo pipefail
2026-09-07T06:42:25.2985759Z [36;1mset -euo pipefail[0m
2026-09-07T06:42:25.2985980Z [36;1mexport PATH="$HOME/.sp1/bin:$PATH"[0m
2026-09-07T06:42:25.2986265Z [36;1mroot="$RUNNER_TEMP/arc-proof-identities"[0m
2026-09-07T06:42:25.2986534Z [36;1mmkdir -p "$root/src-a" "$root/src-b" \[0m
2026-09-07T06:42:25.2986815Z [36;1m  "$root/out-a/ingress" "$root/out-a/egress" \[0m
2026-09-07T06:42:25.2987084Z [36;1m  "$root/out-b/ingress" "$root/out-b/egress" \[0m
2026-09-07T06:42:25.2987324Z [36;1m  "$root/report"[0m
2026-09-07T06:42:25.2987572Z [36;1mgit archive "$SOURCE_COMMIT" | tar -x -C "$root/src-a"[0m
2026-09-07T06:42:25.2987884Z [36;1mgit archive "$SOURCE_COMMIT" | tar -x -C "$root/src-b"[0m
2026-09-07T06:42:25.2988132Z [36;1m[0m
2026-09-07T06:42:25.2988294Z [36;1mbuild_pair() {[0m
2026-09-07T06:42:25.2988481Z [36;1m  local source="$1"[0m
2026-09-07T06:42:25.2988674Z [36;1m  local output="$2"[0m
2026-09-07T06:42:25.2988896Z [36;1m  ([0m
2026-09-07T06:42:25.2989102Z [36;1m    cd "$source/programs/pfusdc-arc-ingress"[0m
2026-09-07T06:42:25.2989387Z [36;1m    cargo prove build --docker --tag v6.3.1 --locked \[0m
2026-09-07T06:42:25.2989829Z [36;1m      --workspace-directory "$source" \[0m
2026-09-07T06:42:25.2990094Z [36;1m      --output-directory "$output/ingress"[0m
2026-09-07T06:42:25.2990325Z [36;1m  )[0m
2026-09-07T06:42:25.2990479Z [36;1m  ([0m
2026-09-07T06:42:25.2990669Z [36;1m    cd "$source/programs/pfusdc-egress"[0m
2026-09-07T06:42:25.2990936Z [36;1m    cargo prove build --docker --tag v6.3.1 --locked \[0m
2026-09-07T06:42:25.2991205Z [36;1m      --workspace-directory "$source" \[0m
2026-09-07T06:42:25.2991449Z [36;1m      --output-directory "$output/egress"[0m
2026-09-07T06:42:25.2991672Z [36;1m  )[0m
2026-09-07T06:42:25.2991823Z [36;1m}[0m
2026-09-07T06:42:25.2992008Z [36;1mbuild_pair "$root/src-a" "$root/out-a"[0m
2026-09-07T06:42:25.2992250Z [36;1mbuild_pair "$root/src-b" "$root/out-b"[0m
2026-09-07T06:42:25.2992475Z [36;1m[0m
2026-09-07T06:42:25.2992712Z [36;1mingress_a="$root/out-a/ingress/pfusdc-arc-ingress-program"[0m
2026-09-07T06:42:25.2993387Z [36;1mingress_b="$root/out-b/ingress/pfusdc-arc-ingress-program"[0m
2026-09-07T06:42:25.2993714Z [36;1megress_a="$root/out-a/egress/pfusdc-egress-program"[0m
2026-09-07T06:42:25.2994033Z [36;1megress_b="$root/out-b/egress/pfusdc-egress-program"[0m
2026-09-07T06:42:25.2994314Z [36;1mtest -s "$ingress_a" && test -s "$ingress_b"[0m
2026-09-07T06:42:25.2994577Z [36;1mtest -s "$egress_a" && test -s "$egress_b"[0m
2026-09-07T06:42:25.2994864Z [36;1mingress_sha="$(sha256sum "$ingress_a" | cut -d' ' -f1)"[0m
2026-09-07T06:42:25.2995179Z [36;1mingress_b_sha="$(sha256sum "$ingress_b" | cut -d' ' -f1)"[0m
2026-09-07T06:42:25.2995494Z [36;1megress_sha="$(sha256sum "$egress_a" | cut -d' ' -f1)"[0m
2026-09-07T06:42:25.2995796Z [36;1megress_b_sha="$(sha256sum "$egress_b" | cut -d' ' -f1)"[0m
2026-09-07T06:42:25.2996149Z [36;1mprintf 'arc-ingress build-a=%s build-b=%s\n' "$ingress_sha" "$ingress_b_sha"[0m
2026-09-07T06:42:25.2996550Z [36;1mprintf 'egress build-a=%s build-b=%s\n' "$egress_sha" "$egress_b_sha"[0m
2026-09-07T06:42:25.2996869Z [36;1mtest "$ingress_sha" = "$ingress_b_sha"[0m
2026-09-07T06:42:25.2997119Z [36;1mtest "$egress_sha" = "$egress_b_sha"[0m
2026-09-07T06:42:25.2997353Z [36;1mcmp "$ingress_a" "$ingress_b"[0m
2026-09-07T06:42:25.2997572Z [36;1mcmp "$egress_a" "$egress_b"[0m
2026-09-07T06:42:25.2997774Z [36;1m[0m
2026-09-07T06:42:25.2998019Z [36;1mexpected_ingress_sha="$(jq -r .arc_ingress.elf_sha256 "$EXPECTED")"[0m
2026-09-07T06:42:25.2998382Z [36;1mexpected_egress_sha="$(jq -r .egress.elf_sha256 "$EXPECTED")"[0m
2026-09-07T06:42:25.2998787Z [36;1mprintf 'arc-ingress rebuilt=%s expected=%s\n' "$ingress_sha" "$expected_ingress_sha"[0m
2026-09-07T06:42:25.2999218Z [36;1mprintf 'egress rebuilt=%s expected=%s\n' "$egress_sha" "$expected_egress_sha"[0m
2026-09-07T06:42:25.2999516Z [36;1m[0m
2026-09-07T06:42:25.2999900Z [36;1mcp "$ingress_a" "$root/report/pfusdc-arc-ingress-program"[0m
2026-09-07T06:42:25.3000229Z [36;1mcp "$egress_a" "$root/report/pfusdc-egress-program"[0m
2026-09-07T06:42:25.3000632Z [36;1mcp "$ingress_a" "$root/src-a/programs/pfusdc-arc-ingress/elf/pfusdc-arc-ingress-program"[0m
2026-09-07T06:42:25.3001077Z [36;1mcp "$egress_a" "$root/src-a/programs/pfusdc-egress/elf/pfusdc-egress-program"[0m
2026-09-07T06:42:25.3001447Z [36;1mcargo run --locked --release --no-default-features \[0m
2026-09-07T06:42:25.3001812Z [36;1m  --manifest-path "$root/src-a/tools/pfusdc-tier4-prover/Cargo.toml" -- \[0m
2026-09-07T06:42:25.3002183Z [36;1m  program-info --output "$root/report/program-info.json"[0m
2026-09-07T06:42:25.3002475Z [36;1mjq -e --slurpfile expected "$EXPECTED" '[0m
2026-09-07T06:42:25.3002746Z [36;1m  .arc_ingress == $expected[0].arc_ingress and[0m
2026-09-07T06:42:25.3003332Z [36;1m  .egress == $expected[0].egress and[0m
2026-09-07T06:42:25.3003571Z [36;1m  .sp1_sdk_version == "6.3.1"[0m
2026-09-07T06:42:25.3003803Z [36;1m' "$root/report/program-info.json"[0m
2026-09-07T06:42:25.3004020Z [36;1m[0m
2026-09-07T06:42:25.3004298Z [36;1mdocker_image="$(docker image inspect ghcr.io/succinctlabs/sp1:v6.3.1 \[0m
2026-09-07T06:42:25.3004780Z [36;1m  --format '{{index .RepoDigests 0}}')"[0m
2026-09-07T06:42:25.3005044Z [36;1mrust_version="$(rustc +1.95.0 --version)"[0m
2026-09-07T06:42:25.3005314Z [36;1mcargo_prove_version="$(cargo prove --version)"[0m
2026-09-07T06:42:25.3005558Z [36;1mjq -n \[0m
2026-09-07T06:42:25.3005752Z [36;1m  --arg source_commit "$SOURCE_COMMIT" \[0m
2026-09-07T06:42:25.3006013Z [36;1m  --arg ingress_sha256 "$ingress_sha" \[0m
2026-09-07T06:42:25.3006253Z [36;1m  --arg egress_sha256 "$egress_sha" \[0m
2026-09-07T06:42:25.3006680Z [36;1m  --arg ingress_lock_sha256 "$(sha256sum "$root/src-a/programs/pfusdc-arc-ingress/Cargo.lock" | cut -d' ' -f1)" \[0m
2026-09-07T06:42:25.3007250Z [36;1m  --arg egress_lock_sha256 "$(sha256sum "$root/src-a/programs/pfusdc-egress/Cargo.lock" | cut -d' ' -f1)" \[0m
2026-09-07T06:42:25.3007652Z [36;1m  --arg docker_image "$docker_image" \[0m
2026-09-07T06:42:25.3007896Z [36;1m  --arg rust_version "$rust_version" \[0m
2026-09-07T06:42:25.3008170Z [36;1m  --arg cargo_prove_version "$cargo_prove_version" \[0m
2026-09-07T06:42:25.3008419Z [36;1m  '{[0m
2026-09-07T06:42:25.3008663Z [36;1m    schema:"postfiat.pfusdc.arc_proof_identity_reproduction.v1",[0m
2026-09-07T06:42:25.3008981Z [36;1m    source_commit:$source_commit,[0m
2026-09-07T06:42:25.3009236Z [36;1m    build_count_per_guest:2,[0m
2026-09-07T06:42:25.3009452Z [36;1m    clean_source_trees:2,[0m
2026-09-07T06:42:25.3009669Z [36;1m    byte_exact_replay:true,[0m
2026-09-07T06:42:25.3009902Z [36;1m    arc_ingress_elf_sha256:$ingress_sha256,[0m
2026-09-07T06:42:25.3010150Z [36;1m    egress_elf_sha256:$egress_sha256,[0m
2026-09-07T06:42:25.3010405Z [36;1m    arc_ingress_lock_sha256:$ingress_lock_sha256,[0m
2026-09-07T06:42:25.3010677Z [36;1m    egress_lock_sha256:$egress_lock_sha256,[0m
2026-09-07T06:42:25.3010925Z [36;1m    docker_image:$docker_image,[0m
2026-09-07T06:42:25.3011143Z [36;1m    rust_version:$rust_version,[0m
2026-09-07T06:42:25.3011377Z [36;1m    cargo_prove_version:$cargo_prove_version[0m
2026-09-07T06:42:25.3011633Z [36;1m  }' > "$root/report/reproduction.json"[0m
2026-09-07T06:42:25.3011971Z [36;1msha256sum "$root/report/program-info.json" "$root/report/reproduction.json" \[0m
2026-09-07T06:42:25.3012337Z [36;1m  > "$root/report/SHA256SUMS"[0m
2026-09-07T06:42:25.3044493Z shell: /usr/bin/bash -e {0}
2026-09-07T06:42:25.3044717Z env:
2026-09-07T06:42:25.3045044Z   EXPECTED: docs/evidence/arc-mvp-20260828/program-info.current-v2-docker-20260902.json
2026-09-07T06:42:25.3045444Z   SOURCE_COMMIT: f2e749a16b07be446cb11da1e1f523eb9cdabca7
2026-09-07T06:42:25.3045698Z ##[endgroup]
2026-09-07T06:43:46.2430017Z cargo:warning=docker: rustc +succinct --version: "rustc 1.94.0-dev\n"
2026-09-07T06:43:48.4428871Z cargo:warning=docker: rustc_bin: "/root/.sp1/toolchains/g7wv95WZT7/bin/rustc"
2026-09-07T06:43:59.9225477Z [sp1] [docker]  info: `cargo` is unavailable for the active toolchain
2026-09-07T06:43:59.9226014Z [sp1] [docker]  info: falling back to "/root/.rustup/toolchains/stable-x86_64-unknown-linux-gnu/bin/cargo"
2026-09-07T06:43:59.9846832Z [sp1] [docker]  [1m[92m    Updating[0m git repository `https://github.com/sp1-patches/curve25519-dalek`
2026-09-07T06:44:00.5648616Z [sp1] [docker]  [1m[92m    Updating[0m git repository `https://github.com/sp1-patches/RustCrypto-hashes`
2026-09-07T06:44:01.0140374Z [sp1] [docker]  [1m[92m    Updating[0m crates.io index
2026-09-07T06:44:01.4598946Z [sp1] [docker]  [1m[33mwarning[0m: patch `tiny-keccak v2.0.2 (https://github.com/sp1-patches/tiny-keccak?tag=patch-2.0.2-sp1-6.0.0#957430a4)` was not used in the crate graph
2026-09-07T06:44:01.4599788Z [sp1] [docker]  [1m[96mhelp[0m: Check that the patched package version and available features are compatible
2026-09-07T06:44:01.4600318Z [sp1] [docker]        with the dependency requirements. If the patch has a different version from
2026-09-07T06:44:01.4600755Z [sp1] [docker]        what is locked in the Cargo.lock file, run `cargo update` to use the new
2026-09-07T06:44:01.4601457Z [sp1] [docker]        version. This may also occur with an optional dependency that is not enabled.
2026-09-07T06:44:01.6514040Z [sp1] [docker]  [1m[92m Downloading[0m crates ...
2026-09-07T06:44:01.7189381Z [sp1] [docker]  [1m[92m  Downloaded[0m bitcoin-io v0.1.101
2026-09-07T06:44:01.7209253Z [sp1] [docker]  [1m[92m  Downloaded[0m alloy-rlp-derive v0.3.16
2026-09-07T06:44:01.7221947Z [sp1] [docker]  [1m[92m  Downloaded[0m time-core v0.1.9
2026-09-07T06:44:01.7233895Z [sp1] [docker]  [1m[92m  Downloaded[0m ark-ff-asm v0.6.0
2026-09-07T06:44:01.7248450Z [sp1] [docker]  [1m[92m  Downloaded[0m alloy-rlp v0.3.12
2026-09-07T06:44:01.7267945Z [sp1] [docker]  [1m[92m  Downloaded[0m zeroize_derive v1.5.0
2026-09-07T06:44:01.7285368Z [sp1] [docker]  [1m[92m  Downloaded[0m tinyvec v1.12.0
2026-09-07T06:44:01.7316162Z [sp1] [docker]  [1m[92m  Downloaded[0m cfg_aliases v0.2.2
2026-09-07T06:44:01.7331446Z [sp1] [docker]  [1m[92m  Downloaded[0m ark-ff-macros v0.6.0
2026-09-07T06:44:01.7354876Z [sp1] [docker]  [1m[92m  Downloaded[0m defmt-macros v1.1.1
2026-09-07T06:44:01.7394380Z [sp1] [docker]  [1m[92m  Downloaded[0m zeroize v1.9.0
2026-09-07T06:44:01.7415775Z [sp1] [docker]  [1m[92m  Downloaded[0m zmij v1.0.23
2026-09-07T06:44:01.7438832Z [sp1] [docker]  [1m[92m  Downloaded[0m thiserror-impl v2.0.20
2026-09-07T06:44:01.7459515Z [sp1] [docker]  [1m[92m  Downloaded[0m borsh-derive v1.8.1
2026-09-07T06:44:01.7499690Z [sp1] [docker]  [1m[92m  Downloaded[0m toml_edit v0.25.13+spec-1.1.0
2026-09-07T06:44:01.7541124Z [sp1] [docker]  [1m[92m  Downloaded[0m slop-poseidon2 v6.5.0
2026-09-07T06:44:01.7549256Z [sp1] [docker]  [1m[92m  Downloaded[0m ark-serialize-derive v0.6.0
2026-09-07T06:44:01.7566595Z [sp1] [docker]  [1m[92m  Downloaded[0m unicode-segmentation v1.13.3
2026-09-07T06:44:01.7599232Z [sp1] [docker]  [1m[92m  Downloaded[0m typenum v1.20.1
2026-09-07T06:44:01.7633216Z [sp1] [docker]  [1m[92m  Downloaded[0m slop-challenger v6.5.0
2026-09-07T06:44:01.7642083Z [sp1] [docker]  [1m[92m  Downloaded[0m ref-cast v1.0.27
2026-09-07T06:44:01.7673374Z [sp1] [docker]  [1m[92m  Downloaded[0m slop-symmetric v6.5.0
2026-09-07T06:44:01.7681612Z [sp1] [docker]  [1m[92m  Downloaded[0m winnow v1.0.4
2026-09-07T06:44:01.7774455Z [sp1] [docker]  [1m[92m  Downloaded[0m slop-bn254 v6.5.0
2026-09-07T06:44:01.7785065Z [sp1] [docker]  [1m[92m  Downloaded[0m time v0.3.55
2026-09-07T06:44:01.7923112Z [sp1] [docker]  [1m[92m  Downloaded[0m futures-task v0.3.34
2026-09-07T06:44:01.7936167Z [sp1] [docker]  [1m[92m  Downloaded[0m slop-primitives v6.5.0
2026-09-07T06:44:01.7943920Z [sp1] [docker]  [1m[92m  Downloaded[0m zerocopy v0.8.56
2026-09-07T06:44:01.8146420Z [sp1] [docker]  [1m[92m  Downloaded[0m enum-ordinalize v4.4.2
2026-09-07T06:44:01.8154572Z [sp1] [docker]  [1m[92m  Downloaded[0m bytes v1.12.1
2026-09-07T06:44:01.8188446Z [sp1] [docker]  [1m[92m  Downloaded[0m futures-macro v0.3.34
2026-09-07T06:44:01.8199985Z [sp1] [docker]  [1m[92m  Downloaded[0m futures-io v0.3.34
2026-09-07T06:44:01.8210108Z [sp1] [docker]  [1m[92m  Downloaded[0m futures-core v0.3.34
2026-09-07T06:44:01.8225604Z [sp1] [docker]  [1m[92m  Downloaded[0m slop-algebra v6.5.0
2026-09-07T06:44:01.8234669Z [sp1] [docker]  [1m[92m  Downloaded[0m futures-sink v0.3.34
2026-09-07T06:44:01.8245371Z [sp1] [docker]  [1m[92m  Downloaded[0m sp1-zkvm v6.3.1
2026-09-07T06:44:01.8276356Z [sp1] [docker]  [1m[92m  Downloaded[0m rustversion v1.0.23
2026-09-07T06:44:01.8306772Z [sp1] [docker]  [1m[92m  Downloaded[0m quote v1.0.47
2026-09-07T06:44:01.8336783Z [sp1] [docker]  [1m[92m  Downloaded[0m shlex v2.0.1
2026-09-07T06:44:01.8350851Z [sp1] [docker]  [1m[92m  Downloaded[0m ark-std v0.6.0
2026-09-07T06:44:01.8369369Z [sp1] [docker]  [1m[92m  Downloaded[0m sp1-primitives v6.3.1
2026-09-07T06:44:01.8385688Z [sp1] [docker]  [1m[92m  Downloaded[0m thiserror v2.0.20
2026-09-07T06:44:01.8450959Z [sp1] [docker]  [1m[92m  Downloaded[0m num-integer v0.1.47
2026-09-07T06:44:01.8468701Z [sp1] [docker]  [1m[92m  Downloaded[0m syn-solidity v1.7.1
2026-09-07T06:44:01.8528206Z [sp1] [docker]  [1m[92m  Downloaded[0m serde_derive v1.0.229
2026-09-07T06:44:01.8561727Z [sp1] [docker]  [1m[92m  Downloaded[0m proc-macro2 v1.0.107
2026-09-07T06:44:01.8595394Z [sp1] [docker]  [1m[92m  Downloaded[0m rapidhash v4.5.1
2026-09-07T06:44:01.8631750Z [sp1] [docker]  [1m[92m  Downloaded[0m serde v1.0.229
2026-09-07T06:44:01.8669337Z [sp1] [docker]  [1m[92m  Downloaded[0m schemars v1.2.2
2026-09-07T06:44:01.8839401Z [sp1] [docker]  [1m[92m  Downloaded[0m rand v0.9.5
2026-09-07T06:44:01.8879390Z [sp1] [docker]  [1m[92m  Downloaded[0m num-bigint v0.4.8
2026-09-07T06:44:01.8927005Z [sp1] [docker]  [1m[92m  Downloaded[0m pest v2.9.0
2026-09-07T06:44:01.8971606Z [sp1] [docker]  [1m[92m  Downloaded[0m serde_json v1.0.151
2026-09-07T06:44:01.9042685Z [sp1] [docker]  [1m[92m  Downloaded[0m hashbrown v0.17.1
2026-09-07T06:44:01.9093721Z [sp1] [docker]  [1m[92m  Downloaded[0m futures-util v0.3.34
2026-09-07T06:44:01.9218435Z [sp1] [docker]  [1m[92m  Downloaded[0m chrono v0.4.45
2026-09-07T06:44:01.9278373Z [sp1] [docker]  [1m[92m  Downloaded[0m bitvec v1.1.1
2026-09-07T06:44:01.9435377Z [sp1] [docker]  [1m[92m  Downloaded[0m serde_with v3.22.0
2026-09-07T06:44:01.9557450Z [sp1] [docker]  [1m[92m  Downloaded[0m ruint v1.20.0
2026-09-07T06:44:01.9617203Z [sp1] [docker]  [1m[92m  Downloaded[0m syn v2.0.119
2026-09-07T06:44:01.9716765Z [sp1] [docker]  [1m[92m  Downloaded[0m syn v3.0.4
2026-09-07T06:44:01.9811912Z [sp1] [docker]  [1m[92m  Downloaded[0m blst v0.3.17
2026-09-07T06:44:01.9938976Z [sp1] [docker]  [1m[92m  Downloaded[0m blake3 v1.8.7
2026-09-07T06:44:02.0009703Z [sp1] [docker]  [1m[92m  Downloaded[0m jiff-core v0.1.0
2026-09-07T06:44:02.0042099Z [sp1] [docker]  [1m[92m  Downloaded[0m sha3-asm v0.1.8
2026-09-07T06:44:02.0128847Z [sp1] [docker]  [1m[92m  Downloaded[0m regex-syntax v0.8.11
2026-09-07T06:44:02.0187020Z [sp1] [docker]  [1m[92m  Downloaded[0m memchr v2.8.3
2026-09-07T06:44:02.0236695Z [sp1] [docker]  [1m[92m  Downloaded[0m indexmap v2.14.1
2026-09-07T06:44:02.0275190Z [sp1] [docker]  [1m[92m  Downloaded[0m rand v0.8.8
2026-09-07T06:44:02.0306510Z [sp1] [docker]  [1m[92m  Downloaded[0m ed25519-dalek v2.2.0
2026-09-07T06:44:02.0337227Z [sp1] [docker]  [1m[92m  Downloaded[0m getrandom v0.4.3
2026-09-07T06:44:02.0371979Z [sp1] [docker]  [1m[92m  Downloaded[0m arrayvec v0.7.8
2026-09-07T06:44:02.0392515Z [sp1] [docker]  [1m[92m  Downloaded[0m log v0.4.34
2026-09-07T06:44:02.0415199Z [sp1] [docker]  [1m[92m  Downloaded[0m cc v1.4.4
2026-09-07T06:44:02.0444064Z [sp1] [docker]  [1m[92m  Downloaded[0m serde_core v1.0.229
2026-09-07T06:44:02.0469609Z [sp1] [docker]  [1m[92m  Downloaded[0m smallvec v1.15.2
2026-09-07T06:44:02.0482284Z [sp1] [docker]  [1m[92m  Downloaded[0m hex-conservative v1.2.0
2026-09-07T06:44:02.0501825Z [sp1] [docker]  [1m[92m  Downloaded[0m futures-channel v0.3.34
2026-09-07T06:44:02.0519903Z [sp1] [docker]  [1m[92m  Downloaded[0m ark-ff v0.6.0
2026-09-07T06:44:02.0561297Z [sp1] [docker]  [1m[92m  Downloaded[0m ed25519 v2.2.3
2026-09-07T06:44:02.0578489Z [sp1] [docker]  [1m[92m  Downloaded[0m serde_with_macros v3.22.0
2026-09-07T06:44:02.0596709Z [sp1] [docker]  [1m[92m  Downloaded[0m jiff v0.2.35
2026-09-07T06:44:02.0730545Z [sp1] [docker]  [1m[92m  Downloaded[0m rlsf v0.2.3
2026-09-07T06:44:02.0749793Z [sp1] [docker]  [1m[92m  Downloaded[0m half v1.8.3
2026-09-07T06:44:02.0769557Z [sp1] [docker]  [1m[92m  Downloaded[0m bitcoin-consensus-encoding v1.2.0
2026-09-07T06:44:02.0786936Z [sp1] [docker]  [1m[92m  Downloaded[0m serde_cbor v0.11.2
2026-09-07T06:44:02.0812511Z [sp1] [docker]  [1m[92m  Downloaded[0m futures-executor v0.3.34
2026-09-07T06:44:02.0825804Z [sp1] [docker]  [1m[92m  Downloaded[0m libc v0.2.189
2026-09-07T06:44:02.1210102Z [sp1] [docker]  [1m[92m  Downloaded[0m find-msvc-tools v0.1.11
2026-09-07T06:44:02.1224812Z [sp1] [docker]  [1m[92m  Downloaded[0m rustc-hash v2.1.3
2026-09-07T06:44:02.1237353Z [sp1] [docker]  [1m[92m  Downloaded[0m fastrand v2.5.0
2026-09-07T06:44:02.1249402Z [sp1] [docker]  [1m[92m  Downloaded[0m borsh v1.8.1
2026-09-07T06:44:02.1315695Z [sp1] [docker]  [1m[92m  Downloaded[0m bitcoin-internals v0.6.0
2026-09-07T06:44:02.1330558Z [sp1] [docker]  [1m[92m  Downloaded[0m sp1-lib v6.3.1
2026-09-07T06:44:02.1346413Z [sp1] [docker]  [1m[92m  Downloaded[0m either v1.18.0
2026-09-07T06:44:02.1359431Z [sp1] [docker]  [1m[92m  Downloaded[0m keccak-asm v0.1.8
2026-09-07T06:44:02.1371790Z [sp1] [docker]  [1m[92m  Downloaded[0m defmt-parser v1.0.0
2026-09-07T06:44:02.1380805Z [sp1] [docker]  [1m[92m  Downloaded[0m num-conv v0.2.2
2026-09-07T06:44:02.1388650Z [sp1] [docker]  [1m[92m  Downloaded[0m enum-ordinalize-derive v4.4.2
2026-09-07T06:44:02.1402617Z [sp1] [docker]  [1m[92m  Downloaded[0m ref-cast-impl v1.0.27
2026-09-07T06:44:02.1410449Z [sp1] [docker]  [1m[92m  Downloaded[0m futures v0.3.34
2026-09-07T06:44:02.1456072Z [sp1] [docker]  [1m[92m  Downloaded[0m bitflags v2.13.1
2026-09-07T06:44:02.1497445Z [sp1] [docker]  [1m[92m  Downloaded[0m slop-koala-bear v6.5.0
2026-09-07T06:44:02.1505646Z [sp1] [docker]  [1m[92m  Downloaded[0m const-hex v1.19.1
2026-09-07T06:44:02.1524967Z [sp1] [docker]  [1m[92m  Downloaded[0m bitcoin_hashes v0.14.101
2026-09-07T06:44:02.1544886Z [sp1] [docker]  [1m[92m  Downloaded[0m defmt v1.1.1
2026-09-07T06:44:02.1590040Z [sp1] [docker]  [1m[92m  Downloaded[0m toml_parser v1.1.3+spec-1.1.0
2026-09-07T06:44:02.1610440Z [sp1] [docker]  [1m[92m  Downloaded[0m time-macros v0.2.32
2026-09-07T06:44:02.1632494Z [sp1] [docker]  [1m[92m  Downloaded[0m autocfg v1.5.1
2026-09-07T06:44:02.1649985Z [sp1] [docker]  [1m[92m  Downloaded[0m bs58 v0.5.1
2026-09-07T06:44:02.1670771Z [sp1] [docker]  [1m[92m  Downloaded[0m ark-serialize v0.6.0
2026-09-07T06:44:02.1686987Z [sp1] [docker]  [1m[92m  Downloaded[0m alloy-eip7928 v0.3.7
2026-09-07T06:44:02.1700786Z [sp1] [docker]  [1m[92m  Downloaded[0m cpufeatures v0.3.1
2026-09-07T06:44:02.1754284Z [sp1] [docker]  [1m[92m  Downloaded[0m c-kzg v2.1.8
2026-09-07T06:44:03.7572598Z [sp1] [docker]  [1m[92m   Compiling[0m proc-macro2 v1.0.107
2026-09-07T06:44:03.7573541Z [sp1] [docker]  [1m[92m   Compiling[0m unicode-ident v1.0.24
2026-09-07T06:44:03.7574190Z [sp1] [docker]  [1m[92m   Compiling[0m quote v1.0.47
2026-09-07T06:44:03.7574690Z [sp1] [docker]  [1m[92m   Compiling[0m cfg-if v1.0.4
2026-09-07T06:44:03.7924877Z [sp1] [docker]  [1m[92m   Compiling[0m serde_core v1.0.229
2026-09-07T06:44:03.8407222Z [sp1] [docker]  [1m[92m   Compiling[0m serde v1.0.229
2026-09-07T06:44:03.9654017Z [sp1] [docker]  [1m[92m   Compiling[0m autocfg v1.5.1
2026-09-07T06:44:04.0715741Z [sp1] [docker]  [1m[92m   Compiling[0m version_check v0.9.5
2026-09-07T06:44:04.3839550Z [sp1] [docker]  [1m[92m   Compiling[0m getrandom v0.2.17
2026-09-07T06:44:04.4041200Z [sp1] [docker]  [1m[92m   Compiling[0m generic-array v0.14.9
2026-09-07T06:44:04.5235410Z [sp1] [docker]  [1m[92m   Compiling[0m rand_core v0.6.4
2026-09-07T06:44:04.5394540Z [sp1] [docker]  [1m[92m   Compiling[0m zeroize v1.9.0
2026-09-07T06:44:04.7661658Z [sp1] [docker]  [1m[92m   Compiling[0m subtle v2.6.1
2026-09-07T06:44:04.8917078Z [sp1] [docker]  [1m[92m   Compiling[0m zerocopy v0.8.56
2026-09-07T06:44:04.9201507Z [sp1] [docker]  [1m[92m   Compiling[0m syn v3.0.4
2026-09-07T06:44:04.9825656Z [sp1] [docker]  [1m[92m   Compiling[0m syn v2.0.119
2026-09-07T06:44:05.3068239Z [sp1] [docker]  [1m[92m   Compiling[0m num-traits v0.2.19
2026-09-07T06:44:05.4067572Z [sp1] [docker]  [1m[92m   Compiling[0m typenum v1.20.1
2026-09-07T06:44:06.4676075Z [sp1] [docker]  [1m[92m   Compiling[0m either v1.18.0
2026-09-07T06:44:08.8221642Z [sp1] [docker]  [1m[92m   Compiling[0m num-integer v0.1.47
2026-09-07T06:44:09.5161564Z [sp1] [docker]  [1m[92m   Compiling[0m once_cell v1.21.4
2026-09-07T06:44:09.7600034Z [sp1] [docker]  [1m[92m   Compiling[0m pin-project-lite v0.2.17
2026-09-07T06:44:09.8170731Z [sp1] [docker]  [1m[92m   Compiling[0m num-bigint v0.4.8
2026-09-07T06:44:10.2125547Z [sp1] [docker]  [1m[92m   Compiling[0m serde_derive v1.0.229
2026-09-07T06:44:12.2404631Z [sp1] [docker]  [1m[92m   Compiling[0m itertools v0.12.1
2026-09-07T06:44:13.2341696Z [sp1] [docker]  [1m[92m   Compiling[0m ppv-lite86 v0.2.21
2026-09-07T06:44:13.5655780Z [sp1] [docker]  [1m[92m   Compiling[0m rand_chacha v0.3.1
2026-09-07T06:44:14.5626858Z [sp1] [docker]  [1m[92m   Compiling[0m rand v0.8.8
2026-09-07T06:44:15.0554295Z [sp1] [docker]  [1m[92m   Compiling[0m p3-util v0.4.3-succinct
2026-09-07T06:44:15.1762524Z [sp1] [docker]  [1m[92m   Compiling[0m crypto-common v0.1.6
2026-09-07T06:44:15.2671246Z [sp1] [docker]  [1m[92m   Compiling[0m p3-field v0.4.3-succinct
2026-09-07T06:44:15.4780140Z [sp1] [docker]  [1m[92m   Compiling[0m block-buffer v0.10.4
2026-09-07T06:44:15.5655376Z [sp1] [docker]  [1m[92m   Compiling[0m tracing-attributes v0.1.31
2026-09-07T06:44:15.6070778Z [sp1] [docker]  [1m[92m   Compiling[0m digest v0.10.7
2026-09-07T06:44:15.7068750Z [sp1] [docker]  [1m[92m   Compiling[0m tracing-core v0.1.36
2026-09-07T06:44:15.7791122Z [sp1] [docker]  [1m[92m   Compiling[0m arrayvec v0.7.8
2026-09-07T06:44:15.9514777Z [sp1] [docker]  [1m[92m   Compiling[0m p3-maybe-rayon v0.4.3-succinct
2026-09-07T06:44:16.0439888Z [sp1] [docker]  [1m[92m   Compiling[0m p3-symmetric v0.4.3-succinct
2026-09-07T06:44:16.1187345Z [sp1] [docker]  [1m[92m   Compiling[0m paste v1.0.15
2026-09-07T06:44:16.3037015Z [sp1] [docker]  [1m[92m   Compiling[0m num-bigint v0.3.3
2026-09-07T06:44:16.9896023Z [sp1] [docker]  [1m[92m   Compiling[0m syn v1.0.109
2026-09-07T06:44:17.0559729Z [sp1] [docker]  [1m[92m   Compiling[0m radium v0.7.0
2026-09-07T06:44:17.0852620Z [sp1] [docker]  [1m[92m   Compiling[0m tracing v0.1.44
2026-09-07T06:44:17.2285124Z [sp1] [docker]  [1m[92m   Compiling[0m bytes v1.12.1
2026-09-07T06:44:17.2497501Z [sp1] [docker]  [1m[92m   Compiling[0m alloy-rlp-derive v0.3.16
2026-09-07T06:44:17.4439731Z [sp1] [docker]  [1m[92m   Compiling[0m p3-matrix v0.4.3-succinct
2026-09-07T06:44:17.7858267Z [sp1] [docker]  [1m[92m   Compiling[0m p3-dft v0.4.3-succinct
2026-09-07T06:44:17.8854167Z [sp1] [docker]  [1m[92m   Compiling[0m unicode-segmentation v1.13.3
2026-09-07T06:44:18.0234692Z [sp1] [docker]  [1m[92m   Compiling[0m futures-core v0.3.34
2026-09-07T06:44:18.1276286Z [sp1] [docker]  [1m[92m   Compiling[0m semver v1.0.28
2026-09-07T06:44:18.4171788Z [sp1] [docker]  [1m[92m   Compiling[0m futures-sink v0.3.34
2026-09-07T06:44:18.4619488Z [sp1] [docker]  [1m[92m   Compiling[0m tap v1.0.1
2026-09-07T06:44:18.4912008Z [sp1] [docker]  [1m[92m   Compiling[0m futures-channel v0.3.34
2026-09-07T06:44:18.5276423Z [sp1] [docker]  [1m[92m   Compiling[0m rustc_version v0.4.1
2026-09-07T06:44:18.5504960Z [sp1] [docker]  [1m[92m   Compiling[0m wyz v0.5.1
2026-09-07T06:44:18.7591746Z [sp1] [docker]  [1m[92m   Compiling[0m convert_case v0.10.0
2026-09-07T06:44:18.8067705Z [sp1] [docker]  [1m[92m   Compiling[0m alloy-rlp v0.3.12
2026-09-07T06:44:18.8565838Z [sp1] [docker]  [1m[92m   Compiling[0m p3-mds v0.4.3-succinct
2026-09-07T06:44:19.0782269Z [sp1] [docker]  [1m[92m   Compiling[0m futures-macro v0.3.34
2026-09-07T06:44:19.3431674Z [sp1] [docker]  [1m[92m   Compiling[0m addchain v0.2.1
2026-09-07T06:44:19.4842200Z [sp1] [docker]  [1m[92m   Compiling[0m funty v2.0.0
2026-09-07T06:44:19.6428871Z [sp1] [docker]  [1m[92m   Compiling[0m gcd v2.3.0
2026-09-07T06:44:19.7902267Z [sp1] [docker]  [1m[92m   Compiling[0m futures-io v0.3.34
2026-09-07T06:44:19.8761339Z [sp1] [docker]  [1m[92m   Compiling[0m futures-task v0.3.34
2026-09-07T06:44:19.9715405Z [sp1] [docker]  [1m[92m   Compiling[0m memchr v2.8.3
2026-09-07T06:44:20.0404310Z [sp1] [docker]  [1m[92m   Compiling[0m unicode-xid v0.2.6
2026-09-07T06:44:20.1203061Z [sp1] [docker]  [1m[92m   Compiling[0m slab v0.4.12
2026-09-07T06:44:20.3094174Z [sp1] [docker]  [1m[92m   Compiling[0m ruint-macro v1.2.1
2026-09-07T06:44:20.6142427Z [sp1] [docker]  [1m[92m   Compiling[0m ruint v1.20.0
2026-09-07T06:44:20.7705007Z [sp1] [docker]  [1m[92m   Compiling[0m futures-util v0.3.34
2026-09-07T06:44:20.9219066Z [sp1] [docker]  [1m[92m   Compiling[0m bitvec v1.1.1
2026-09-07T06:44:21.7000446Z [sp1] [docker]  [1m[92m   Compiling[0m derive_more-impl v2.1.1
2026-09-07T06:44:24.0295383Z [sp1] [docker]  [1m[92m   Compiling[0m p3-poseidon2 v0.4.3-succinct
2026-09-07T06:44:24.2385556Z [sp1] [docker]  [1m[92m   Compiling[0m itertools v0.14.0
2026-09-07T06:44:24.2875443Z [sp1] [docker]  [1m[92m   Compiling[0m ff_derive v0.13.1
2026-09-07T06:44:25.0853135Z [sp1] [docker]  [1m[92m   Compiling[0m keccak v0.1.6
2026-09-07T06:44:25.4564104Z [sp1] [docker]  [1m[92m   Compiling[0m byteorder v1.5.0
2026-09-07T06:44:25.5412383Z [sp1] [docker]  [1m[92m   Compiling[0m foldhash v0.2.0
2026-09-07T06:44:25.6911729Z [sp1] [docker]  [1m[92m   Compiling[0m hashbrown v0.16.1
2026-09-07T06:44:25.7924854Z [sp1] [docker]  [1m[92m   Compiling[0m ff v0.13.1
2026-09-07T06:44:25.9183673Z [sp1] [docker]  [1m[92m   Compiling[0m sha3 v0.10.8 (https://github.com/sp1-patches/RustCrypto-hashes?tag=patch-sha3-0.10.8-sp1-6.0.0#0a16ae7a)
2026-09-07T06:44:26.4393142Z [sp1] [docker]  [1m[92m   Compiling[0m futures-executor v0.3.34
2026-09-07T06:44:26.6825173Z [sp1] [docker]  [1m[92m   Compiling[0m slop-algebra v6.5.0
2026-09-07T06:44:26.7035769Z [sp1] [docker]  [1m[92m   Compiling[0m const-hex v1.19.1
2026-09-07T06:44:26.8400480Z [sp1] [docker]  [1m[92m   Compiling[0m derive_more v2.1.1
2026-09-07T06:44:26.9035053Z [sp1] [docker]  [1m[92m   Compiling[0m itoa v1.0.18
2026-09-07T06:44:26.9396752Z [sp1] [docker]  [1m[92m   Compiling[0m shlex v2.0.1
2026-09-07T06:44:26.9806219Z [sp1] [docker]  [1m[92m   Compiling[0m rustc-hash v2.1.3
2026-09-07T06:44:26.9858893Z [sp1] [docker]  [1m[92m   Compiling[0m find-msvc-tools v0.1.11
2026-09-07T06:44:27.0592306Z [sp1] [docker]  [1m[92m   Compiling[0m alloy-primitives v1.5.7
2026-09-07T06:44:27.1504115Z [sp1] [docker]  [1m[92m   Compiling[0m cc v1.4.4
2026-09-07T06:44:27.1554442Z [sp1] [docker]  [1m[92m   Compiling[0m futures v0.3.34
2026-09-07T06:44:27.2031803Z [sp1] [docker]  [1m[92m   Compiling[0m p3-koala-bear v0.4.3-succinct
2026-09-07T06:44:27.2113338Z [sp1] [docker]  [1m[92m   Compiling[0m p3-challenger v0.4.3-succinct
2026-09-07T06:44:27.3191732Z [sp1] [docker]  [1m[92m   Compiling[0m slop-symmetric v6.5.0
2026-09-07T06:44:27.3643718Z [sp1] [docker]  [1m[92m   Compiling[0m thiserror v2.0.20
2026-09-07T06:44:27.6858914Z [sp1] [docker]  [1m[92m   Compiling[0m slop-challenger v6.5.0
2026-09-07T06:44:27.7933651Z [sp1] [docker]  [1m[92m   Compiling[0m slop-poseidon2 v6.5.0
2026-09-07T06:44:27.8335146Z [sp1] [docker]  [1m[92m   Compiling[0m sha2 v0.10.9 (https://github.com/sp1-patches/RustCrypto-hashes?tag=patch-sha2-0.10.9-sp1-6.0.0#e48b656e)
2026-09-07T06:44:28.8106459Z [sp1] [docker]  [1m[92m   Compiling[0m thiserror-impl v2.0.20
2026-09-07T06:44:28.9798223Z [sp1] [docker]  [1m[92m   Compiling[0m blake3 v1.8.7
2026-09-07T06:44:29.2253267Z [sp1] [docker]  [1m[92m   Compiling[0m const-oid v0.9.6
2026-09-07T06:44:29.4574458Z [sp1] [docker]  [1m[92m   Compiling[0m der v0.7.10
2026-09-07T06:44:29.7546086Z [sp1] [docker]  [1m[92m   Compiling[0m p3-bn254-fr v0.4.3-succinct
2026-09-07T06:44:30.3382325Z [sp1] [docker]  [1m[92m   Compiling[0m hmac v0.12.1
2026-09-07T06:44:30.4479087Z [sp1] [docker]  [1m[92m   Compiling[0m constant_time_eq v0.4.2
2026-09-07T06:44:30.4517660Z [sp1] [docker]  [1m[92m   Compiling[0m base16ct v0.2.0
2026-09-07T06:44:30.5413207Z [sp1] [docker]  [1m[92m   Compiling[0m lazy_static v1.5.0
2026-09-07T06:44:30.5958281Z [sp1] [docker]  [1m[92m   Compiling[0m slop-koala-bear v6.5.0
2026-09-07T06:44:30.6010564Z [sp1] [docker]  [1m[92m   Compiling[0m sec1 v0.7.3
2026-09-07T06:44:31.9081590Z [sp1] [docker]  [1m[92m   Compiling[0m slop-bn254 v6.5.0
2026-09-07T06:44:31.9489534Z [sp1] [docker]  [1m[92m   Compiling[0m hkdf v0.12.4
2026-09-07T06:44:32.2091003Z [sp1] [docker]  [1m[92m   Compiling[0m slop-primitives v6.5.0
2026-09-07T06:44:32.2319533Z [sp1] [docker]  [1m[92m   Compiling[0m group v0.13.0
2026-09-07T06:44:32.2782513Z [sp1] [docker]  [1m[92m   Compiling[0m bincode v1.3.3
2026-09-07T06:44:32.3152296Z [sp1] [docker]  [1m[92m   Compiling[0m crypto-bigint v0.5.5
2026-09-07T06:44:32.4058395Z [sp1] [docker]  [1m[92m   Compiling[0m ident_case v1.0.1
2026-09-07T06:44:32.4536132Z [sp1] [docker]  [1m[92m   Compiling[0m cpufeatures v0.2.17
2026-09-07T06:44:32.4904571Z [sp1] [docker]  [1m[92m   Compiling[0m strsim v0.11.1
2026-09-07T06:44:32.5225574Z [sp1] [docker]  [1m[92m   Compiling[0m hex v0.4.3
2026-09-07T06:44:32.8424079Z [sp1] [docker]  [1m[92m   Compiling[0m rustversion v1.0.23
2026-09-07T06:44:32.8752239Z [sp1] [docker]  [1m[92m   Compiling[0m elf v0.7.4
2026-09-07T06:44:32.8822760Z [sp1] [docker]  [1m[92m   Compiling[0m darling_core v0.23.0
2026-09-07T06:44:33.6021344Z [sp1] [docker]  [1m[92m   Compiling[0m syn-solidity v1.7.1
2026-09-07T06:44:33.8487025Z [sp1] [docker]  [1m[92m   Compiling[0m sp1-primitives v6.3.1
2026-09-07T06:44:35.3177414Z [sp1] [docker]  [1m[92m   Compiling[0m elliptic-curve v0.13.8
2026-09-07T06:44:35.7592091Z [sp1] [docker]  [1m[92m   Compiling[0m macro-string v0.1.4
2026-09-07T06:44:35.8604346Z [sp1] [docker]  [1m[92m   Compiling[0m proc-macro-error-attr2 v2.0.0
2026-09-07T06:44:36.1146689Z [sp1] [docker]  [1m[92m   Compiling[0m hashbrown v0.17.1
2026-09-07T06:44:36.3903867Z [sp1] [docker]  [1m[92m   Compiling[0m dunce v1.0.5
2026-09-07T06:44:36.4435216Z [sp1] [docker]  [1m[92m   Compiling[0m heck v0.5.0
2026-09-07T06:44:36.6691692Z [sp1] [docker]  [1m[92m   Compiling[0m crc-catalog v2.5.0
2026-09-07T06:44:36.7513510Z [sp1] [docker]  [1m[92m   Compiling[0m equivalent v1.0.2
2026-09-07T06:44:36.7538024Z [sp1] [docker]  [1m[92m   Compiling[0m darling_macro v0.23.0
2026-09-07T06:44:36.8008907Z [sp1] [docker]  [1m[92m   Compiling[0m crc v3.4.0
2026-09-07T06:44:36.9542410Z [sp1] [docker]  [1m[92m   Compiling[0m indexmap v2.14.1
2026-09-07T06:44:37.0214220Z [sp1] [docker]  [1m[92m   Compiling[0m alloy-sol-macro-input v1.5.7
2026-09-07T06:44:37.3240203Z [sp1] [docker]  [1m[92m   Compiling[0m proc-macro-error2 v2.0.1
2026-09-07T06:44:37.4057328Z [sp1] [docker]  [1m[92m   Compiling[0m sp1-lib v6.3.1
2026-09-07T06:44:37.9301524Z [sp1] [docker]  [1m[92m   Compiling[0m curve25519-dalek v4.1.3 (https://github.com/sp1-patches/curve25519-dalek?tag=patch-4.1.3-sp1-6.2.0#b251b2a1)
2026-09-07T06:44:38.0763459Z [sp1] [docker]  [1m[92m   Compiling[0m getrandom v0.3.4
2026-09-07T06:44:38.0769479Z [sp1] [docker]  [1m[92m   Compiling[0m libm v0.2.16
2026-09-07T06:44:38.1499823Z [sp1] [docker]  [1m[92m   Compiling[0m smallvec v1.15.2
2026-09-07T06:44:38.2927207Z [sp1] [docker]  [1m[92m   Compiling[0m const-default v1.0.0
2026-09-07T06:44:38.3613982Z [sp1] [docker]  [1m[92m   Compiling[0m rlsf v0.2.3
2026-09-07T06:44:38.3621695Z [sp1] [docker]  [1m[92m   Compiling[0m alloy-sol-macro-expander v1.5.7
2026-09-07T06:44:38.4140877Z [sp1] [docker]  [1m[92m   Compiling[0m nybbles v0.4.8
2026-09-07T06:44:38.7029629Z [sp1] [docker]  [1m[92m   Compiling[0m darling v0.23.0
2026-09-07T06:44:38.7527906Z [sp1] [docker]  [1m[92m   Compiling[0m alloy-eip2124 v0.2.0
2026-09-07T06:44:38.7816887Z [sp1] [docker]  [1m[92m   Compiling[0m alloy-eip7928 v0.3.7
2026-09-07T06:44:38.8246587Z [sp1] [docker]  [1m[92m   Compiling[0m alloy-eip7702 v0.6.3
2026-09-07T06:44:39.2560846Z [sp1] [docker]  [1m[92m   Compiling[0m alloy-eip2930 v0.2.3
2026-09-07T06:44:39.3400296Z [sp1] [docker]  [1m[92m   Compiling[0m auto_impl v1.3.0
2026-09-07T06:44:39.7443904Z [sp1] [docker]  [1m[92m   Compiling[0m critical-section v1.2.0
2026-09-07T06:44:39.8180343Z [sp1] [docker]  [1m[92m   Compiling[0m signature v2.2.0
2026-09-07T06:44:39.8873981Z [sp1] [docker]  [1m[92m   Compiling[0m sp1-zkvm v6.3.1
2026-09-07T06:44:40.0448654Z [sp1] [docker]  [1m[92m   Compiling[0m linked_list_allocator v0.10.6
2026-09-07T06:44:40.2422611Z [sp1] [docker]  [1m[92m   Compiling[0m embedded-alloc v0.6.0
2026-09-07T06:44:40.3965746Z [sp1] [docker]  [1m[92m   Compiling[0m alloy-eips v1.8.3
2026-09-07T06:44:40.4499127Z [sp1] [docker]  [1m[92m   Compiling[0m ed25519 v2.2.3
2026-09-07T06:44:40.6469966Z [sp1] [docker]  [1m[92m   Compiling[0m alloy-tx-macros v1.8.3
2026-09-07T06:44:41.0833151Z [sp1] [docker]  [1m[92m   Compiling[0m alloy-trie v0.9.5
2026-09-07T06:44:42.2803740Z [sp1] [docker]  [1m[92m   Compiling[0m alloy-sol-macro v1.5.7
2026-09-07T06:44:43.0938720Z [sp1] [docker]  [1m[92m   Compiling[0m winnow v0.7.15
2026-09-07T06:44:45.3647554Z [sp1] [docker]  [1m[92m   Compiling[0m half v1.8.3
2026-09-07T06:44:45.5656591Z [sp1] [docker]  [1m[92m   Compiling[0m ed25519-dalek v2.2.0
2026-09-07T06:44:45.8820604Z [sp1] [docker]  [1m[92m   Compiling[0m alloy-sol-type-parser v1.5.7
2026-09-07T06:44:46.0614521Z [sp1] [docker]  [1m[92m   Compiling[0m serde_cbor v0.11.2
2026-09-07T06:44:46.2994198Z [sp1] [docker]  [1m[92m   Compiling[0m alloy-sol-types v1.5.7
2026-09-07T06:44:46.6723090Z [sp1] [docker]  [1m[92m   Compiling[0m alloy-consensus v1.8.3
2026-09-07T06:44:49.0839226Z [sp1] [docker]  [1m[92m   Compiling[0m pfusdc-arc-ingress-program v0.1.0 (/root/program/programs/pfusdc-arc-ingress)
2026-09-07T06:44:55.7438200Z [sp1] [docker]  [1m[92m    Finished[0m `release` profile [optimized] target(s) in 55.81s
2026-09-07T06:44:59.5704579Z cargo:rustc-env=SP1_ELF_pfusdc-arc-ingress-program=/home/runner/work/_temp/arc-proof-identities/src-a/programs/pfusdc-arc-ingress/target/elf-compilation/docker/riscv64im-succinct-zkvm-elf/release/pfusdc-arc-ingress-program
2026-09-07T06:45:01.5301365Z cargo:warning=docker: rustc +succinct --version: "rustc 1.94.0-dev\n"
2026-09-07T06:45:03.8317349Z cargo:warning=docker: rustc_bin: "/root/.sp1/toolchains/g7wv95WZT7/bin/rustc"
2026-09-07T06:45:03.9842490Z [sp1] [docker]  info: `cargo` is unavailable for the active toolchain
2026-09-07T06:45:03.9843611Z [sp1] [docker]  info: falling back to "/root/.rustup/toolchains/stable-x86_64-unknown-linux-gnu/bin/cargo"
2026-09-07T06:45:04.0778396Z [sp1] [docker]  [1m[92m    Updating[0m git repository `https://github.com/sp1-patches/bls12_381`
2026-09-07T06:45:04.3516523Z [sp1] [docker]  [1m[92m    Updating[0m git repository `https://github.com/sp1-patches/RustCrypto-hashes`
2026-09-07T06:45:04.6677757Z [sp1] [docker]  [1m[92m    Updating[0m git repository `https://github.com/sp1-patches/RustCrypto-hashes`
2026-09-07T06:45:04.9462596Z [sp1] [docker]  [1m[92m    Updating[0m git repository `https://github.com/sp1-patches/RustCrypto-hashes`
2026-09-07T06:45:05.2342534Z [sp1] [docker]  [1m[92m    Updating[0m crates.io index
2026-09-07T06:45:05.7983419Z [sp1] [docker]  [1m[33mwarning[0m: patch `sha2 v0.9.9 (https://github.com/sp1-patches/RustCrypto-hashes?tag=patch-sha2-0.9.9-sp1-6.0.0#1b29839d)` was not used in the crate graph
2026-09-07T06:45:05.7984107Z [sp1] [docker]    [1m[94m|[0m
2026-09-07T06:45:05.7984618Z [sp1] [docker]    [1m[94m= [0m[1mhelp[0m: perhaps you meant one of the following:
2026-09-07T06:45:05.7985194Z [sp1] [docker]            	https://github.com/sp1-patches/RustCrypto-hashes
2026-09-07T06:45:05.7986280Z [sp1] [docker]  [1m[33mwarning[0m: patch `bls12_381 v0.8.0 (https://github.com/sp1-patches/bls12_381?tag=patch-0.8.0-sp1-6.0.0-v2#7726731d)` was not used in the crate graph
2026-09-07T06:45:05.7987737Z [sp1] [docker]  [1m[33mwarning[0m: patch `tiny-keccak v2.0.2 (https://github.com/sp1-patches/tiny-keccak?tag=patch-2.0.2-sp1-6.0.0#957430a4)` was not used in the crate graph
2026-09-07T06:45:05.7988969Z [sp1] [docker]  [1m[96mhelp[0m: Check that the patched package version and available features are compatible
2026-09-07T06:45:05.7989773Z [sp1] [docker]        with the dependency requirements. If the patch has a different version from
2026-09-07T06:45:05.8013100Z [sp1] [docker]        what is locked in the Cargo.lock file, run `cargo update` to use the new
2026-09-07T06:45:05.8013541Z [sp1] [docker]        version. This may also occur with an optional dependency that is not enabled.
2026-09-07T06:45:06.4339543Z [sp1] [docker]  [1m[92m Downloading[0m crates ...
2026-09-07T06:45:06.5813875Z [sp1] [docker]  [1m[92m  Downloaded[0m generic-array v0.14.7
2026-09-07T06:45:06.5830685Z [sp1] [docker]  [1m[92m  Downloaded[0m serde_json v1.0.150
2026-09-07T06:45:06.5900105Z [sp1] [docker]  [1m[92m  Downloaded[0m slop-poseidon2 v6.3.1
2026-09-07T06:45:06.5906929Z [sp1] [docker]  [1m[92m  Downloaded[0m crypto-common v0.1.7
2026-09-07T06:45:06.5919075Z [sp1] [docker]  [1m[92m  Downloaded[0m slop-primitives v6.3.1
2026-09-07T06:45:06.5925910Z [sp1] [docker]  [1m[92m  Downloaded[0m slop-koala-bear v6.3.1
2026-09-07T06:45:06.5935643Z [sp1] [docker]  [1m[92m  Downloaded[0m slop-symmetric v6.3.1
2026-09-07T06:45:06.5943190Z [sp1] [docker]  [1m[92m  Downloaded[0m quote v1.0.46
2026-09-07T06:45:06.5971100Z [sp1] [docker]  [1m[92m  Downloaded[0m either v1.16.0
2026-09-07T06:45:06.5985516Z [sp1] [docker]  [1m[92m  Downloaded[0m block-buffer v0.12.1
2026-09-07T06:45:06.5998383Z [sp1] [docker]  [1m[92m  Downloaded[0m slop-algebra v6.3.1
2026-09-07T06:45:06.6006872Z [sp1] [docker]  [1m[92m  Downloaded[0m keccak v0.2.0
2026-09-07T06:45:06.6023612Z [sp1] [docker]  [1m[92m  Downloaded[0m rand v0.8.7
2026-09-07T06:45:06.6053177Z [sp1] [docker]  [1m[92m  Downloaded[0m digest v0.11.3
2026-09-07T06:45:06.6074465Z [sp1] [docker]  [1m[92m  Downloaded[0m crypto-common v0.2.2
2026-09-07T06:45:06.6085635Z [sp1] [docker]  [1m[92m  Downloaded[0m slop-challenger v6.3.1
2026-09-07T06:45:06.6094397Z [sp1] [docker]  [1m[92m  Downloaded[0m slop-bn254 v6.3.1
2026-09-07T06:45:06.6103414Z [sp1] [docker]  [1m[92m  Downloaded[0m zerocopy v0.8.54
2026-09-07T06:45:06.6295948Z [sp1] [docker]  [1m[92m  Downloaded[0m hybrid-array v0.4.13
2026-09-07T06:45:06.6315003Z [sp1] [docker]  [1m[92m  Downloaded[0m cc v1.2.67
2026-09-07T06:45:06.6343448Z [sp1] [docker]  [1m[92m  Downloaded[0m sha3 v0.11.0
2026-09-07T06:45:07.1064332Z [sp1] [docker]  [1m[92m   Compiling[0m proc-macro2 v1.0.106
2026-09-07T06:45:07.1065043Z [sp1] [docker]  [1m[92m   Compiling[0m quote v1.0.46
2026-09-07T06:45:07.1065810Z [sp1] [docker]  [1m[92m   Compiling[0m unicode-ident v1.0.24
2026-09-07T06:45:07.1066198Z [sp1] [docker]  [1m[92m   Compiling[0m cfg-if v1.0.4
2026-09-07T06:45:07.1494249Z [sp1] [docker]  [1m[92m   Compiling[0m autocfg v1.5.1
2026-09-07T06:45:07.1811263Z [sp1] [docker]  [1m[92m   Compiling[0m serde_core v1.0.228
2026-09-07T06:45:07.2826278Z [sp1] [docker]  [1m[92m   Compiling[0m getrandom v0.2.17
2026-09-07T06:45:07.3989763Z [sp1] [docker]  [1m[92m   Compiling[0m serde v1.0.228
2026-09-07T06:45:07.5667260Z [sp1] [docker]  [1m[92m   Compiling[0m rand_core v0.6.4
2026-09-07T06:45:07.6095341Z [sp1] [docker]  [1m[92m   Compiling[0m zerocopy v0.8.54
2026-09-07T06:45:07.7929105Z [sp1] [docker]  [1m[92m   Compiling[0m num-traits v0.2.19
2026-09-07T06:45:08.1655025Z [sp1] [docker]  [1m[92m   Compiling[0m syn v2.0.119
2026-09-07T06:45:09.4349297Z [sp1] [docker]  [1m[92m   Compiling[0m either v1.16.0
2026-09-07T06:45:09.6876814Z [sp1] [docker]  [1m[92m   Compiling[0m typenum v1.20.1
2026-09-07T06:45:10.7737838Z [sp1] [docker]  [1m[92m   Compiling[0m num-integer v0.1.46
2026-09-07T06:45:11.0481898Z [sp1] [docker]  [1m[92m   Compiling[0m itertools v0.12.1
2026-09-07T06:45:11.4143595Z [sp1] [docker]  [1m[92m   Compiling[0m num-bigint v0.4.8
2026-09-07T06:45:13.2990760Z [sp1] [docker]  [1m[92m   Compiling[0m pin-project-lite v0.2.17
2026-09-07T06:45:13.3506659Z [sp1] [docker]  [1m[92m   Compiling[0m version_check v0.9.5
2026-09-07T06:45:13.5581205Z [sp1] [docker]  [1m[92m   Compiling[0m ppv-lite86 v0.2.21
2026-09-07T06:45:13.6334796Z [sp1] [docker]  [1m[92m   Compiling[0m generic-array v0.14.7
2026-09-07T06:45:13.7604737Z [sp1] [docker]  [1m[92m   Compiling[0m once_cell v1.21.4
2026-09-07T06:45:13.8760649Z [sp1] [docker]  [1m[92m   Compiling[0m rand_chacha v0.3.1
2026-09-07T06:45:13.9842322Z [sp1] [docker]  [1m[92m   Compiling[0m tracing-core v0.1.36
2026-09-07T06:45:14.9237409Z [sp1] [docker]  [1m[92m   Compiling[0m serde_derive v1.0.228
2026-09-07T06:45:15.2529221Z [sp1] [docker]  [1m[92m   Compiling[0m rand v0.8.7
2026-09-07T06:45:15.8618823Z [sp1] [docker]  [1m[92m   Compiling[0m tracing-attributes v0.1.31
2026-09-07T06:45:17.0148815Z [sp1] [docker]  [1m[92m   Compiling[0m memchr v2.8.3
2026-09-07T06:45:17.2658128Z [sp1] [docker]  [1m[92m   Compiling[0m p3-maybe-rayon v0.4.3-succinct
2026-09-07T06:45:17.3116909Z [sp1] [docker]  [1m[92m   Compiling[0m tracing v0.1.44
2026-09-07T06:45:17.3341844Z [sp1] [docker]  [1m[92m   Compiling[0m block-buffer v0.10.4
2026-09-07T06:45:17.4444563Z [sp1] [docker]  [1m[92m   Compiling[0m crypto-common v0.1.7
2026-09-07T06:45:17.5307257Z [sp1] [docker]  [1m[92m   Compiling[0m digest v0.10.7
2026-09-07T06:45:17.7354152Z [sp1] [docker]  [1m[92m   Compiling[0m syn v1.0.109
2026-09-07T06:45:17.7601927Z [sp1] [docker]  [1m[92m   Compiling[0m sha2 v0.10.9 (https://github.com/sp1-patches/RustCrypto-hashes?tag=patch-sha2-0.10.9-sp1-6.0.0#e48b656e)
2026-09-07T06:45:18.6917082Z [sp1] [docker]  [1m[92m   Compiling[0m hybrid-array v0.4.13
2026-09-07T06:45:18.8197755Z [sp1] [docker]  [1m[92m   Compiling[0m num-bigint v0.3.3
2026-09-07T06:45:18.9896798Z [sp1] [docker]  [1m[92m   Compiling[0m futures-core v0.3.32
2026-09-07T06:45:19.1044531Z [sp1] [docker]  [1m[92m   Compiling[0m futures-sink v0.3.32
2026-09-07T06:45:19.1799604Z [sp1] [docker]  [1m[92m   Compiling[0m futures-channel v0.3.32
2026-09-07T06:45:19.6104313Z [sp1] [docker]  [1m[92m   Compiling[0m futures-macro v0.3.32
2026-09-07T06:45:19.7460932Z [sp1] [docker]  [1m[92m   Compiling[0m p3-util v0.4.3-succinct
2026-09-07T06:45:19.8249638Z [sp1] [docker]  [1m[92m   Compiling[0m futures-task v0.3.32
2026-09-07T06:45:19.8577382Z [sp1] [docker]  [1m[92m   Compiling[0m p3-field v0.4.3-succinct
2026-09-07T06:45:19.9950719Z [sp1] [docker]  [1m[92m   Compiling[0m gcd v2.3.0
2026-09-07T06:45:20.1481232Z [sp1] [docker]  [1m[92m   Compiling[0m radium v0.7.0
2026-09-07T06:45:20.3117185Z [sp1] [docker]  [1m[92m   Compiling[0m slab v0.4.12
2026-09-07T06:45:20.3535676Z [sp1] [docker]  [1m[92m   Compiling[0m p3-symmetric v0.4.3-succinct
2026-09-07T06:45:20.4194230Z [sp1] [docker]  [1m[92m   Compiling[0m p3-matrix v0.4.3-succinct
2026-09-07T06:45:20.4751154Z [sp1] [docker]  [1m[92m   Compiling[0m futures-io v0.3.32
2026-09-07T06:45:20.6335232Z [sp1] [docker]  [1m[92m   Compiling[0m futures-util v0.3.32
2026-09-07T06:45:20.7685788Z [sp1] [docker]  [1m[92m   Compiling[0m p3-dft v0.4.3-succinct
2026-09-07T06:45:21.0019292Z [sp1] [docker]  [1m[92m   Compiling[0m p3-mds v0.4.3-succinct
2026-09-07T06:45:21.1980613Z [sp1] [docker]  [1m[92m   Compiling[0m p3-poseidon2 v0.4.3-succinct
2026-09-07T06:45:21.4174550Z [sp1] [docker]  [1m[92m   Compiling[0m block-buffer v0.12.1
2026-09-07T06:45:21.5731967Z [sp1] [docker]  [1m[92m   Compiling[0m crypto-common v0.2.2
2026-09-07T06:45:22.3418559Z [sp1] [docker]  [1m[92m   Compiling[0m itertools v0.14.0
2026-09-07T06:45:23.1401548Z [sp1] [docker]  [1m[92m   Compiling[0m const-oid v0.10.2
2026-09-07T06:45:23.4526748Z [sp1] [docker]  [1m[92m   Compiling[0m zmij v1.0.23
2026-09-07T06:45:23.5443184Z [sp1] [docker]  [1m[92m   Compiling[0m semver v1.0.28
2026-09-07T06:45:23.6195397Z [sp1] [docker]  [1m[92m   Compiling[0m tap v1.0.1
2026-09-07T06:45:23.7031680Z [sp1] [docker]  [1m[92m   Compiling[0m wyz v0.5.1
2026-09-07T06:45:23.8921711Z [sp1] [docker]  [1m[92m   Compiling[0m rustc_version v0.4.1
2026-09-07T06:45:23.9559769Z [sp1] [docker]  [1m[92m   Compiling[0m digest v0.11.3
2026-09-07T06:45:24.1159526Z [sp1] [docker]  [1m[92m   Compiling[0m addchain v0.2.1
2026-09-07T06:45:24.2643422Z [sp1] [docker]  [1m[92m   Compiling[0m zeroize_derive v1.5.0
2026-09-07T06:45:24.4506921Z [sp1] [docker]  [1m[92m   Compiling[0m keccak v0.2.0
2026-09-07T06:45:24.6070567Z [sp1] [docker]  [1m[92m   Compiling[0m slop-algebra v6.3.1
2026-09-07T06:45:24.7508040Z [sp1] [docker]  [1m[92m   Compiling[0m futures-executor v0.3.32
2026-09-07T06:45:24.7977586Z [sp1] [docker]  [1m[92m   Compiling[0m find-msvc-tools v0.1.9
2026-09-07T06:45:24.8304744Z [sp1] [docker]  [1m[92m   Compiling[0m serde_json v1.0.150
2026-09-07T06:45:24.8391031Z [sp1] [docker]  [1m[92m   Compiling[0m funty v2.0.0
2026-09-07T06:45:24.9381676Z [sp1] [docker]  [1m[92m   Compiling[0m keccak v0.1.6
2026-09-07T06:45:25.0296573Z [sp1] [docker]  [1m[92m   Compiling[0m shlex v2.0.1
2026-09-07T06:45:25.1714562Z [sp1] [docker]  [1m[92m   Compiling[0m cc v1.2.67
2026-09-07T06:45:25.1891095Z [sp1] [docker]  [1m[92m   Compiling[0m sha3 v0.10.8 (https://github.com/sp1-patches/RustCrypto-hashes?tag=patch-sha3-0.10.8-sp1-6.0.0#0a16ae7a)
2026-09-07T06:45:25.2696109Z [sp1] [docker]  [1m[92m   Compiling[0m futures v0.3.32
2026-09-07T06:45:25.3147133Z [sp1] [docker]  [1m[92m   Compiling[0m zeroize v1.9.0
2026-09-07T06:45:25.4661739Z [sp1] [docker]  [1m[92m   Compiling[0m sha3 v0.11.0
2026-09-07T06:45:25.6609861Z [sp1] [docker]  [1m[92m   Compiling[0m bitvec v1.1.1
2026-09-07T06:45:26.0058477Z [sp1] [docker]  [1m[92m   Compiling[0m ff_derive v0.13.1
2026-09-07T06:45:26.2768874Z [sp1] [docker]  [1m[92m   Compiling[0m p3-koala-bear v0.4.3-succinct
2026-09-07T06:45:26.7644482Z [sp1] [docker]  [1m[92m   Compiling[0m slop-symmetric v6.3.1
2026-09-07T06:45:26.8046778Z [sp1] [docker]  [1m[92m   Compiling[0m p3-challenger v0.4.3-succinct
2026-09-07T06:45:26.9892331Z [sp1] [docker]  [1m[92m   Compiling[0m half v1.8.3
2026-09-07T06:45:27.1243221Z [sp1] [docker]  [1m[92m   Compiling[0m itoa v1.0.18
2026-09-07T06:45:27.2283705Z [sp1] [docker]  [1m[92m   Compiling[0m subtle v2.6.1
2026-09-07T06:45:27.3681043Z [sp1] [docker]  [1m[92m   Compiling[0m byteorder v1.5.0
2026-09-07T06:45:27.4651255Z [sp1] [docker]  [1m[92m   Compiling[0m serde_cbor v0.11.2
2026-09-07T06:45:27.5824534Z [sp1] [docker]  [1m[92m   Compiling[0m slop-challenger v6.3.1
2026-09-07T06:45:27.6639186Z [sp1] [docker]  [1m[92m   Compiling[0m blake3 v1.8.5
2026-09-07T06:45:27.9298393Z [sp1] [docker]  [1m[92m   Compiling[0m fips204 v0.4.6 (/root/program/third_party/fips204)
2026-09-07T06:45:28.7275188Z [sp1] [docker]  [1m[92m   Compiling[0m ff v0.13.1
2026-09-07T06:45:28.7374752Z [sp1] [docker]  [1m[92m   Compiling[0m slop-poseidon2 v6.3.1
2026-09-07T06:45:28.7837581Z [sp1] [docker]  [1m[92m   Compiling[0m rustversion v1.0.23
2026-09-07T06:45:28.8700542Z [sp1] [docker]  [1m[92m   Compiling[0m p3-bn254-fr v0.4.3-succinct
2026-09-07T06:45:29.0533982Z [sp1] [docker]  [1m[92m   Compiling[0m postfiat-crypto-provider v0.1.0 (/root/program/crates/crypto_provider)
2026-09-07T06:45:30.6364573Z [sp1] [docker]  [1m[92m   Compiling[0m postfiat-types v0.1.0 (/root/program/crates/types)
2026-09-07T06:45:31.5610136Z [sp1] [docker]  [1m[92m   Compiling[0m arrayvec v0.7.8
2026-09-07T06:45:31.6560636Z [sp1] [docker]  [1m[92m   Compiling[0m base64 v0.13.1
2026-09-07T06:45:31.8288717Z [sp1] [docker]  [1m[92m   Compiling[0m lazy_static v1.5.0
2026-09-07T06:45:31.8800606Z [sp1] [docker]  [1m[92m   Compiling[0m unicode-width v0.1.14
2026-09-07T06:45:31.9447574Z [sp1] [docker]  [1m[92m   Compiling[0m arrayref v0.3.9
2026-09-07T06:45:31.9854919Z [sp1] [docker]  [1m[92m   Compiling[0m constant_time_eq v0.4.2
2026-09-07T06:45:32.1258165Z [sp1] [docker]  [1m[92m   Compiling[0m svgbobdoc v0.3.0
2026-09-07T06:45:32.4930119Z [sp1] [docker]  [1m[92m   Compiling[0m slop-koala-bear v6.3.1
2026-09-07T06:45:33.0675415Z [sp1] [docker]  [1m[92m   Compiling[0m slop-bn254 v6.3.1
2026-09-07T06:45:33.7630010Z [sp1] [docker]  [1m[92m   Compiling[0m slop-primitives v6.3.1
2026-09-07T06:45:33.8325646Z [sp1] [docker]  [1m[92m   Compiling[0m bincode v1.3.3
2026-09-07T06:45:33.9009050Z [sp1] [docker]  [1m[92m   Compiling[0m libm v0.2.16
2026-09-07T06:45:34.1193890Z [sp1] [docker]  [1m[92m   Compiling[0m elf v0.7.4
2026-09-07T06:45:34.4147843Z [sp1] [docker]  [1m[92m   Compiling[0m const-default v1.0.0
2026-09-07T06:45:34.4859994Z [sp1] [docker]  [1m[92m   Compiling[0m getrandom v0.3.4
2026-09-07T06:45:34.6963294Z [sp1] [docker]  [1m[92m   Compiling[0m hex v0.4.3
2026-09-07T06:45:35.0348152Z [sp1] [docker]  [1m[92m   Compiling[0m sp1-primitives v6.3.1
2026-09-07T06:45:35.0705663Z [sp1] [docker]  [1m[92m   Compiling[0m rlsf v0.2.2
2026-09-07T06:45:35.4161246Z [sp1] [docker]  [1m[92m   Compiling[0m sp1-zkvm v6.3.1
2026-09-07T06:45:35.5547167Z [sp1] [docker]  [1m[92m   Compiling[0m critical-section v1.2.0
2026-09-07T06:45:35.6208543Z [sp1] [docker]  [1m[92m   Compiling[0m linked_list_allocator v0.10.6
2026-09-07T06:45:35.8142462Z [sp1] [docker]  [1m[92m   Compiling[0m embedded-alloc v0.6.0
2026-09-07T06:45:35.9829762Z [sp1] [docker]  [1m[92m   Compiling[0m sp1-lib v6.3.1
2026-09-07T06:45:51.0730359Z [sp1] [docker]  [1m[92m   Compiling[0m postfiat-mempool-dag v0.1.0 (/root/program/crates/mempool_dag)
2026-09-07T06:45:51.0731329Z [sp1] [docker]  [1m[92m   Compiling[0m postfiat-consensus-cobalt v0.1.0 (/root/program/crates/consensus_cobalt)
2026-09-07T06:45:55.3989275Z [sp1] [docker]  [1m[92m   Compiling[0m postfiat-ordering-fast v0.1.0 (/root/program/crates/ordering_fast)
2026-09-07T06:45:56.7562232Z [sp1] [docker]  [1m[92m   Compiling[0m postfiat-pfusdc-proofs v0.1.0 (/root/program/crates/pfusdc_proofs)
2026-09-07T06:46:08.6799886Z [sp1] [docker]  [1m[92m   Compiling[0m pfusdc-egress-program v0.1.0 (/root/program/programs/pfusdc-egress)
2026-09-07T06:46:32.0024590Z [sp1] [docker]  [1m[92m    Finished[0m `release` profile [optimized] target(s) in 1m 28s
2026-09-07T06:46:32.5666884Z cargo:rustc-env=SP1_ELF_pfusdc-egress-program=/home/runner/work/_temp/arc-proof-identities/src-a/programs/pfusdc-egress/target/elf-compilation/docker/riscv64im-succinct-zkvm-elf/release/pfusdc-egress-program
2026-09-07T06:46:33.0405350Z cargo:warning=docker: rustc +succinct --version: "rustc 1.94.0-dev\n"
2026-09-07T06:46:35.3537149Z cargo:warning=docker: rustc_bin: "/root/.sp1/toolchains/g7wv95WZT7/bin/rustc"
2026-09-07T06:46:35.5398933Z [sp1] [docker]  info: `cargo` is unavailable for the active toolchain
2026-09-07T06:46:35.5399721Z [sp1] [docker]  info: falling back to "/root/.rustup/toolchains/stable-x86_64-unknown-linux-gnu/bin/cargo"
2026-09-07T06:46:35.6008316Z [sp1] [docker]  [1m[92m    Updating[0m git repository `https://github.com/sp1-patches/RustCrypto-hashes`
2026-09-07T06:46:35.8913665Z [sp1] [docker]  [1m[92m    Updating[0m git repository `https://github.com/sp1-patches/RustCrypto-hashes`
2026-09-07T06:46:36.1978433Z [sp1] [docker]  [1m[33mwarning[0m: patch `tiny-keccak v2.0.2 (https://github.com/sp1-patches/tiny-keccak?tag=patch-2.0.2-sp1-6.0.0#957430a4)` was not used in the crate graph
2026-09-07T06:46:36.1979763Z [sp1] [docker]  [1m[96mhelp[0m: Check that the patched package version and available features are compatible
2026-09-07T06:46:36.1980329Z [sp1] [docker]        with the dependency requirements. If the patch has a different version from
2026-09-07T06:46:36.1980798Z [sp1] [docker]        what is locked in the Cargo.lock file, run `cargo update` to use the new
2026-09-07T06:46:36.1981261Z [sp1] [docker]        version. This may also occur with an optional dependency that is not enabled.
2026-09-07T06:46:36.7551912Z [sp1] [docker]  [1m[92m   Compiling[0m proc-macro2 v1.0.107
2026-09-07T06:46:36.7552454Z [sp1] [docker]  [1m[92m   Compiling[0m unicode-ident v1.0.24
2026-09-07T06:46:36.7553046Z [sp1] [docker]  [1m[92m   Compiling[0m quote v1.0.47
2026-09-07T06:46:36.7553502Z [sp1] [docker]  [1m[92m   Compiling[0m cfg-if v1.0.4
2026-09-07T06:46:36.7926990Z [sp1] [docker]  [1m[92m   Compiling[0m serde_core v1.0.229
2026-09-07T06:46:36.8370904Z [sp1] [docker]  [1m[92m   Compiling[0m serde v1.0.229
2026-09-07T06:46:36.9651826Z [sp1] [docker]  [1m[92m   Compiling[0m autocfg v1.5.1
2026-09-07T06:46:37.0387660Z [sp1] [docker]  [1m[92m   Compiling[0m version_check v0.9.5
2026-09-07T06:46:37.3492654Z [sp1] [docker]  [1m[92m   Compiling[0m getrandom v0.2.17
2026-09-07T06:46:37.3785931Z [sp1] [docker]  [1m[92m   Compiling[0m generic-array v0.14.9
2026-09-07T06:46:37.4678331Z [sp1] [docker]  [1m[92m   Compiling[0m rand_core v0.6.4
2026-09-07T06:46:37.4754559Z [sp1] [docker]  [1m[92m   Compiling[0m zeroize v1.9.0
2026-09-07T06:46:37.6999537Z [sp1] [docker]  [1m[92m   Compiling[0m subtle v2.6.1
2026-09-07T06:46:37.8105635Z [sp1] [docker]  [1m[92m   Compiling[0m zerocopy v0.8.56
2026-09-07T06:46:37.8528807Z [sp1] [docker]  [1m[92m   Compiling[0m syn v3.0.4
2026-09-07T06:46:37.9370422Z [sp1] [docker]  [1m[92m   Compiling[0m syn v2.0.119
2026-09-07T06:46:38.2009837Z [sp1] [docker]  [1m[92m   Compiling[0m num-traits v0.2.19
2026-09-07T06:46:38.2951865Z [sp1] [docker]  [1m[92m   Compiling[0m typenum v1.20.1
2026-09-07T06:46:39.3762210Z [sp1] [docker]  [1m[92m   Compiling[0m either v1.18.0
2026-09-07T06:46:41.7754047Z [sp1] [docker]  [1m[92m   Compiling[0m num-integer v0.1.47
2026-09-07T06:46:42.4710032Z [sp1] [docker]  [1m[92m   Compiling[0m pin-project-lite v0.2.17
2026-09-07T06:46:42.5281979Z [sp1] [docker]  [1m[92m   Compiling[0m once_cell v1.21.4
2026-09-07T06:46:42.7744706Z [sp1] [docker]  [1m[92m   Compiling[0m num-bigint v0.4.8
2026-09-07T06:46:43.0131452Z [sp1] [docker]  [1m[92m   Compiling[0m serde_derive v1.0.229
2026-09-07T06:46:45.0719505Z [sp1] [docker]  [1m[92m   Compiling[0m itertools v0.12.1
2026-09-07T06:46:46.2017863Z [sp1] [docker]  [1m[92m   Compiling[0m ppv-lite86 v0.2.21
2026-09-07T06:46:46.5270554Z [sp1] [docker]  [1m[92m   Compiling[0m rand_chacha v0.3.1
2026-09-07T06:46:47.4372427Z [sp1] [docker]  [1m[92m   Compiling[0m rand v0.8.8
2026-09-07T06:46:47.8245802Z [sp1] [docker]  [1m[92m   Compiling[0m p3-util v0.4.3-succinct
2026-09-07T06:46:47.9369091Z [sp1] [docker]  [1m[92m   Compiling[0m block-buffer v0.10.4
2026-09-07T06:46:48.0495347Z [sp1] [docker]  [1m[92m   Compiling[0m crypto-common v0.1.6
2026-09-07T06:46:48.1382035Z [sp1] [docker]  [1m[92m   Compiling[0m p3-field v0.4.3-succinct
2026-09-07T06:46:48.4629257Z [sp1] [docker]  [1m[92m   Compiling[0m digest v0.10.7
2026-09-07T06:46:48.4973691Z [sp1] [docker]  [1m[92m   Compiling[0m tracing-attributes v0.1.31
2026-09-07T06:46:48.5867457Z [sp1] [docker]  [1m[92m   Compiling[0m tracing-core v0.1.36
2026-09-07T06:46:48.6230893Z [sp1] [docker]  [1m[92m   Compiling[0m arrayvec v0.7.8
2026-09-07T06:46:48.7975832Z [sp1] [docker]  [1m[92m   Compiling[0m p3-maybe-rayon v0.4.3-succinct
2026-09-07T06:46:48.9037737Z [sp1] [docker]  [1m[92m   Compiling[0m p3-symmetric v0.4.3-succinct
2026-09-07T06:46:48.9551900Z [sp1] [docker]  [1m[92m   Compiling[0m paste v1.0.15
2026-09-07T06:46:49.1430393Z [sp1] [docker]  [1m[92m   Compiling[0m num-bigint v0.3.3
2026-09-07T06:46:49.8635490Z [sp1] [docker]  [1m[92m   Compiling[0m radium v0.7.0
2026-09-07T06:46:49.9018684Z [sp1] [docker]  [1m[92m   Compiling[0m syn v1.0.109
2026-09-07T06:46:49.9214513Z [sp1] [docker]  [1m[92m   Compiling[0m tracing v0.1.44
2026-09-07T06:46:50.0660792Z [sp1] [docker]  [1m[92m   Compiling[0m bytes v1.12.1
2026-09-07T06:46:50.1196264Z [sp1] [docker]  [1m[92m   Compiling[0m p3-matrix v0.4.3-succinct
2026-09-07T06:46:50.2627721Z [sp1] [docker]  [1m[92m   Compiling[0m alloy-rlp-derive v0.3.16
2026-09-07T06:46:50.4953817Z [sp1] [docker]  [1m[92m   Compiling[0m p3-dft v0.4.3-succinct
2026-09-07T06:46:50.7497958Z [sp1] [docker]  [1m[92m   Compiling[0m tap v1.0.1
2026-09-07T06:46:50.8303606Z [sp1] [docker]  [1m[92m   Compiling[0m futures-sink v0.3.34
2026-09-07T06:46:50.8937047Z [sp1] [docker]  [1m[92m   Compiling[0m futures-core v0.3.34
2026-09-07T06:46:50.9302963Z [sp1] [docker]  [1m[92m   Compiling[0m unicode-segmentation v1.13.3
2026-09-07T06:46:51.0104329Z [sp1] [docker]  [1m[92m   Compiling[0m semver v1.0.28
2026-09-07T06:46:51.3526624Z [sp1] [docker]  [1m[92m   Compiling[0m rustc_version v0.4.1
2026-09-07T06:46:51.3569279Z [sp1] [docker]  [1m[92m   Compiling[0m futures-channel v0.3.34
2026-09-07T06:46:51.5118445Z [sp1] [docker]  [1m[92m   Compiling[0m convert_case v0.10.0
2026-09-07T06:46:51.6342095Z [sp1] [docker]  [1m[92m   Compiling[0m alloy-rlp v0.3.12
2026-09-07T06:46:51.7131181Z [sp1] [docker]  [1m[92m   Compiling[0m wyz v0.5.1
2026-09-07T06:46:51.8396300Z [sp1] [docker]  [1m[92m   Compiling[0m p3-mds v0.4.3-succinct
2026-09-07T06:46:52.0313312Z [sp1] [docker]  [1m[92m   Compiling[0m futures-macro v0.3.34
2026-09-07T06:46:52.2178101Z [sp1] [docker]  [1m[92m   Compiling[0m addchain v0.2.1
2026-09-07T06:46:52.3495474Z [sp1] [docker]  [1m[92m   Compiling[0m ruint-macro v1.2.1
2026-09-07T06:46:52.3617800Z [sp1] [docker]  [1m[92m   Compiling[0m futures-io v0.3.34
2026-09-07T06:46:52.5196582Z [sp1] [docker]  [1m[92m   Compiling[0m unicode-xid v0.2.6
2026-09-07T06:46:52.5954298Z [sp1] [docker]  [1m[92m   Compiling[0m futures-task v0.3.34
2026-09-07T06:46:52.6344859Z [sp1] [docker]  [1m[92m   Compiling[0m memchr v2.8.3
2026-09-07T06:46:52.7347989Z [sp1] [docker]  [1m[92m   Compiling[0m funty v2.0.0
2026-09-07T06:46:52.8941411Z [sp1] [docker]  [1m[92m   Compiling[0m slab v0.4.12
2026-09-07T06:46:53.0813406Z [sp1] [docker]  [1m[92m   Compiling[0m gcd v2.3.0
2026-09-07T06:46:53.2393042Z [sp1] [docker]  [1m[92m   Compiling[0m p3-poseidon2 v0.4.3-succinct
2026-09-07T06:46:53.4560367Z [sp1] [docker]  [1m[92m   Compiling[0m bitvec v1.1.1
2026-09-07T06:46:53.4630957Z [sp1] [docker]  [1m[92m   Compiling[0m futures-util v0.3.34
2026-09-07T06:46:54.1670311Z [sp1] [docker]  [1m[92m   Compiling[0m ruint v1.20.0
2026-09-07T06:46:55.1908946Z [sp1] [docker]  [1m[92m   Compiling[0m derive_more-impl v2.1.1
2026-09-07T06:46:56.6070832Z [sp1] [docker]  [1m[92m   Compiling[0m itertools v0.14.0
2026-09-07T06:46:57.0318484Z [sp1] [docker]  [1m[92m   Compiling[0m ff_derive v0.13.1
2026-09-07T06:46:57.7305907Z [sp1] [docker]  [1m[92m   Compiling[0m foldhash v0.2.0
2026-09-07T06:46:57.9587229Z [sp1] [docker]  [1m[92m   Compiling[0m keccak v0.1.6
2026-09-07T06:46:58.2625344Z [sp1] [docker]  [1m[92m   Compiling[0m byteorder v1.5.0
2026-09-07T06:46:58.2794354Z [sp1] [docker]  [1m[92m   Compiling[0m sha3 v0.10.8 (https://github.com/sp1-patches/RustCrypto-hashes?tag=patch-sha3-0.10.8-sp1-6.0.0#0a16ae7a)
2026-09-07T06:46:58.4646254Z [sp1] [docker]  [1m[92m   Compiling[0m ff v0.13.1
2026-09-07T06:46:58.6011323Z [sp1] [docker]  [1m[92m   Compiling[0m hashbrown v0.16.1
2026-09-07T06:46:58.7823707Z [sp1] [docker]  [1m[92m   Compiling[0m futures-executor v0.3.34
2026-09-07T06:46:58.9965011Z [sp1] [docker]  [1m[92m   Compiling[0m slop-algebra v6.5.0
2026-09-07T06:46:59.2084337Z [sp1] [docker]  [1m[92m   Compiling[0m const-hex v1.19.1
2026-09-07T06:46:59.3274556Z [sp1] [docker]  [1m[92m   Compiling[0m itoa v1.0.18
2026-09-07T06:46:59.5024407Z [sp1] [docker]  [1m[92m   Compiling[0m shlex v2.0.1
2026-09-07T06:46:59.5974991Z [sp1] [docker]  [1m[92m   Compiling[0m find-msvc-tools v0.1.11
2026-09-07T06:46:59.6017156Z [sp1] [docker]  [1m[92m   Compiling[0m rustc-hash v2.1.3
2026-09-07T06:46:59.6777782Z [sp1] [docker]  [1m[92m   Compiling[0m futures v0.3.34
2026-09-07T06:46:59.7173806Z [sp1] [docker]  [1m[92m   Compiling[0m p3-koala-bear v0.4.3-succinct
2026-09-07T06:46:59.7234660Z [sp1] [docker]  [1m[92m   Compiling[0m p3-challenger v0.4.3-succinct
2026-09-07T06:46:59.8162091Z [sp1] [docker]  [1m[92m   Compiling[0m cc v1.4.4
2026-09-07T06:46:59.8223382Z [sp1] [docker]  [1m[92m   Compiling[0m slop-symmetric v6.5.0
2026-09-07T06:47:00.1090225Z [sp1] [docker]  [1m[92m   Compiling[0m thiserror v2.0.20
2026-09-07T06:47:00.3858858Z [sp1] [docker]  [1m[92m   Compiling[0m derive_more v2.1.1
2026-09-07T06:47:00.4314575Z [sp1] [docker]  [1m[92m   Compiling[0m slop-challenger v6.5.0
2026-09-07T06:47:00.5054426Z [sp1] [docker]  [1m[92m   Compiling[0m alloy-primitives v1.5.7
2026-09-07T06:47:00.5444535Z [sp1] [docker]  [1m[92m   Compiling[0m slop-poseidon2 v6.5.0
2026-09-07T06:47:00.5870460Z [sp1] [docker]  [1m[92m   Compiling[0m sha2 v0.10.9 (https://github.com/sp1-patches/RustCrypto-hashes?tag=patch-sha2-0.10.9-sp1-6.0.0#e48b656e)
2026-09-07T06:47:01.5466458Z [sp1] [docker]  [1m[92m   Compiling[0m thiserror-impl v2.0.20
2026-09-07T06:47:01.6284738Z [sp1] [docker]  [1m[92m   Compiling[0m const-oid v0.9.6
2026-09-07T06:47:01.6738115Z [sp1] [docker]  [1m[92m   Compiling[0m blake3 v1.8.7
2026-09-07T06:47:01.9145871Z [sp1] [docker]  [1m[92m   Compiling[0m der v0.7.10
2026-09-07T06:47:02.1389043Z [sp1] [docker]  [1m[92m   Compiling[0m p3-bn254-fr v0.4.3-succinct
2026-09-07T06:47:03.1075957Z [sp1] [docker]  [1m[92m   Compiling[0m hmac v0.12.1
2026-09-07T06:47:03.2149118Z [sp1] [docker]  [1m[92m   Compiling[0m constant_time_eq v0.4.2
2026-09-07T06:47:03.3181790Z [sp1] [docker]  [1m[92m   Compiling[0m lazy_static v1.5.0
2026-09-07T06:47:03.3726272Z [sp1] [docker]  [1m[92m   Compiling[0m base16ct v0.2.0
2026-09-07T06:47:03.5234114Z [sp1] [docker]  [1m[92m   Compiling[0m sec1 v0.7.3
2026-09-07T06:47:03.8090123Z [sp1] [docker]  [1m[92m   Compiling[0m slop-koala-bear v6.5.0
2026-09-07T06:47:04.3961293Z [sp1] [docker]  [1m[92m   Compiling[0m slop-bn254 v6.5.0
2026-09-07T06:47:04.7000583Z [sp1] [docker]  [1m[92m   Compiling[0m hkdf v0.12.4
2026-09-07T06:47:04.8690757Z [sp1] [docker]  [1m[92m   Compiling[0m slop-primitives v6.5.0
2026-09-07T06:47:04.9176854Z [sp1] [docker]  [1m[92m   Compiling[0m group v0.13.0
2026-09-07T06:47:04.9384983Z [sp1] [docker]  [1m[92m   Compiling[0m bincode v1.3.3
2026-09-07T06:47:04.9941983Z [sp1] [docker]  [1m[92m   Compiling[0m crypto-bigint v0.5.5
2026-09-07T06:47:05.1569791Z [sp1] [docker]  [1m[92m   Compiling[0m rustversion v1.0.23
2026-09-07T06:47:05.4103946Z [sp1] [docker]  [1m[92m   Compiling[0m ident_case v1.0.1
2026-09-07T06:47:05.4249013Z [sp1] [docker]  [1m[92m   Compiling[0m elf v0.7.4
2026-09-07T06:47:05.5216210Z [sp1] [docker]  [1m[92m   Compiling[0m strsim v0.11.1
2026-09-07T06:47:05.5397650Z [sp1] [docker]  [1m[92m   Compiling[0m hex v0.4.3
2026-09-07T06:47:05.8705251Z [sp1] [docker]  [1m[92m   Compiling[0m cpufeatures v0.2.17
2026-09-07T06:47:05.9093538Z [sp1] [docker]  [1m[92m   Compiling[0m darling_core v0.23.0
2026-09-07T06:47:06.3904443Z [sp1] [docker]  [1m[92m   Compiling[0m sp1-primitives v6.3.1
2026-09-07T06:47:06.4273184Z [sp1] [docker]  [1m[92m   Compiling[0m syn-solidity v1.7.1
2026-09-07T06:47:07.8374589Z [sp1] [docker]  [1m[92m   Compiling[0m elliptic-curve v0.13.8
2026-09-07T06:47:08.2440497Z [sp1] [docker]  [1m[92m   Compiling[0m macro-string v0.1.4
2026-09-07T06:47:08.4807545Z [sp1] [docker]  [1m[92m   Compiling[0m proc-macro-error-attr2 v2.0.0
2026-09-07T06:47:08.7825719Z [sp1] [docker]  [1m[92m   Compiling[0m heck v0.5.0
2026-09-07T06:47:08.7954986Z [sp1] [docker]  [1m[92m   Compiling[0m crc-catalog v2.5.0
2026-09-07T06:47:08.8836309Z [sp1] [docker]  [1m[92m   Compiling[0m hashbrown v0.17.1
2026-09-07T06:47:08.9955637Z [sp1] [docker]  [1m[92m   Compiling[0m dunce v1.0.5
2026-09-07T06:47:09.0472601Z [sp1] [docker]  [1m[92m   Compiling[0m equivalent v1.0.2
2026-09-07T06:47:09.0883671Z [sp1] [docker]  [1m[92m   Compiling[0m crc v3.4.0
2026-09-07T06:47:09.2844196Z [sp1] [docker]  [1m[92m   Compiling[0m proc-macro-error2 v2.0.1
2026-09-07T06:47:09.6866989Z [sp1] [docker]  [1m[92m   Compiling[0m indexmap v2.14.1
2026-09-07T06:47:09.7784505Z [sp1] [docker]  [1m[92m   Compiling[0m darling_macro v0.23.0
2026-09-07T06:47:09.8691019Z [sp1] [docker]  [1m[92m   Compiling[0m alloy-sol-macro-input v1.5.7
2026-09-07T06:47:10.0419039Z [sp1] [docker]  [1m[92m   Compiling[0m sp1-lib v6.3.1
2026-09-07T06:47:10.6469740Z [sp1] [docker]  [1m[92m   Compiling[0m curve25519-dalek v4.1.3 (https://github.com/sp1-patches/curve25519-dalek?tag=patch-4.1.3-sp1-6.2.0#b251b2a1)
2026-09-07T06:47:10.7378635Z [sp1] [docker]  [1m[92m   Compiling[0m libm v0.2.16
2026-09-07T06:47:10.7864583Z [sp1] [docker]  [1m[92m   Compiling[0m getrandom v0.3.4
2026-09-07T06:47:10.8234487Z [sp1] [docker]  [1m[92m   Compiling[0m const-default v1.0.0
2026-09-07T06:47:10.8933852Z [sp1] [docker]  [1m[92m   Compiling[0m smallvec v1.15.2
2026-09-07T06:47:10.9738923Z [sp1] [docker]  [1m[92m   Compiling[0m rlsf v0.2.3
2026-09-07T06:47:11.0401270Z [sp1] [docker]  [1m[92m   Compiling[0m alloy-sol-macro-expander v1.5.7
2026-09-07T06:47:11.1740930Z [sp1] [docker]  [1m[92m   Compiling[0m nybbles v0.4.8
2026-09-07T06:47:11.3049824Z [sp1] [docker]  [1m[92m   Compiling[0m darling v0.23.0
2026-09-07T06:47:11.3488279Z [sp1] [docker]  [1m[92m   Compiling[0m alloy-eip2124 v0.2.0
2026-09-07T06:47:11.4723994Z [sp1] [docker]  [1m[92m   Compiling[0m alloy-eip7928 v0.3.7
2026-09-07T06:47:11.5217559Z [sp1] [docker]  [1m[92m   Compiling[0m alloy-eip7702 v0.6.3
2026-09-07T06:47:11.8685203Z [sp1] [docker]  [1m[92m   Compiling[0m alloy-eip2930 v0.2.3
2026-09-07T06:47:11.9729037Z [sp1] [docker]  [1m[92m   Compiling[0m auto_impl v1.3.0
2026-09-07T06:47:12.2267324Z [sp1] [docker]  [1m[92m   Compiling[0m linked_list_allocator v0.10.6
2026-09-07T06:47:12.4150301Z [sp1] [docker]  [1m[92m   Compiling[0m critical-section v1.2.0
2026-09-07T06:47:12.4917155Z [sp1] [docker]  [1m[92m   Compiling[0m signature v2.2.0
2026-09-07T06:47:12.5620636Z [sp1] [docker]  [1m[92m   Compiling[0m sp1-zkvm v6.3.1
2026-09-07T06:47:12.7115416Z [sp1] [docker]  [1m[92m   Compiling[0m ed25519 v2.2.3
2026-09-07T06:47:12.8923959Z [sp1] [docker]  [1m[92m   Compiling[0m alloy-eips v1.8.3
2026-09-07T06:47:12.8997098Z [sp1] [docker]  [1m[92m   Compiling[0m embedded-alloc v0.6.0
2026-09-07T06:47:13.0653638Z [sp1] [docker]  [1m[92m   Compiling[0m alloy-trie v0.9.5
2026-09-07T06:47:13.6021925Z [sp1] [docker]  [1m[92m   Compiling[0m alloy-tx-macros v1.8.3
2026-09-07T06:47:14.6795473Z [sp1] [docker]  [1m[92m   Compiling[0m alloy-sol-macro v1.5.7
2026-09-07T06:47:15.5141791Z [sp1] [docker]  [1m[92m   Compiling[0m winnow v0.7.15
2026-09-07T06:47:17.6394127Z [sp1] [docker]  [1m[92m   Compiling[0m half v1.8.3
2026-09-07T06:47:18.1184379Z [sp1] [docker]  [1m[92m   Compiling[0m serde_cbor v0.11.2
2026-09-07T06:47:18.2648795Z [sp1] [docker]  [1m[92m   Compiling[0m alloy-sol-type-parser v1.5.7
2026-09-07T06:47:18.6261701Z [sp1] [docker]  [1m[92m   Compiling[0m ed25519-dalek v2.2.0
2026-09-07T06:47:19.0978691Z [sp1] [docker]  [1m[92m   Compiling[0m alloy-consensus v1.8.3
2026-09-07T06:47:19.3546947Z [sp1] [docker]  [1m[92m   Compiling[0m alloy-sol-types v1.5.7
2026-09-07T06:47:21.7987256Z [sp1] [docker]  [1m[92m   Compiling[0m pfusdc-arc-ingress-program v0.1.0 (/root/program/programs/pfusdc-arc-ingress)
2026-09-07T06:47:28.4438946Z [sp1] [docker]  [1m[92m    Finished[0m `release` profile [optimized] target(s) in 52.90s
2026-09-07T06:47:29.8997514Z cargo:rustc-env=SP1_ELF_pfusdc-arc-ingress-program=/home/runner/work/_temp/arc-proof-identities/src-b/programs/pfusdc-arc-ingress/target/elf-compilation/docker/riscv64im-succinct-zkvm-elf/release/pfusdc-arc-ingress-program
2026-09-07T06:47:30.2937913Z cargo:warning=docker: rustc +succinct --version: "rustc 1.94.0-dev\n"
2026-09-07T06:47:32.7085408Z cargo:warning=docker: rustc_bin: "/root/.sp1/toolchains/g7wv95WZT7/bin/rustc"
2026-09-07T06:47:32.8410049Z [sp1] [docker]  info: `cargo` is unavailable for the active toolchain
2026-09-07T06:47:32.8410900Z [sp1] [docker]  info: falling back to "/root/.rustup/toolchains/stable-x86_64-unknown-linux-gnu/bin/cargo"
2026-09-07T06:47:32.9057412Z [sp1] [docker]  [1m[92m    Updating[0m git repository `https://github.com/sp1-patches/RustCrypto-hashes`
2026-09-07T06:47:33.1984189Z [sp1] [docker]  [1m[92m    Updating[0m git repository `https://github.com/sp1-patches/RustCrypto-hashes`
2026-09-07T06:47:33.4202029Z [sp1] [docker]  [1m[92m    Updating[0m git repository `https://github.com/sp1-patches/RustCrypto-hashes`
2026-09-07T06:47:33.6874404Z [sp1] [docker]  [1m[33mwarning[0m: patch `sha2 v0.9.9 (https://github.com/sp1-patches/RustCrypto-hashes?tag=patch-sha2-0.9.9-sp1-6.0.0#1b29839d)` was not used in the crate graph
2026-09-07T06:47:33.6875137Z [sp1] [docker]    [1m[94m|[0m
2026-09-07T06:47:33.6875570Z [sp1] [docker]    [1m[94m= [0m[1mhelp[0m: perhaps you meant one of the following:
2026-09-07T06:47:33.6875964Z [sp1] [docker]            	https://github.com/sp1-patches/RustCrypto-hashes
2026-09-07T06:47:33.6876720Z [sp1] [docker]  [1m[33mwarning[0m: patch `bls12_381 v0.8.0 (https://github.com/sp1-patches/bls12_381?tag=patch-0.8.0-sp1-6.0.0-v2#7726731d)` was not used in the crate graph
2026-09-07T06:47:33.6878179Z [sp1] [docker]  [1m[33mwarning[0m: patch `tiny-keccak v2.0.2 (https://github.com/sp1-patches/tiny-keccak?tag=patch-2.0.2-sp1-6.0.0#957430a4)` was not used in the crate graph
2026-09-07T06:47:33.6878938Z [sp1] [docker]  [1m[96mhelp[0m: Check that the patched package version and available features are compatible
2026-09-07T06:47:33.6879522Z [sp1] [docker]        with the dependency requirements. If the patch has a different version from
2026-09-07T06:47:33.6880154Z [sp1] [docker]        what is locked in the Cargo.lock file, run `cargo update` to use the new
2026-09-07T06:47:33.6880738Z [sp1] [docker]        version. This may also occur with an optional dependency that is not enabled.
2026-09-07T06:47:34.1147501Z [sp1] [docker]  [1m[92m   Compiling[0m proc-macro2 v1.0.106
2026-09-07T06:47:34.1148115Z [sp1] [docker]  [1m[92m   Compiling[0m quote v1.0.46
2026-09-07T06:47:34.1148649Z [sp1] [docker]  [1m[92m   Compiling[0m unicode-ident v1.0.24
2026-09-07T06:47:34.1149515Z [sp1] [docker]  [1m[92m   Compiling[0m cfg-if v1.0.4
2026-09-07T06:47:34.1512363Z [sp1] [docker]  [1m[92m   Compiling[0m autocfg v1.5.1
2026-09-07T06:47:34.1951951Z [sp1] [docker]  [1m[92m   Compiling[0m serde_core v1.0.228
2026-09-07T06:47:34.3694726Z [sp1] [docker]  [1m[92m   Compiling[0m getrandom v0.2.17
2026-09-07T06:47:34.4856826Z [sp1] [docker]  [1m[92m   Compiling[0m serde v1.0.228
2026-09-07T06:47:34.5990111Z [sp1] [docker]  [1m[92m   Compiling[0m rand_core v0.6.4
2026-09-07T06:47:34.7116222Z [sp1] [docker]  [1m[92m   Compiling[0m zerocopy v0.8.54
2026-09-07T06:47:34.8213390Z [sp1] [docker]  [1m[92m   Compiling[0m num-traits v0.2.19
2026-09-07T06:47:35.2454510Z [sp1] [docker]  [1m[92m   Compiling[0m syn v2.0.119
2026-09-07T06:47:36.4604354Z [sp1] [docker]  [1m[92m   Compiling[0m typenum v1.20.1
2026-09-07T06:47:37.8310848Z [sp1] [docker]  [1m[92m   Compiling[0m either v1.16.0
2026-09-07T06:47:37.9919017Z [sp1] [docker]  [1m[92m   Compiling[0m num-integer v0.1.46
2026-09-07T06:47:38.0821795Z [sp1] [docker]  [1m[92m   Compiling[0m itertools v0.12.1
2026-09-07T06:47:38.6339172Z [sp1] [docker]  [1m[92m   Compiling[0m num-bigint v0.4.8
2026-09-07T06:47:40.4251345Z [sp1] [docker]  [1m[92m   Compiling[0m pin-project-lite v0.2.17
2026-09-07T06:47:40.4785062Z [sp1] [docker]  [1m[92m   Compiling[0m version_check v0.9.5
2026-09-07T06:47:40.7774938Z [sp1] [docker]  [1m[92m   Compiling[0m ppv-lite86 v0.2.21
2026-09-07T06:47:40.8045636Z [sp1] [docker]  [1m[92m   Compiling[0m generic-array v0.14.7
2026-09-07T06:47:40.9155986Z [sp1] [docker]  [1m[92m   Compiling[0m once_cell v1.21.4
2026-09-07T06:47:41.0898536Z [sp1] [docker]  [1m[92m   Compiling[0m rand_chacha v0.3.1
2026-09-07T06:47:41.1461974Z [sp1] [docker]  [1m[92m   Compiling[0m tracing-core v0.1.36
2026-09-07T06:47:42.2413589Z [sp1] [docker]  [1m[92m   Compiling[0m serde_derive v1.0.228
2026-09-07T06:47:42.4059650Z [sp1] [docker]  [1m[92m   Compiling[0m rand v0.8.7
2026-09-07T06:47:43.0705799Z [sp1] [docker]  [1m[92m   Compiling[0m tracing-attributes v0.1.31
2026-09-07T06:47:44.2521663Z [sp1] [docker]  [1m[92m   Compiling[0m memchr v2.8.3
2026-09-07T06:47:44.4836551Z [sp1] [docker]  [1m[92m   Compiling[0m p3-maybe-rayon v0.4.3-succinct
2026-09-07T06:47:44.5174931Z [sp1] [docker]  [1m[92m   Compiling[0m tracing v0.1.44
2026-09-07T06:47:44.5519670Z [sp1] [docker]  [1m[92m   Compiling[0m crypto-common v0.1.7
2026-09-07T06:47:44.6319516Z [sp1] [docker]  [1m[92m   Compiling[0m block-buffer v0.10.4
2026-09-07T06:47:44.7558959Z [sp1] [docker]  [1m[92m   Compiling[0m digest v0.10.7
2026-09-07T06:47:44.9352734Z [sp1] [docker]  [1m[92m   Compiling[0m syn v1.0.109
2026-09-07T06:47:45.0107399Z [sp1] [docker]  [1m[92m   Compiling[0m sha2 v0.10.9 (https://github.com/sp1-patches/RustCrypto-hashes?tag=patch-sha2-0.10.9-sp1-6.0.0#e48b656e)
2026-09-07T06:47:45.9302443Z [sp1] [docker]  [1m[92m   Compiling[0m hybrid-array v0.4.13
2026-09-07T06:47:46.1911009Z [sp1] [docker]  [1m[92m   Compiling[0m num-bigint v0.3.3
2026-09-07T06:47:46.3648680Z [sp1] [docker]  [1m[92m   Compiling[0m futures-core v0.3.32
2026-09-07T06:47:46.4801350Z [sp1] [docker]  [1m[92m   Compiling[0m futures-sink v0.3.32
2026-09-07T06:47:46.5514431Z [sp1] [docker]  [1m[92m   Compiling[0m futures-channel v0.3.32
2026-09-07T06:47:46.8601757Z [sp1] [docker]  [1m[92m   Compiling[0m futures-macro v0.3.32
2026-09-07T06:47:47.1721961Z [sp1] [docker]  [1m[92m   Compiling[0m p3-util v0.4.3-succinct
2026-09-07T06:47:47.1904557Z [sp1] [docker]  [1m[92m   Compiling[0m gcd v2.3.0
2026-09-07T06:47:47.2939479Z [sp1] [docker]  [1m[92m   Compiling[0m p3-field v0.4.3-succinct
2026-09-07T06:47:47.3283298Z [sp1] [docker]  [1m[92m   Compiling[0m radium v0.7.0
2026-09-07T06:47:47.4879072Z [sp1] [docker]  [1m[92m   Compiling[0m slab v0.4.12
2026-09-07T06:47:47.6721346Z [sp1] [docker]  [1m[92m   Compiling[0m futures-io v0.3.32
2026-09-07T06:47:47.7128256Z [sp1] [docker]  [1m[92m   Compiling[0m futures-task v0.3.32
2026-09-07T06:47:47.7428603Z [sp1] [docker]  [1m[92m   Compiling[0m p3-symmetric v0.4.3-succinct
2026-09-07T06:47:47.8367031Z [sp1] [docker]  [1m[92m   Compiling[0m p3-matrix v0.4.3-succinct
2026-09-07T06:47:47.8715865Z [sp1] [docker]  [1m[92m   Compiling[0m futures-util v0.3.32
2026-09-07T06:47:48.2186853Z [sp1] [docker]  [1m[92m   Compiling[0m p3-dft v0.4.3-succinct
2026-09-07T06:47:48.4590069Z [sp1] [docker]  [1m[92m   Compiling[0m p3-mds v0.4.3-succinct
2026-09-07T06:47:48.6391566Z [sp1] [docker]  [1m[92m   Compiling[0m p3-poseidon2 v0.4.3-succinct
2026-09-07T06:47:48.8614968Z [sp1] [docker]  [1m[92m   Compiling[0m crypto-common v0.2.2
2026-09-07T06:47:49.7898378Z [sp1] [docker]  [1m[92m   Compiling[0m block-buffer v0.12.1
2026-09-07T06:47:49.9523367Z [sp1] [docker]  [1m[92m   Compiling[0m itertools v0.14.0
2026-09-07T06:47:50.3245166Z [sp1] [docker]  [1m[92m   Compiling[0m tap v1.0.1
2026-09-07T06:47:50.4141159Z [sp1] [docker]  [1m[92m   Compiling[0m zmij v1.0.23
2026-09-07T06:47:50.5983146Z [sp1] [docker]  [1m[92m   Compiling[0m const-oid v0.10.2
2026-09-07T06:47:50.8144217Z [sp1] [docker]  [1m[92m   Compiling[0m semver v1.0.28
2026-09-07T06:47:50.9181136Z [sp1] [docker]  [1m[92m   Compiling[0m digest v0.11.3
2026-09-07T06:47:51.0978302Z [sp1] [docker]  [1m[92m   Compiling[0m rustc_version v0.4.1
2026-09-07T06:47:51.1688178Z [sp1] [docker]  [1m[92m   Compiling[0m wyz v0.5.1
2026-09-07T06:47:51.4046462Z [sp1] [docker]  [1m[92m   Compiling[0m addchain v0.2.1
2026-09-07T06:47:51.5487912Z [sp1] [docker]  [1m[92m   Compiling[0m zeroize_derive v1.5.0
2026-09-07T06:47:51.7007324Z [sp1] [docker]  [1m[92m   Compiling[0m keccak v0.2.0
2026-09-07T06:47:51.8628096Z [sp1] [docker]  [1m[92m   Compiling[0m serde_json v1.0.150
2026-09-07T06:47:51.9683896Z [sp1] [docker]  [1m[92m   Compiling[0m find-msvc-tools v0.1.9
2026-09-07T06:47:52.1049725Z [sp1] [docker]  [1m[92m   Compiling[0m futures-executor v0.3.32
2026-09-07T06:47:52.2322095Z [sp1] [docker]  [1m[92m   Compiling[0m keccak v0.1.6
2026-09-07T06:47:52.3123924Z [sp1] [docker]  [1m[92m   Compiling[0m shlex v2.0.1
2026-09-07T06:47:52.4653269Z [sp1] [docker]  [1m[92m   Compiling[0m slop-algebra v6.3.1
2026-09-07T06:47:52.4654794Z [sp1] [docker]  [1m[92m   Compiling[0m funty v2.0.0
2026-09-07T06:47:52.5569322Z [sp1] [docker]  [1m[92m   Compiling[0m cc v1.2.67
2026-09-07T06:47:52.5724234Z [sp1] [docker]  [1m[92m   Compiling[0m sha3 v0.10.8 (https://github.com/sp1-patches/RustCrypto-hashes?tag=patch-sha3-0.10.8-sp1-6.0.0#0a16ae7a)
2026-09-07T06:47:52.6636754Z [sp1] [docker]  [1m[92m   Compiling[0m futures v0.3.32
2026-09-07T06:47:52.7134317Z [sp1] [docker]  [1m[92m   Compiling[0m zeroize v1.9.0
2026-09-07T06:47:52.8741770Z [sp1] [docker]  [1m[92m   Compiling[0m sha3 v0.11.0
2026-09-07T06:47:53.0709295Z [sp1] [docker]  [1m[92m   Compiling[0m ff_derive v0.13.1
2026-09-07T06:47:53.4325126Z [sp1] [docker]  [1m[92m   Compiling[0m bitvec v1.1.1
2026-09-07T06:47:53.8765001Z [sp1] [docker]  [1m[92m   Compiling[0m p3-koala-bear v0.4.3-succinct
2026-09-07T06:47:54.2793400Z [sp1] [docker]  [1m[92m   Compiling[0m slop-symmetric v6.3.1
2026-09-07T06:47:54.3238072Z [sp1] [docker]  [1m[92m   Compiling[0m p3-challenger v0.4.3-succinct
2026-09-07T06:47:54.3452093Z [sp1] [docker]  [1m[92m   Compiling[0m byteorder v1.5.0
2026-09-07T06:47:54.3885353Z [sp1] [docker]  [1m[92m   Compiling[0m itoa v1.0.18
2026-09-07T06:47:54.5454315Z [sp1] [docker]  [1m[92m   Compiling[0m half v1.8.3
2026-09-07T06:47:54.6384515Z [sp1] [docker]  [1m[92m   Compiling[0m subtle v2.6.1
2026-09-07T06:47:54.7311849Z [sp1] [docker]  [1m[92m   Compiling[0m slop-challenger v6.3.1
2026-09-07T06:47:54.7871940Z [sp1] [docker]  [1m[92m   Compiling[0m serde_cbor v0.11.2
2026-09-07T06:47:55.0473854Z [sp1] [docker]  [1m[92m   Compiling[0m blake3 v1.8.5
2026-09-07T06:47:55.3008784Z [sp1] [docker]  [1m[92m   Compiling[0m fips204 v0.4.6 (/root/program/third_party/fips204)
2026-09-07T06:47:56.0871472Z [sp1] [docker]  [1m[92m   Compiling[0m slop-poseidon2 v6.3.1
2026-09-07T06:47:56.1342761Z [sp1] [docker]  [1m[92m   Compiling[0m rustversion v1.0.23
2026-09-07T06:47:56.4034785Z [sp1] [docker]  [1m[92m   Compiling[0m postfiat-types v0.1.0 (/root/program/crates/types)
2026-09-07T06:47:56.5031754Z [sp1] [docker]  [1m[92m   Compiling[0m ff v0.13.1
2026-09-07T06:47:56.6352633Z [sp1] [docker]  [1m[92m   Compiling[0m p3-bn254-fr v0.4.3-succinct
2026-09-07T06:47:58.1298329Z [sp1] [docker]  [1m[92m   Compiling[0m postfiat-crypto-provider v0.1.0 (/root/program/crates/crypto_provider)
2026-09-07T06:47:59.5297344Z [sp1] [docker]  [1m[92m   Compiling[0m base64 v0.13.1
2026-09-07T06:47:59.8061738Z [sp1] [docker]  [1m[92m   Compiling[0m lazy_static v1.5.0
2026-09-07T06:47:59.8606535Z [sp1] [docker]  [1m[92m   Compiling[0m unicode-width v0.1.14
2026-09-07T06:48:00.1092988Z [sp1] [docker]  [1m[92m   Compiling[0m constant_time_eq v0.4.2
2026-09-07T06:48:00.2137619Z [sp1] [docker]  [1m[92m   Compiling[0m arrayref v0.3.9
2026-09-07T06:48:00.2623675Z [sp1] [docker]  [1m[92m   Compiling[0m arrayvec v0.7.8
2026-09-07T06:48:00.5000703Z [sp1] [docker]  [1m[92m   Compiling[0m svgbobdoc v0.3.0
2026-09-07T06:48:00.8862736Z [sp1] [docker]  [1m[92m   Compiling[0m slop-koala-bear v6.3.1
2026-09-07T06:48:01.4385491Z [sp1] [docker]  [1m[92m   Compiling[0m slop-bn254 v6.3.1
2026-09-07T06:48:02.2651613Z [sp1] [docker]  [1m[92m   Compiling[0m slop-primitives v6.3.1
2026-09-07T06:48:02.2778186Z [sp1] [docker]  [1m[92m   Compiling[0m bincode v1.3.3
2026-09-07T06:48:02.3189626Z [sp1] [docker]  [1m[92m   Compiling[0m hex v0.4.3
2026-09-07T06:48:02.6610435Z [sp1] [docker]  [1m[92m   Compiling[0m libm v0.2.16
2026-09-07T06:48:02.8772184Z [sp1] [docker]  [1m[92m   Compiling[0m elf v0.7.4
2026-09-07T06:48:02.8806970Z [sp1] [docker]  [1m[92m   Compiling[0m getrandom v0.3.4
2026-09-07T06:48:03.0894445Z [sp1] [docker]  [1m[92m   Compiling[0m const-default v1.0.0
2026-09-07T06:48:03.1638965Z [sp1] [docker]  [1m[92m   Compiling[0m rlsf v0.2.2
2026-09-07T06:48:03.5105904Z [sp1] [docker]  [1m[92m   Compiling[0m sp1-zkvm v6.3.1
2026-09-07T06:48:03.6416321Z [sp1] [docker]  [1m[92m   Compiling[0m sp1-primitives v6.3.1
2026-09-07T06:48:03.8253024Z [sp1] [docker]  [1m[92m   Compiling[0m linked_list_allocator v0.10.6
2026-09-07T06:48:04.0181753Z [sp1] [docker]  [1m[92m   Compiling[0m critical-section v1.2.0
2026-09-07T06:48:04.0969534Z [sp1] [docker]  [1m[92m   Compiling[0m embedded-alloc v0.6.0
2026-09-07T06:48:04.2770553Z [sp1] [docker]  [1m[92m   Compiling[0m sp1-lib v6.3.1
2026-09-07T06:48:18.6395726Z [sp1] [docker]  [1m[92m   Compiling[0m postfiat-mempool-dag v0.1.0 (/root/program/crates/mempool_dag)
2026-09-07T06:48:18.6397168Z [sp1] [docker]  [1m[92m   Compiling[0m postfiat-consensus-cobalt v0.1.0 (/root/program/crates/consensus_cobalt)
2026-09-07T06:48:22.9129404Z [sp1] [docker]  [1m[92m   Compiling[0m postfiat-ordering-fast v0.1.0 (/root/program/crates/ordering_fast)
2026-09-07T06:48:29.3369432Z [sp1] [docker]  [1m[92m   Compiling[0m postfiat-pfusdc-proofs v0.1.0 (/root/program/crates/pfusdc_proofs)
2026-09-07T06:48:38.2200561Z [sp1] [docker]  [1m[92m   Compiling[0m pfusdc-egress-program v0.1.0 (/root/program/programs/pfusdc-egress)
2026-09-07T06:49:02.2008928Z [sp1] [docker]  [1m[92m    Finished[0m `release` profile [optimized] target(s) in 1m 29s
2026-09-07T06:49:02.5189955Z cargo:rustc-env=SP1_ELF_pfusdc-egress-program=/home/runner/work/_temp/arc-proof-identities/src-b/programs/pfusdc-egress/target/elf-compilation/docker/riscv64im-succinct-zkvm-elf/release/pfusdc-egress-program
2026-09-07T06:49:02.5360129Z arc-ingress build-a=7660fcc58677cfec433a5f2337b9fe46fa96374a1e3c4bd6fba625b982d881bc build-b=7660fcc58677cfec433a5f2337b9fe46fa96374a1e3c4bd6fba625b982d881bc
2026-09-07T06:49:02.5361452Z egress build-a=0af263d3282303898211d707cd3a8b68a24edcf2dc2f93d524c7724a0bcd8d25 build-b=0af263d3282303898211d707cd3a8b68a24edcf2dc2f93d524c7724a0bcd8d25
2026-09-07T06:49:02.5456563Z arc-ingress rebuilt=7660fcc58677cfec433a5f2337b9fe46fa96374a1e3c4bd6fba625b982d881bc expected=7660fcc58677cfec433a5f2337b9fe46fa96374a1e3c4bd6fba625b982d881bc
2026-09-07T06:49:02.5458024Z egress rebuilt=0af263d3282303898211d707cd3a8b68a24edcf2dc2f93d524c7724a0bcd8d25 expected=8b0f266a035a432ef3c0e4233672d8a15b913cefd4c85ff07f91f008601bb744
2026-09-07T06:49:02.6139800Z     Updating crates.io index
2026-09-07T06:49:02.6476748Z     Updating git repository `https://github.com/a16z/helios`
2026-09-07T06:49:04.1355457Z     Updating git repository `https://github.com/succinctlabs/sp1-helios`
2026-09-07T06:49:06.2060351Z     Updating git submodule `https://github.com/succinctlabs/sp1-contracts`
2026-09-07T06:49:06.4335102Z     Updating git submodule `https://github.com/foundry-rs/forge-std`
2026-09-07T06:49:06.6091140Z     Updating git submodule `https://github.com/openzeppelin/openzeppelin-contracts`
2026-09-07T06:49:09.5863020Z     Updating git submodule `https://github.com/a16z/erc4626-tests.git`
2026-09-07T06:49:09.7330171Z     Updating git submodule `https://github.com/dapphub/ds-test`
2026-09-07T06:49:11.6879882Z  Downloading crates ...
2026-09-07T06:49:11.8408430Z   Downloaded adler2 v2.0.1
2026-09-07T06:49:11.8435357Z   Downloaded alloy v1.8.3
2026-09-07T06:49:11.8467420Z   Downloaded alloy-chains v0.2.34
2026-09-07T06:49:11.8505476Z   Downloaded alloy-contract v1.8.3
2026-09-07T06:49:11.8539464Z   Downloaded matchers v0.2.0
2026-09-07T06:49:11.8565598Z   Downloaded dashu-macros v0.4.2
2026-09-07T06:49:11.8600037Z   Downloaded http-body v0.4.6
2026-09-07T06:49:11.8632582Z   Downloaded enum-map v2.7.3
2026-09-07T06:49:11.8661167Z   Downloaded nu-ansi-term v0.50.3
2026-09-07T06:49:11.8700781Z   Downloaded eyre v0.6.12
2026-09-07T06:49:11.8745020Z   Downloaded hmac v0.13.0
2026-09-07T06:49:11.8777613Z   Downloaded dashu-int v0.4.3
2026-09-07T06:49:11.8888912Z   Downloaded eventsource-stream v0.2.3
2026-09-07T06:49:11.8935902Z   Downloaded displaydoc v0.2.6
2026-09-07T06:49:11.8971460Z   Downloaded mime v0.3.17
2026-09-07T06:49:11.9005377Z   Downloaded num_enum_derive v0.5.11
2026-09-07T06:49:11.9032132Z   Downloaded indenter v0.3.4
2026-09-07T06:49:11.9058048Z   Downloaded memfd v0.6.5
2026-09-07T06:49:11.9087804Z   Downloaded p3-keccak-air v0.4.3-succinct
2026-09-07T06:49:11.9114061Z   Downloaded pin-utils v0.1.0
2026-09-07T06:49:11.9141257Z   Downloaded lru v0.12.5
2026-09-07T06:49:11.9166115Z   Downloaded p3-merkle-tree v0.4.3-succinct
2026-09-07T06:49:11.9189450Z   Downloaded http-body v1.1.0
2026-09-07T06:49:11.9214460Z   Downloaded p3-air v0.4.3-succinct
2026-09-07T06:49:11.9234813Z   Downloaded potential_utf v0.1.5
2026-09-07T06:49:11.9260306Z   Downloaded percent-encoding v2.3.2
2026-09-07T06:49:11.9281114Z   Downloaded proc-macro-crate v1.3.1
2026-09-07T06:49:11.9304068Z   Downloaded ref-cast v1.0.25
2026-09-07T06:49:11.9341393Z   Downloaded parking_lot_core v0.9.12
2026-09-07T06:49:11.9371034Z   Downloaded prost v0.13.5
2026-09-07T06:49:11.9397792Z   Downloaded http-body-util v0.1.4
2026-09-07T06:49:11.9427385Z   Downloaded serde_arrays v0.2.0
2026-09-07T06:49:11.9453235Z   Downloaded sha1_smol v1.0.1
2026-09-07T06:49:11.9477107Z   Downloaded rustc-demangle v0.1.28
2026-09-07T06:49:11.9504060Z   Downloaded sha1 v0.10.7
2026-09-07T06:49:11.9531956Z   Downloaded scale-info-derive v2.11.6
2026-09-07T06:49:11.9551326Z   Downloaded slop-stacked v6.3.1
2026-09-07T06:49:11.9571569Z   Downloaded slop-utils v6.3.1
2026-09-07T06:49:11.9588849Z   Downloaded slop-uni-stark v6.3.1
2026-09-07T06:49:11.9606424Z   Downloaded slop-commit v6.3.1
2026-09-07T06:49:11.9624639Z   Downloaded strum v0.27.2
2026-09-07T06:49:11.9642395Z   Downloaded slop-multilinear v6.3.1
2026-09-07T06:49:11.9665333Z   Downloaded thousands v0.2.0
2026-09-07T06:49:11.9684709Z   Downloaded ssz_types v0.11.0
2026-09-07T06:49:11.9709359Z   Downloaded toml_datetime v0.6.11
2026-09-07T06:49:11.9726855Z   Downloaded thiserror v1.0.69
2026-09-07T06:49:11.9781238Z   Downloaded thread_local v1.1.10
2026-09-07T06:49:11.9801880Z   Downloaded symlink v0.1.0
2026-09-07T06:49:11.9822145Z   Downloaded transpose v0.2.3
2026-09-07T06:49:11.9845263Z   Downloaded untrusted v0.9.0
2026-09-07T06:49:11.9870105Z   Downloaded want v0.3.1
2026-09-07T06:49:11.9885346Z   Downloaded urlencoding v2.1.3
2026-09-07T06:49:11.9902103Z   Downloaded utf8parse v0.2.2
2026-09-07T06:49:11.9921494Z   Downloaded typeid_suffix v1.3.0
2026-09-07T06:49:11.9944469Z   Downloaded xmlparser v0.13.6
2026-09-07T06:49:11.9973381Z   Downloaded zerovec-derive v0.11.3
2026-09-07T06:49:11.9996757Z   Downloaded zstd-safe v7.2.4
2026-09-07T06:49:12.0020298Z   Downloaded zerofrom-derive v0.1.7
2026-09-07T06:49:12.0037002Z   Downloaded p256 v0.13.2
2026-09-07T06:49:12.0073200Z   Downloaded zstd v0.13.3
2026-09-07T06:49:12.0108312Z   Downloaded uuid v1.24.0
2026-09-07T06:49:12.0143007Z   Downloaded try-lock v0.2.5
2026-09-07T06:49:12.0158910Z   Downloaded url v2.5.8
2026-09-07T06:49:12.0193706Z   Downloaded vsimd v0.8.0
2026-09-07T06:49:12.0222191Z   Downloaded tokio-util v0.7.18
2026-09-07T06:49:12.0293152Z   Downloaded sysinfo v0.30.13
2026-09-07T06:49:12.0378945Z   Downloaded zerovec v0.11.6
2026-09-07T06:49:12.0442462Z   Downloaded winnow v0.5.40
2026-09-07T06:49:12.0523404Z   Downloaded socket2 v0.6.5
2026-09-07T06:49:12.0545829Z   Downloaded syn-solidity v1.6.1
2026-09-07T06:49:12.0603399Z   Downloaded nom v7.1.3
2026-09-07T06:49:12.0651719Z   Downloaded webpki-roots v1.0.8
2026-09-07T06:49:12.0683966Z   Downloaded twox-hash v2.1.2
2026-09-07T06:49:12.0707375Z   Downloaded unicode-width v0.2.2
2026-09-07T06:49:12.0758556Z   Downloaded hyper-util v0.1.20
2026-09-07T06:49:12.0814866Z   Downloaded schemars v1.2.1
2026-09-07T06:49:12.0959065Z   Downloaded zerotrie v0.2.4
2026-09-07T06:49:12.0996264Z   Downloaded tower v0.4.13
2026-09-07T06:49:12.1082748Z   Downloaded sp1-hypercube v6.3.1
2026-09-07T06:49:12.1137296Z   Downloaded tower v0.5.3
2026-09-07T06:49:12.1227854Z   Downloaded hyper v1.10.1
2026-09-07T06:49:12.1288537Z   Downloaded rayon v1.12.0
2026-09-07T06:49:12.1368763Z   Downloaded tower-http v0.6.11
2026-09-07T06:49:12.1450576Z   Downloaded regex v1.13.1
2026-09-07T06:49:12.1498584Z   Downloaded tracing-subscriber v0.3.23
2026-09-07T06:49:12.1572087Z   Downloaded serde_with v3.21.0
2026-09-07T06:49:12.1679149Z   Downloaded idna v1.1.0
2026-09-07T06:49:12.1711826Z   Downloaded alloy-rpc-types-beacon v1.8.3
2026-09-07T06:49:12.1789281Z   Downloaded icu_properties_data v2.2.0
2026-09-07T06:49:12.1876927Z   Downloaded gimli v0.32.3
2026-09-07T06:49:12.1935093Z   Downloaded hashbrown v0.14.5
2026-09-07T06:49:12.1975530Z   Downloaded aws-sdk-kms v1.112.0
2026-09-07T06:49:12.2345830Z   Downloaded ruint v1.19.0
2026-09-07T06:49:12.2400054Z   Downloaded dynasm v3.2.1
2026-09-07T06:49:12.2438690Z   Downloaded petgraph v0.7.1
2026-09-07T06:49:12.2585290Z   Downloaded bls12_381 v0.8.0
2026-09-07T06:49:12.2629403Z   Downloaded pest v2.8.7
2026-09-07T06:49:12.2667914Z   Downloaded hashbrown v0.15.5
2026-09-07T06:49:12.2709333Z   Downloaded range-set-blaze v0.1.16
2026-09-07T06:49:12.2754288Z   Downloaded dashu-float v0.4.5
2026-09-07T06:49:12.2800921Z   Downloaded zstd-sys v2.0.16+zstd.1.5.7
2026-09-07T06:49:12.2933006Z   Downloaded rustls v0.23.42
2026-09-07T06:49:12.3029259Z   Downloaded mio v1.2.2
2026-09-07T06:49:12.3081899Z   Downloaded http v0.2.12
2026-09-07T06:49:12.3111673Z   Downloaded flate2 v1.1.9
2026-09-07T06:49:12.3152311Z   Downloaded substrate-bn-succinct-rs v0.6.0
2026-09-07T06:49:12.3175736Z   Downloaded regex-automata v0.4.16
2026-09-07T06:49:12.3290274Z   Downloaded sp1-recursion-gnark-ffi v6.3.1
2026-09-07T06:49:12.3319023Z   Downloaded object v0.37.3
2026-09-07T06:49:12.3406986Z   Downloaded blst v0.3.16
2026-09-07T06:49:12.3521073Z   Downloaded tokio-stream v0.1.18
2026-09-07T06:49:12.3560881Z   Downloaded time v0.3.53
2026-09-07T06:49:12.3678603Z   Downloaded regex-lite v0.1.9
2026-09-07T06:49:12.3706002Z   Downloaded quinn v0.11.11
2026-09-07T06:49:12.3733852Z   Downloaded indexmap v2.14.0
2026-09-07T06:49:12.3769006Z   Downloaded icu_collections v2.2.0
2026-09-07T06:49:12.3818694Z   Downloaded http v1.4.2
2026-09-07T06:49:12.3850026Z   Downloaded alloy-genesis v1.8.3
2026-09-07T06:49:12.3885919Z   Downloaded sp1-recursion-compiler v6.3.1
2026-09-07T06:49:12.3907081Z   Downloaded sha3 v0.10.9
2026-09-07T06:49:12.3943089Z   Downloaded sp1-core-machine v6.3.1
2026-09-07T06:49:12.4071144Z   Downloaded miniz_oxide v0.8.9
2026-09-07T06:49:12.4092076Z   Downloaded tokio v1.53.0
2026-09-07T06:49:12.4448814Z   Downloaded tiny-keccak v2.0.2
2026-09-07T06:49:12.4469449Z   Downloaded snowbridge-amcl v1.0.2
2026-09-07T06:49:12.4548294Z   Downloaded quinn-proto v0.11.16
2026-09-07T06:49:12.4601805Z   Downloaded h2 v0.4.15
2026-09-07T06:49:12.4653634Z   Downloaded tinystr v0.8.3
2026-09-07T06:49:12.4671906Z   Downloaded sp1-sdk v6.3.1
2026-09-07T06:49:12.4738543Z   Downloaded sharded-slab v0.1.7
2026-09-07T06:49:12.4766175Z   Downloaded aws-lc-rs v1.17.3
2026-09-07T06:49:12.4851863Z   Downloaded minimal-lexical v0.2.1
2026-09-07T06:49:12.4888983Z   Downloaded icu_normalizer_data v2.2.0
2026-09-07T06:49:12.4907224Z   Downloaded icu_normalizer v2.2.0
2026-09-07T06:49:12.4938175Z   Downloaded sp1-recursion-machine v6.3.1
2026-09-07T06:49:12.4963429Z   Downloaded sp1-recursion-executor v6.3.1
2026-09-07T06:49:12.4977133Z   Downloaded sp1-core-executor v6.3.1
2026-09-07T06:49:12.5059524Z   Downloaded icu_locale_core v2.2.0
2026-09-07T06:49:12.5115693Z   Downloaded portable-atomic v1.14.0
2026-09-07T06:49:12.5175023Z   Downloaded aws-sdk-sts v1.108.0
2026-09-07T06:49:12.5274946Z   Downloaded indicatif v0.17.11
2026-09-07T06:49:12.5305502Z   Downloaded derive_more-impl v1.0.0
2026-09-07T06:49:12.5343450Z   Downloaded tonic-build v0.12.3
2026-09-07T06:49:12.5353270Z   Downloaded toml_edit v0.19.15
2026-09-07T06:49:12.5513115Z   Downloaded reqwest v0.12.28
2026-09-07T06:49:12.5557467Z   Downloaded clap_builder v4.6.2
2026-09-07T06:49:12.5610817Z   Downloaded alloy-provider v1.8.3
2026-09-07T06:49:12.5662200Z   Downloaded tonic v0.12.3
2026-09-07T06:49:12.5715072Z   Downloaded thiserror v2.0.18
2026-09-07T06:49:12.5767444Z   Downloaded zerofrom v0.1.8
2026-09-07T06:49:12.5775907Z   Downloaded yoke-derive v0.8.2
2026-09-07T06:49:12.5785721Z   Downloaded subenum v1.2.0
2026-09-07T06:49:12.5807499Z   Downloaded strum_macros v0.27.2
2026-09-07T06:49:12.5826893Z   Downloaded sha2 v0.11.0
2026-09-07T06:49:12.5857626Z   Downloaded axum v0.7.9
2026-09-07T06:49:12.5919146Z   Downloaded ring v0.17.14
2026-09-07T06:49:12.6250005Z   Downloaded yoke v0.8.3
2026-09-07T06:49:12.6264995Z   Downloaded webpki-roots v0.26.11
2026-09-07T06:49:12.6278611Z   Downloaded twirp-rs v0.13.0-succinct
2026-09-07T06:49:12.6288709Z   Downloaded ruzstd v0.8.3
2026-09-07T06:49:12.6330689Z   Downloaded pin-project v1.1.13
2026-09-07T06:49:12.6436656Z   Downloaded log v0.4.33
2026-09-07T06:49:12.6457730Z   Downloaded icu_provider v2.2.0
2026-09-07T06:49:12.6479332Z   Downloaded icu_properties v2.2.0
2026-09-07T06:49:12.6500649Z   Downloaded writeable v0.6.3
2026-09-07T06:49:12.6516704Z   Downloaded vec_map v0.8.2
2026-09-07T06:49:12.6524710Z   Downloaded typeid_prefix v1.2.1
2026-09-07T06:49:12.6536583Z   Downloaded strength_reduce v0.2.4
2026-09-07T06:49:12.6548168Z   Downloaded sp1-recursion-circuit v6.3.1
2026-09-07T06:49:12.6579700Z   Downloaded tower-service v0.3.3
2026-09-07T06:49:12.6586469Z   Downloaded tower-layer v0.3.3
2026-09-07T06:49:12.6595193Z   Downloaded sp1-build v6.3.1
2026-09-07T06:49:12.6606258Z   Downloaded rand v0.10.2
2026-09-07T06:49:12.6637588Z   Downloaded tree_hash v0.10.0
2026-09-07T06:49:12.6648146Z   Downloaded slop-basefold-prover v6.3.1
2026-09-07T06:49:12.6657199Z   Downloaded slop-alloc v6.3.1
2026-09-07T06:49:12.6668720Z   Downloaded rustls-webpki v0.103.13
2026-09-07T06:49:12.6693703Z   Downloaded tokio-macros v2.7.1
2026-09-07T06:49:12.6703296Z   Downloaded socket2 v0.5.10
2026-09-07T06:49:12.6718845Z   Downloaded utf8_iter v1.0.4
2026-09-07T06:49:12.6727460Z   Downloaded tracing-log v0.2.0
2026-09-07T06:49:12.6744123Z   Downloaded tracing-forest v0.1.6
2026-09-07T06:49:12.6762145Z   Downloaded sha2 v0.10.9
2026-09-07T06:49:12.6783189Z   Downloaded aws-smithy-runtime v1.12.0
2026-09-07T06:49:12.6832736Z   Downloaded tree_hash_derive v0.10.0
2026-09-07T06:49:12.6838591Z   Downloaded toml_parser v1.1.2+spec-1.1.0
2026-09-07T06:49:12.6858121Z   Downloaded tokio-rustls v0.26.4
2026-09-07T06:49:12.6875005Z   Downloaded time-macros v0.2.31
2026-09-07T06:49:12.6894091Z   Downloaded spin v0.9.9
2026-09-07T06:49:12.6912736Z   Downloaded sp1-prover-types v6.3.1
2026-09-07T06:49:12.6928772Z   Downloaded sp1-core-executor-runner v6.3.1
2026-09-07T06:49:12.6939967Z   Downloaded httparse v1.10.1
2026-09-07T06:49:12.6960294Z   Downloaded dashu-ratio v0.4.4
2026-09-07T06:49:12.6991254Z   Downloaded tracing-appender v0.2.5
2026-09-07T06:49:12.7004325Z   Downloaded superstruct v0.7.0
2026-09-07T06:49:12.7028721Z   Downloaded sp1-jit v6.3.1
2026-09-07T06:49:12.7047472Z   Downloaded derive_more v1.0.0
2026-09-07T06:49:12.7123602Z   Downloaded sp1-verifier v6.3.1
2026-09-07T06:49:12.7146982Z   Downloaded serde_path_to_error v0.1.20
2026-09-07T06:49:12.7160575Z   Downloaded aws-sdk-ssooidc v1.105.0
2026-09-07T06:49:12.7225349Z   Downloaded aws-config v1.9.0
2026-09-07T06:49:12.7279037Z   Downloaded alloy-rpc-types-eth v1.8.3
2026-09-07T06:49:12.7309824Z   Downloaded thiserror-impl v2.0.18
2026-09-07T06:49:12.7322258Z   Downloaded thiserror-impl v1.0.69
2026-09-07T06:49:12.7333094Z   Downloaded sync_wrapper v1.0.2
2026-09-07T06:49:12.7340317Z   Downloaded slop-whir v6.3.1
2026-09-07T06:49:12.7350003Z   Downloaded synstructure v0.13.2
2026-09-07T06:49:12.7360061Z   Downloaded slop-jagged v6.3.1
2026-09-07T06:49:12.7376739Z   Downloaded pkg-config v0.3.33
2026-09-07T06:49:12.7389497Z   Downloaded pin-project-internal v1.1.13
2026-09-07T06:49:12.7402949Z   Downloaded struct-reflection-derive v0.1.0
2026-09-07T06:49:12.7407896Z   Downloaded ryu v1.0.23
2026-09-07T06:49:12.7435032Z   Downloaded rayon-core v1.13.0
2026-09-07T06:49:12.7465832Z   Downloaded num-modular v0.6.4
2026-09-07T06:49:12.7482551Z   Downloaded memmap2 v0.9.11
2026-09-07T06:49:12.7496816Z   Downloaded litemap v0.8.2
2026-09-07T06:49:12.7515530Z   Downloaded aws-sigv4 v1.5.1
2026-09-07T06:49:12.7909788Z   Downloaded sp1-curves v6.3.1
2026-09-07T06:49:12.7924577Z   Downloaded sp1-core-executor-runner-binary v6.3.1
2026-09-07T06:49:12.7934103Z   Downloaded jobserver v0.1.35
2026-09-07T06:49:12.7950449Z   Downloaded crossbeam-channel v0.5.16
2026-09-07T06:49:12.7982447Z   Downloaded stable_deref_trait v1.2.1
2026-09-07T06:49:12.7989980Z   Downloaded slop-sumcheck v6.3.1
2026-09-07T06:49:12.7999956Z   Downloaded slop-maybe-rayon v6.3.1
2026-09-07T06:49:12.8005539Z   Downloaded serde_with_macros v3.21.0
2026-09-07T06:49:12.8021436Z   Downloaded prettyplease v0.2.37
2026-09-07T06:49:12.8050801Z   Downloaded aws-sdk-sso v1.103.0
2026-09-07T06:49:12.8103551Z   Downloaded alloy-rpc-types-engine v1.8.3
2026-09-07T06:49:12.8122696Z   Downloaded slop-basefold v6.3.1
2026-09-07T06:49:12.8131477Z   Downloaded slop-baby-bear v6.3.1
2026-09-07T06:49:12.8138920Z   Downloaded signal-hook-registry v1.4.8
2026-09-07T06:49:12.8149329Z   Downloaded serdect v0.2.0
2026-09-07T06:49:12.8160817Z   Downloaded borsh v1.8.0
2026-09-07T06:49:12.8220547Z   Downloaded backtrace v0.3.76
2026-09-07T06:49:12.8261248Z   Downloaded aws-smithy-runtime-api v1.13.0
2026-09-07T06:49:12.8295888Z   Downloaded struct-reflection v0.1.0
2026-09-07T06:49:12.8305653Z   Downloaded strsim v0.10.0
2026-09-07T06:49:12.8318536Z   Downloaded sp1-derive v6.3.1
2026-09-07T06:49:12.8326994Z   Downloaded slop-tensor v6.3.1
2026-09-07T06:49:12.8337414Z   Downloaded simd-adler32 v0.3.10
2026-09-07T06:49:12.8352709Z   Downloaded scale-info v2.11.6
2026-09-07T06:49:12.8369155Z   Downloaded aws-smithy-http-client v1.2.0
2026-09-07T06:49:12.8403214Z   Downloaded aws-runtime v1.8.1
2026-09-07T06:49:12.8435964Z   Downloaded num_enum v0.7.6
2026-09-07T06:49:12.8483086Z   Downloaded deepsize2 v0.1.0
2026-09-07T06:49:12.8492401Z   Downloaded slop-air v6.3.1
2026-09-07T06:49:12.8499503Z   Downloaded rustls-pki-types v1.15.0
2026-09-07T06:49:12.8520746Z   Downloaded rustls-pemfile v2.2.0
2026-09-07T06:49:12.8540876Z   Downloaded opentelemetry v0.23.0
2026-09-07T06:49:12.8571715Z   Downloaded ethereum_ssz v0.9.1
2026-09-07T06:49:12.8588191Z   Downloaded num-rational v0.4.2
2026-09-07T06:49:12.8598509Z   Downloaded slop-merkle-tree v6.3.1
2026-09-07T06:49:12.8608102Z   Downloaded slop-matrix v6.3.1
2026-09-07T06:49:12.8613701Z   Downloaded slop-keccak-air v6.3.1
2026-09-07T06:49:12.8619793Z   Downloaded slop-futures v6.3.1
2026-09-07T06:49:12.8629864Z   Downloaded slop-fri v6.3.1
2026-09-07T06:49:12.8636882Z   Downloaded slop-dft v6.3.1
2026-09-07T06:49:12.8643536Z   Downloaded sha2 v0.9.9
2026-09-07T06:49:12.8664384Z   Downloaded serde_urlencoded v0.7.1
2026-09-07T06:49:12.8678317Z   Downloaded rustls-native-certs v0.8.4
2026-09-07T06:49:12.8689116Z   Downloaded prost-types v0.13.5
2026-09-07T06:49:12.8703285Z   Downloaded primeorder v0.13.6
2026-09-07T06:49:12.8713784Z   Downloaded dynasmrt v3.2.1
2026-09-07T06:49:12.8725886Z   Downloaded dashu-base v0.4.3
2026-09-07T06:49:12.8748022Z   Downloaded aws-smithy-xml v0.61.1
2026-09-07T06:49:12.8765589Z   Downloaded arc-swap v1.9.2
2026-09-07T06:49:12.8797506Z   Downloaded serial_test_derive v3.5.0
2026-09-07T06:49:12.8804999Z   Downloaded serial_test v3.5.0
2026-09-07T06:49:12.8816154Z   Downloaded num-order v1.2.0
2026-09-07T06:49:12.8826873Z   Downloaded prost-derive v0.13.5
2026-09-07T06:49:12.8837622Z   Downloaded prost-build v0.13.5
2026-09-07T06:49:12.8864924Z   Downloaded p3-baby-bear v0.4.3-succinct
2026-09-07T06:49:12.8882605Z   Downloaded num_enum v0.5.11
2026-09-07T06:49:12.8928431Z   Downloaded num-iter v0.1.46
2026-09-07T06:49:12.8936698Z   Downloaded num-complex v0.4.6
2026-09-07T06:49:12.8949481Z   Downloaded hyper-timeout v0.5.2
2026-09-07T06:49:12.8960844Z   Downloaded fastrand v2.4.1
2026-09-07T06:49:12.8972716Z   Downloaded ethereum_serde_utils v0.8.1
2026-09-07T06:49:12.8989734Z   Downloaded aws-smithy-json v0.63.0
2026-09-07T06:49:12.9008745Z   Downloaded hyper-rustls v0.27.9
2026-09-07T06:49:12.9020571Z   Downloaded scopeguard v1.2.0
2026-09-07T06:49:12.9030715Z   Downloaded rrs-succinct v0.2.0
2026-09-07T06:49:12.9039145Z   Downloaded reqwest-middleware v0.3.3
2026-09-07T06:49:12.9048639Z   Downloaded ref-cast-impl v1.0.25
2026-09-07T06:49:12.9056310Z   Downloaded rand_pcg v0.10.2
2026-09-07T06:49:12.9067969Z   Downloaded rand_core v0.10.1
2026-09-07T06:49:12.9081625Z   Downloaded quinn-udp v0.5.15
2026-09-07T06:49:12.9096331Z   Downloaded crossbeam-utils v0.8.22
2026-09-07T06:49:12.9146312Z   Downloaded clap v4.6.2
2026-09-07T06:49:12.9224573Z   Downloaded crossbeam-epoch v0.9.20
2026-09-07T06:49:12.9245786Z   Downloaded anyhow v1.0.103
2026-09-07T06:49:12.9278453Z   Downloaded alloy-transport v1.8.3
2026-09-07T06:49:12.9295309Z   Downloaded mti v1.1.1
2026-09-07T06:49:12.9308898Z   Downloaded generic-array v1.1.0
2026-09-07T06:49:12.9323307Z   Downloaded fs_extra v1.3.0
2026-09-07T06:49:12.9336556Z   Downloaded parking_lot v0.12.5
2026-09-07T06:49:12.9357575Z   Downloaded matchit v0.7.3
2026-09-07T06:49:12.9374220Z   Downloaded lru v0.16.4
2026-09-07T06:49:12.9384153Z   Downloaded dashmap v6.2.1
2026-09-07T06:49:12.9404590Z   Downloaded darling v0.13.4
2026-09-07T06:49:12.9427299Z   Downloaded aws-types v1.4.0
2026-09-07T06:49:12.9442071Z   Downloaded rayon-scan v0.1.1
2026-09-07T06:49:12.9453866Z   Downloaded lock_api v0.4.14
2026-09-07T06:49:12.9464640Z   Downloaded ipnet v2.12.0
2026-09-07T06:49:12.9478726Z   Downloaded crash-handler v0.7.0
2026-09-07T06:49:12.9502514Z   Downloaded cmov v0.5.4
2026-09-07T06:49:12.9517525Z   Downloaded pairing v0.23.0
2026-09-07T06:49:12.9536978Z   Downloaded p3-uni-stark v0.4.3-succinct
2026-09-07T06:49:12.9549245Z   Downloaded num_enum_derive v0.7.6
2026-09-07T06:49:12.9559629Z   Downloaded enum-map-derive v0.17.0
2026-09-07T06:49:12.9568226Z   Downloaded bytemuck v1.25.1
2026-09-07T06:49:12.9593948Z   Downloaded aws-smithy-types v1.6.1
2026-09-07T06:49:12.9632525Z   Downloaded alloy-signer-local v1.8.3
2026-09-07T06:49:12.9646402Z   Downloaded darling v0.20.11
2026-09-07T06:49:12.9686233Z   Downloaded crc32fast v1.5.0
2026-09-07T06:49:12.9701445Z   Downloaded camino v1.2.4
2026-09-07T06:49:12.9718554Z   Downloaded bytemuck_derive v1.11.0
2026-09-07T06:49:12.9729544Z   Downloaded alloy-network v1.8.3
2026-09-07T06:49:12.9747144Z   Downloaded alloy-core v1.5.7
2026-09-07T06:49:12.9756613Z   Downloaded pem-rfc7468 v0.7.0
2026-09-07T06:49:12.9773756Z   Downloaded pastey v0.2.3
2026-09-07T06:49:12.9784087Z   Downloaded futures-utils-wasm v0.1.0
2026-09-07T06:49:12.9792566Z   Downloaded ethereum_hashing v0.7.0
2026-09-07T06:49:12.9801131Z   Downloaded clap_derive v4.6.1
2026-09-07T06:49:12.9819606Z   Downloaded chacha20 v0.10.1
2026-09-07T06:49:12.9838922Z   Downloaded instant v0.1.13
2026-09-07T06:49:12.9849728Z   Downloaded form_urlencoded v1.2.2
2026-09-07T06:49:12.9856539Z   Downloaded cmake v0.1.58
2026-09-07T06:49:12.9868323Z   Downloaded bytes-utils v0.1.4
2026-09-07T06:49:12.9881510Z   Downloaded console v0.15.11
2026-09-07T06:49:12.9905318Z   Downloaded borsh-derive v1.8.0
2026-09-07T06:49:12.9931200Z   Downloaded aws-smithy-schema v0.2.0
2026-09-07T06:49:12.9951609Z   Downloaded aws-credential-types v1.3.0
2026-09-07T06:49:12.9965592Z   Downloaded alloy-network-primitives v1.8.3
2026-09-07T06:49:12.9976366Z   Downloaded p3-fri v0.4.3-succinct
2026-09-07T06:49:12.9988208Z   Downloaded outref v0.5.2
2026-09-07T06:49:12.9999057Z   Downloaded lru-slab v0.1.2
2026-09-07T06:49:13.0006397Z   Downloaded ethereum_ssz_derive v0.9.1
2026-09-07T06:49:13.0013914Z   Downloaded darling_macro v0.13.4
2026-09-07T06:49:13.0019732Z   Downloaded cargo_metadata v0.18.1
2026-09-07T06:49:13.0034409Z   Downloaded block-buffer v0.9.0
2026-09-07T06:49:13.0041331Z   Downloaded aws-smithy-http v0.64.0
2026-09-07T06:49:13.0059727Z   Downloaded httpdate v1.0.3
2026-09-07T06:49:13.0069843Z   Downloaded foldhash v0.1.5
2026-09-07T06:49:13.0080009Z   Downloaded fixedbitset v0.5.7
2026-09-07T06:49:13.0096026Z   Downloaded crossbeam-queue v0.3.13
2026-09-07T06:49:13.0106454Z   Downloaded crash-context v0.6.3
2026-09-07T06:49:13.0122953Z   Downloaded bitcoin-consensus-encoding v1.1.0
2026-09-07T06:49:13.0138330Z   Downloaded aws-smithy-async v1.3.0
2026-09-07T06:49:13.0155847Z   Downloaded anstyle-parse v1.0.0
2026-09-07T06:49:13.0168667Z   Downloaded anstyle v1.0.14
2026-09-07T06:49:13.0180813Z   Downloaded alloy-signer-aws v1.8.3
2026-09-07T06:49:13.0190741Z   Downloaded num v0.4.3
2026-09-07T06:49:13.0199619Z   Downloaded gen_ops v0.4.0
2026-09-07T06:49:13.0214440Z   Downloaded darling_macro v0.20.11
2026-09-07T06:49:13.0220027Z   Downloaded async-trait v0.1.89
2026-09-07T06:49:13.0250668Z   Downloaded p3-interpolation v0.4.3-succinct
2026-09-07T06:49:13.0256110Z   Downloaded p3-commit v0.4.3-succinct
2026-09-07T06:49:13.0265465Z   Downloaded option-ext v0.2.0
2026-09-07T06:49:13.0272045Z   Downloaded openssl-probe v0.2.1
2026-09-07T06:49:13.0282243Z   Downloaded opaque-debug v0.3.1
2026-09-07T06:49:13.0289696Z   Downloaded number_prefix v0.4.0
2026-09-07T06:49:13.0298136Z   Downloaded multimap v0.10.1
2026-09-07T06:49:13.0306650Z   Downloaded is_terminal_polyfill v1.70.2
2026-09-07T06:49:13.0315433Z   Downloaded crossbeam v0.8.4
2026-09-07T06:49:13.0324524Z   Downloaded atomic v0.6.1
2026-09-07T06:49:13.0336442Z   Downloaded md-5 v0.10.6
2026-09-07T06:49:13.0348632Z   Downloaded dashu v0.4.4
2026-09-07T06:49:13.0360573Z   Downloaded axum-core v0.4.5
2026-09-07T06:49:13.0377053Z   Downloaded idna_adapter v1.2.2
2026-09-07T06:49:13.0384666Z   Downloaded enum-ordinalize v4.4.1
2026-09-07T06:49:13.0391661Z   Downloaded downcast-rs v1.2.1
2026-09-07T06:49:13.0402182Z   Downloaded dirs-sys v0.4.1
2026-09-07T06:49:13.0412704Z   Downloaded aws-smithy-runtime-api-macros v1.1.0
2026-09-07T06:49:13.0418949Z   Downloaded anstream v1.0.0
2026-09-07T06:49:13.0436156Z   Downloaded dirs v5.0.1
2026-09-07T06:49:13.0446418Z   Downloaded deepsize_derive2 v0.1.0
2026-09-07T06:49:13.0452979Z   Downloaded cargo-platform v0.1.9
2026-09-07T06:49:13.0462331Z   Downloaded aws-smithy-observability v0.3.0
2026-09-07T06:49:13.0473212Z   Downloaded async-scoped v0.9.0
2026-09-07T06:49:13.0483267Z   Downloaded anstyle-query v1.1.5
2026-09-07T06:49:13.0493322Z   Downloaded aws-smithy-query v0.61.1
2026-09-07T06:49:13.0500025Z   Downloaded async-stream-impl v0.3.6
2026-09-07T06:49:13.0506447Z   Downloaded alloy-rpc-types-any v1.8.3
2026-09-07T06:49:13.0515976Z   Downloaded alloy-dyn-abi v1.5.7
2026-09-07T06:49:13.0541779Z   Downloaded enum-ordinalize-derive v4.4.1
2026-09-07T06:49:13.0550047Z   Downloaded colorchoice v1.0.5
2026-09-07T06:49:13.0558400Z   Downloaded backoff v0.4.0
2026-09-07T06:49:13.0576239Z   Downloaded atomic-waker v1.1.2
2026-09-07T06:49:13.0585850Z   Downloaded async-stream v0.3.6
2026-09-07T06:49:13.0603859Z   Downloaded derive-where v1.6.1
2026-09-07T06:49:13.0638272Z   Downloaded base64-simd v0.8.0
2026-09-07T06:49:13.0650776Z   Downloaded darling_core v0.20.11
2026-09-07T06:49:13.0692725Z   Downloaded ctutils v0.4.2
2026-09-07T06:49:13.0709569Z   Downloaded clap_lex v1.1.0
2026-09-07T06:49:13.0718729Z   Downloaded alloy-signer v1.8.3
2026-09-07T06:49:13.0729586Z   Downloaded alloy-json-rpc v1.8.3
2026-09-07T06:49:13.0744755Z   Downloaded darling_core v0.13.4
2026-09-07T06:49:13.0783341Z   Downloaded ansi_term v0.12.1
2026-09-07T06:49:13.0799040Z   Downloaded alloy-rpc-client v1.8.3
2026-09-07T06:49:13.0815484Z   Downloaded crossbeam-deque v0.8.7
2026-09-07T06:49:13.0827979Z   Downloaded alloy-rpc-types v1.8.3
2026-09-07T06:49:13.0839535Z   Downloaded aho-corasick v1.1.4
2026-09-07T06:49:13.0882304Z   Downloaded allocator-api2 v0.2.21
2026-09-07T06:49:13.0903107Z   Downloaded alloy-consensus-any v1.8.3
2026-09-07T06:49:13.0914661Z   Downloaded addr2line v0.25.1
2026-09-07T06:49:13.0930398Z   Downloaded ahash v0.8.12
2026-09-07T06:49:13.1029265Z   Downloaded sp1-prover v6.3.1
2026-09-07T06:49:13.1476115Z   Downloaded aws-lc-sys v0.43.0
2026-09-07T06:49:13.7791091Z    Compiling proc-macro2 v1.0.106
2026-09-07T06:49:13.7791527Z    Compiling unicode-ident v1.0.24
2026-09-07T06:49:13.7791981Z    Compiling quote v1.0.46
2026-09-07T06:49:13.7793196Z    Compiling serde_core v1.0.228
2026-09-07T06:49:13.8450143Z    Compiling libc v0.2.186
2026-09-07T06:49:14.1031745Z    Compiling serde v1.0.228
2026-09-07T06:49:14.1143999Z    Compiling autocfg v1.5.1
2026-09-07T06:49:14.3974033Z    Compiling num-traits v0.2.19
2026-09-07T06:49:14.6314039Z    Compiling syn v2.0.119
2026-09-07T06:49:14.6584099Z    Compiling cfg-if v1.0.4
2026-09-07T06:49:15.1561306Z    Compiling once_cell v1.21.4
2026-09-07T06:49:16.1783958Z    Compiling getrandom v0.2.17
2026-09-07T06:49:16.3243979Z    Compiling version_check v0.9.5
2026-09-07T06:49:16.5234003Z    Compiling zerocopy v0.8.54
2026-09-07T06:49:16.5853998Z    Compiling crossbeam-utils v0.8.22
2026-09-07T06:49:16.6141830Z    Compiling num-integer v0.1.46
2026-09-07T06:49:16.7054289Z    Compiling generic-array v0.14.9
2026-09-07T06:49:16.7109648Z    Compiling pin-project-lite v0.2.17
2026-09-07T06:49:16.7815348Z    Compiling rand_core v0.6.4
2026-09-07T06:49:16.7923840Z    Compiling crossbeam-epoch v0.9.20
2026-09-07T06:49:16.8260156Z    Compiling crossbeam-deque v0.8.7
2026-09-07T06:49:16.9084027Z    Compiling rayon-core v1.13.0
2026-09-07T06:49:16.9414180Z    Compiling log v0.4.33
2026-09-07T06:49:16.9543934Z    Compiling syn v1.0.109
2026-09-07T06:49:16.9931524Z    Compiling tracing-core v0.1.36
2026-09-07T06:49:17.1094309Z    Compiling subtle v2.6.1
2026-09-07T06:49:17.1954006Z    Compiling typenum v1.20.1
2026-09-07T06:49:17.8360223Z    Compiling memchr v2.8.3
2026-09-07T06:49:17.9758359Z    Compiling radium v0.7.0
2026-09-07T06:49:18.0823786Z    Compiling num-bigint v0.3.3
2026-09-07T06:49:18.8150937Z    Compiling serde_derive v1.0.228
2026-09-07T06:49:18.8229203Z    Compiling tracing-attributes v0.1.31
2026-09-07T06:49:19.4538250Z    Compiling zeroize_derive v1.5.0
2026-09-07T06:49:19.6854135Z    Compiling tracing v0.1.44
2026-09-07T06:49:19.7798070Z    Compiling zeroize v1.9.0
2026-09-07T06:49:19.8900544Z    Compiling futures-macro v0.3.32
2026-09-07T06:49:20.0344316Z    Compiling addchain v0.2.1
2026-09-07T06:49:20.4103988Z    Compiling const-oid v0.9.6
2026-09-07T06:49:20.6689867Z    Compiling itoa v1.0.18
2026-09-07T06:49:20.8233798Z    Compiling crypto-common v0.1.6
2026-09-07T06:49:20.8854072Z    Compiling block-buffer v0.10.4
2026-09-07T06:49:20.9133990Z    Compiling ff_derive v0.13.1
2026-09-07T06:49:20.9623917Z    Compiling futures-core v0.3.32
2026-09-07T06:49:21.0443891Z    Compiling digest v0.10.7
2026-09-07T06:49:21.2078189Z    Compiling futures-sink v0.3.32
2026-09-07T06:49:21.6073888Z    Compiling either v1.16.0
2026-09-07T06:49:21.6744295Z    Compiling slab v0.4.12
2026-09-07T06:49:21.7134041Z    Compiling futures-channel v0.3.32
2026-09-07T06:49:21.7453991Z    Compiling bytes v1.12.1
2026-09-07T06:49:21.8703936Z    Compiling futures-io v0.3.32
2026-09-07T06:49:21.9724525Z    Compiling futures-task v0.3.32
2026-09-07T06:49:21.9823791Z    Compiling semver v1.0.28
2026-09-07T06:49:22.0744354Z    Compiling futures-util v0.3.32
2026-09-07T06:49:22.1843960Z    Compiling jobserver v0.1.35
2026-09-07T06:49:22.4044258Z    Compiling find-msvc-tools v0.1.9
2026-09-07T06:49:22.5394188Z    Compiling shlex v2.0.1
2026-09-07T06:49:22.6154387Z    Compiling tap v1.0.1
2026-09-07T06:49:22.6603933Z    Compiling cc v1.2.67
2026-09-07T06:49:22.6879667Z    Compiling byteorder v1.5.0
2026-09-07T06:49:22.8723967Z    Compiling wyz v0.5.1
2026-09-07T06:49:23.1738827Z    Compiling rustc_version v0.4.1
2026-09-07T06:49:23.3603839Z    Compiling smallvec v1.15.2
2026-09-07T06:49:23.5674424Z    Compiling equivalent v1.0.2
2026-09-07T06:49:23.6113953Z    Compiling funty v2.0.0
2026-09-07T06:49:23.8672524Z    Compiling cpufeatures v0.2.17
2026-09-07T06:49:24.3844150Z    Compiling bitvec v1.1.1
2026-09-07T06:49:24.4033887Z    Compiling arrayvec v0.7.8
2026-09-07T06:49:24.5713912Z    Compiling errno v0.3.14
2026-09-07T06:49:24.5997197Z    Compiling tokio-macros v2.7.1
2026-09-07T06:49:24.6563751Z    Compiling signal-hook-registry v1.4.8
2026-09-07T06:49:25.0029803Z    Compiling mio v1.2.2
2026-09-07T06:49:25.0923703Z    Compiling socket2 v0.6.5
2026-09-07T06:49:25.2190895Z    Compiling ppv-lite86 v0.2.21
2026-09-07T06:49:25.4844382Z    Compiling tokio v1.53.0
2026-09-07T06:49:25.5694004Z    Compiling rand_chacha v0.3.1
2026-09-07T06:49:25.8604299Z    Compiling sha2 v0.10.9
2026-09-07T06:49:26.0673777Z    Compiling rand v0.8.7
2026-09-07T06:49:26.2134066Z    Compiling ff v0.13.1
2026-09-07T06:49:26.3173974Z    Compiling unicode-xid v0.2.6
2026-09-07T06:49:26.6514125Z    Compiling num-bigint v0.4.8
2026-09-07T06:49:27.6773759Z    Compiling itertools v0.12.1
2026-09-07T06:49:29.1183729Z    Compiling p3-util v0.4.3-succinct
2026-09-07T06:49:29.2173864Z    Compiling thiserror v1.0.69
2026-09-07T06:49:29.8874076Z    Compiling hashbrown v0.17.1
2026-09-07T06:49:30.4723961Z    Compiling indexmap v2.14.0
2026-09-07T06:49:30.5293937Z    Compiling rayon v1.12.0
2026-09-07T06:49:30.7958672Z    Compiling p3-field v0.4.3-succinct
2026-09-07T06:49:30.9824094Z    Compiling thiserror-impl v1.0.69
2026-09-07T06:49:31.0963576Z    Compiling zmij v1.0.23
2026-09-07T06:49:31.2469195Z    Compiling paste v1.0.15
2026-09-07T06:49:31.8754314Z    Compiling allocator-api2 v0.2.21
2026-09-07T06:49:33.1682291Z    Compiling rustversion v1.0.23
2026-09-07T06:49:33.3633727Z    Compiling p3-maybe-rayon v0.4.3-succinct
2026-09-07T06:49:33.4074050Z    Compiling base64ct v1.8.3
2026-09-07T06:49:33.6254442Z    Compiling pem-rfc7468 v0.7.0
2026-09-07T06:49:34.4963912Z    Compiling der v0.7.10
2026-09-07T06:49:35.2533812Z    Compiling heck v0.5.0
2026-09-07T06:49:35.3933866Z    Compiling group v0.13.0
2026-09-07T06:49:35.5174347Z    Compiling spki v0.7.3
2026-09-07T06:49:35.7143939Z    Compiling base16ct v0.2.0
2026-09-07T06:49:35.8584008Z    Compiling serdect v0.2.0
2026-09-07T06:49:35.9048140Z    Compiling pkcs8 v0.10.2
2026-09-07T06:49:36.0013910Z    Compiling p3-matrix v0.4.3-succinct
2026-09-07T06:49:36.2564818Z    Compiling sec1 v0.7.3
2026-09-07T06:49:36.5323923Z    Compiling signature v2.2.0
2026-09-07T06:49:36.6133920Z    Compiling crypto-bigint v0.5.5
2026-09-07T06:49:36.8064216Z    Compiling pin-project-internal v1.1.13
2026-09-07T06:49:36.9714474Z    Compiling hmac v0.12.1
2026-09-07T06:49:37.0513940Z    Compiling rfc6979 v0.4.0
2026-09-07T06:49:37.3580340Z    Compiling p3-koala-bear v0.4.3-succinct
2026-09-07T06:49:37.3693743Z    Compiling itertools v0.14.0
2026-09-07T06:49:37.4389985Z    Compiling serde_json v1.0.150
2026-09-07T06:49:37.5224879Z    Compiling elliptic-curve v0.13.8
2026-09-07T06:49:37.8433871Z    Compiling ecdsa v0.16.9
2026-09-07T06:49:38.3133992Z    Compiling k256 v0.13.4
2026-09-07T06:49:38.3813755Z    Compiling p3-symmetric v0.4.3-succinct
2026-09-07T06:49:38.5194398Z    Compiling hex v0.4.3
2026-09-07T06:49:38.8771759Z    Compiling http v1.4.2
2026-09-07T06:49:39.8383881Z    Compiling keccak v0.1.6
2026-09-07T06:49:40.5574714Z    Compiling dunce v1.0.5
2026-09-07T06:49:40.5673859Z    Compiling sha3 v0.10.9
2026-09-07T06:49:40.6004062Z    Compiling futures-executor v0.3.32
2026-09-07T06:49:40.6153898Z    Compiling strsim v0.11.1
2026-09-07T06:49:40.8448990Z    Compiling fnv v1.0.7
2026-09-07T06:49:40.8513813Z    Compiling futures v0.3.32
2026-09-07T06:49:40.8881973Z    Compiling proc-macro-error-attr2 v2.0.0
2026-09-07T06:49:40.9393950Z    Compiling p3-dft v0.4.3-succinct
2026-09-07T06:49:40.9816591Z    Compiling p3-baby-bear v0.4.3-succinct
2026-09-07T06:49:41.0693889Z    Compiling derive-where v1.6.1
2026-09-07T06:49:41.0794018Z    Compiling proc-macro-error2 v2.0.1
2026-09-07T06:49:41.1103879Z    Compiling alloy-rlp-derive v0.3.16
2026-09-07T06:49:41.2484236Z    Compiling unicode-segmentation v1.13.3
2026-09-07T06:49:41.4819933Z    Compiling alloy-rlp v0.3.12
2026-09-07T06:49:41.5375070Z    Compiling convert_case v0.10.0
2026-09-07T06:49:41.6334828Z    Compiling p3-challenger v0.4.3-succinct
2026-09-07T06:49:41.7023855Z    Compiling tokio-util v0.7.18
2026-09-07T06:49:41.7820620Z    Compiling ruint-macro v1.2.1
2026-09-07T06:49:41.9264027Z    Compiling foldhash v0.2.0
2026-09-07T06:49:41.9803975Z    Compiling ruint v1.19.0
2026-09-07T06:49:42.0874461Z    Compiling hashbrown v0.16.1
2026-09-07T06:49:42.4224076Z    Compiling derive_more-impl v2.1.1
2026-09-07T06:49:42.6367904Z    Compiling getrandom v0.4.3
2026-09-07T06:49:42.7444915Z    Compiling slop-algebra v6.3.1
2026-09-07T06:49:42.7638830Z    Compiling const-hex v1.19.1
2026-09-07T06:49:42.9354070Z    Compiling rustc-hash v2.1.3
2026-09-07T06:49:43.0553979Z    Compiling lazy_static v1.5.0
2026-09-07T06:49:43.1303890Z    Compiling spin v0.9.9
2026-09-07T06:49:43.2353966Z    Compiling p3-mds v0.4.3-succinct
2026-09-07T06:49:43.3688402Z    Compiling blake3 v1.8.5
2026-09-07T06:49:43.3906028Z    Compiling ahash v0.8.12
2026-09-07T06:49:43.4802056Z    Compiling gcd v2.3.0
2026-09-07T06:49:43.5673902Z    Compiling p3-poseidon2 v0.4.3-succinct
2026-09-07T06:49:43.7067785Z    Compiling http-body v1.1.0
2026-09-07T06:49:45.2773981Z    Compiling derive_more v2.1.1
2026-09-07T06:49:45.3479550Z    Compiling alloy-primitives v1.5.7
2026-09-07T06:49:45.3643991Z    Compiling slop-symmetric v6.3.1
2026-09-07T06:49:45.5289524Z    Compiling slop-challenger v6.3.1
2026-09-07T06:49:45.6014351Z    Compiling pin-project v1.1.13
2026-09-07T06:49:45.6533905Z    Compiling thiserror v2.0.18
2026-09-07T06:49:45.7611538Z    Compiling regex-syntax v0.8.11
2026-09-07T06:49:45.7694167Z    Compiling pkg-config v0.3.33
2026-09-07T06:49:45.8194037Z    Compiling percent-encoding v2.3.2
2026-09-07T06:49:45.9785325Z    Compiling ident_case v1.0.1
2026-09-07T06:49:46.0840685Z    Compiling slop-poseidon2 v6.3.1
2026-09-07T06:49:46.1604426Z    Compiling thiserror-impl v2.0.18
2026-09-07T06:49:46.1714025Z    Compiling base64 v0.22.1
2026-09-07T06:49:46.5464023Z    Compiling cpufeatures v0.3.0
2026-09-07T06:49:46.6414509Z    Compiling p3-commit v0.4.3-succinct
2026-09-07T06:49:46.7694055Z    Compiling synstructure v0.13.2
2026-09-07T06:49:47.1063994Z    Compiling regex-automata v0.4.16
2026-09-07T06:49:47.2446543Z    Compiling tower-service v0.3.3
2026-09-07T06:49:47.2924500Z    Compiling rustix v1.1.4
2026-09-07T06:49:47.4613912Z    Compiling http-body-util v0.1.4
2026-09-07T06:49:47.5053927Z    Compiling ring v0.17.14
2026-09-07T06:49:47.6660089Z    Compiling ryu v1.0.23
2026-09-07T06:49:47.7864251Z    Compiling dashu-int v0.4.3
2026-09-07T06:49:47.8103990Z    Compiling winnow v1.0.4
2026-09-07T06:49:47.9960231Z    Compiling zerofrom-derive v0.1.7
2026-09-07T06:49:48.6803843Z    Compiling p3-bn254-fr v0.4.3-succinct
2026-09-07T06:49:48.7634389Z    Compiling toml_parser v1.1.2+spec-1.1.0
2026-09-07T06:49:49.1877128Z    Compiling strum_macros v0.27.2
2026-09-07T06:49:49.7583814Z    Compiling crossbeam-queue v0.3.13
2026-09-07T06:49:49.8443997Z    Compiling crossbeam-channel v0.5.16
2026-09-07T06:49:50.1493714Z    Compiling toml_datetime v1.1.1+spec-1.1.0
2026-09-07T06:49:50.2655945Z    Compiling crc32fast v1.5.0
2026-09-07T06:49:50.3844396Z    Compiling bitflags v2.13.1
2026-09-07T06:49:50.5055486Z    Compiling slop-bn254 v6.3.1
2026-09-07T06:49:50.5713799Z    Compiling toml_edit v0.25.13+spec-1.1.0
2026-09-07T06:49:50.6923725Z    Compiling crossbeam v0.8.4
2026-09-07T06:49:50.7254178Z    Compiling zerofrom v0.1.8
2026-09-07T06:49:50.7934251Z    Compiling slop-koala-bear v6.3.1
2026-09-07T06:49:50.9913946Z    Compiling yoke-derive v0.8.2
2026-09-07T06:49:51.3796264Z    Compiling slop-alloc v6.3.1
2026-09-07T06:49:51.6983773Z    Compiling strength_reduce v0.2.4
2026-09-07T06:49:51.8113808Z    Compiling untrusted v0.9.0
2026-09-07T06:49:51.8683875Z    Compiling stable_deref_trait v1.2.1
2026-09-07T06:49:51.8888511Z    Compiling tower-layer v0.3.3
2026-09-07T06:49:51.8981603Z    Compiling parking_lot_core v0.9.12
2026-09-07T06:49:51.9663861Z    Compiling yoke v0.8.3
2026-09-07T06:49:52.0260283Z    Compiling transpose v0.2.3
2026-09-07T06:49:52.0777899Z    Compiling proc-macro-crate v3.5.0
2026-09-07T06:49:52.3211832Z    Compiling slop-primitives v6.3.1
2026-09-07T06:49:52.3577672Z    Compiling slop-matrix v6.3.1
2026-09-07T06:49:52.3854405Z    Compiling parity-scale-codec v3.7.5
2026-09-07T06:49:52.4383979Z    Compiling const_format_proc_macros v0.2.34
2026-09-07T06:49:52.9678797Z    Compiling slop-futures v6.3.1
2026-09-07T06:49:53.2813929Z    Compiling cmake v0.1.58
2026-09-07T06:49:53.5423965Z    Compiling sync_wrapper v1.0.2
2026-09-07T06:49:53.5951603Z    Compiling fs_extra v1.3.0
2026-09-07T06:49:53.7656373Z    Compiling aws-lc-sys v0.43.0
2026-09-07T06:49:53.9070640Z    Compiling slop-tensor v6.3.1
2026-09-07T06:49:54.0984223Z    Compiling matchers v0.2.0
2026-09-07T06:49:54.1457334Z    Compiling tracing-log v0.2.0
2026-09-07T06:49:54.1546338Z    Compiling form_urlencoded v1.2.2
2026-09-07T06:49:54.2563394Z    Compiling sharded-slab v0.1.7
2026-09-07T06:49:54.4234316Z    Compiling zerovec-derive v0.11.3
2026-09-07T06:49:54.5232281Z    Compiling thread_local v1.1.10
2026-09-07T06:49:54.6026661Z    Compiling nu-ansi-term v0.50.3
2026-09-07T06:49:54.7584291Z    Compiling num-modular v0.6.4
2026-09-07T06:49:55.2054435Z    Compiling zerovec v0.11.6
2026-09-07T06:49:55.2710725Z    Compiling num-order v1.2.0
2026-09-07T06:49:55.4064457Z    Compiling tracing-subscriber v0.3.23
2026-09-07T06:50:00.5479127Z    Compiling tower v0.5.3
2026-09-07T06:50:00.9862246Z    Compiling parity-scale-codec-derive v3.7.5
2026-09-07T06:50:01.9857996Z    Compiling slop-commit v6.3.1
2026-09-07T06:50:02.3211658Z    Compiling displaydoc v0.2.6
2026-09-07T06:50:02.3773477Z    Compiling derive_more-impl v1.0.0
2026-09-07T06:50:02.6718301Z    Compiling impl-trait-for-tuples v0.2.3
2026-09-07T06:50:02.9564110Z    Compiling bytemuck_derive v1.11.0
2026-09-07T06:50:03.2474127Z    Compiling ansi_term v0.12.1
2026-09-07T06:50:03.3743486Z    Compiling crunchy v0.2.4
2026-09-07T06:50:03.4679214Z    Compiling dashu-base v0.4.3
2026-09-07T06:50:03.6399895Z    Compiling static_assertions v1.1.0
2026-09-07T06:50:03.6510213Z    Compiling object v0.37.3
2026-09-07T06:50:03.6657890Z    Compiling bytemuck v1.25.1
2026-09-07T06:50:03.7884190Z    Compiling tracing-forest v0.1.6
2026-09-07T06:50:03.9279512Z    Compiling slop-baby-bear v6.3.1
2026-09-07T06:50:04.6363909Z    Compiling rustls-pki-types v1.15.0
2026-09-07T06:50:04.6767745Z    Compiling deepsize_derive2 v0.1.0
2026-09-07T06:50:04.9015554Z    Compiling struct-reflection-derive v0.1.0
2026-09-07T06:50:05.1104417Z    Compiling hybrid-array v0.4.13
2026-09-07T06:50:05.4943211Z    Compiling num_cpus v1.17.0
2026-09-07T06:50:05.6583904Z    Compiling time-core v0.1.9
2026-09-07T06:50:05.6718532Z    Compiling winnow v0.5.40
2026-09-07T06:50:05.6811362Z    Compiling toml_datetime v0.6.11
2026-09-07T06:50:05.8028211Z    Compiling linux-raw-sys v0.12.1
2026-09-07T06:50:06.0634056Z    Compiling powerfmt v0.2.0
2026-09-07T06:50:06.1715936Z    Compiling num-conv v0.2.2
2026-09-07T06:50:06.1978482Z    Compiling httparse v1.10.1
2026-09-07T06:50:06.2570510Z    Compiling eyre v0.6.12
2026-09-07T06:50:06.3458625Z    Compiling deranged v0.5.8
2026-09-07T06:50:06.3764033Z    Compiling aws-lc-rs v1.17.3
2026-09-07T06:50:06.8621997Z    Compiling toml_edit v0.19.15
2026-09-07T06:50:07.1941529Z    Compiling time v0.3.53
2026-09-07T06:50:08.7396006Z    Compiling slop-multilinear v6.3.1
2026-09-07T06:50:09.0263786Z    Compiling dashu-float v0.4.5
2026-09-07T06:50:09.8174217Z    Compiling slop-utils v6.3.1
2026-09-07T06:50:10.0253395Z    Compiling scale-info-derive v2.11.6
2026-09-07T06:50:10.1320678Z    Compiling p3-merkle-tree v0.4.3-succinct
2026-09-07T06:50:10.2680830Z    Compiling darling_core v0.23.0
2026-09-07T06:50:11.6288899Z    Compiling p3-interpolation v0.4.3-succinct
2026-09-07T06:50:11.6668046Z    Compiling syn-solidity v1.6.1
2026-09-07T06:50:12.0261493Z    Compiling macro-string v0.1.4
2026-09-07T06:50:12.3286136Z    Compiling constant_time_eq v0.4.2
2026-09-07T06:50:12.4373951Z    Compiling try-lock v0.2.5
2026-09-07T06:50:12.4849275Z    Compiling atomic-waker v1.1.2
2026-09-07T06:50:12.6603826Z    Compiling cmov v0.5.4
2026-09-07T06:50:12.7223863Z    Compiling arrayref v0.3.9
2026-09-07T06:50:12.7935507Z    Compiling ctutils v0.4.2
2026-09-07T06:50:13.1093922Z    Compiling h2 v0.4.15
2026-09-07T06:50:13.3970684Z    Compiling alloy-sol-macro-input v1.5.7
2026-09-07T06:50:13.5861070Z    Compiling want v0.3.1
2026-09-07T06:50:13.8377871Z    Compiling darling_macro v0.23.0
2026-09-07T06:50:14.0164027Z    Compiling p3-fri v0.4.3-succinct
2026-09-07T06:50:14.5566071Z    Compiling slop-merkle-tree v6.3.1
2026-09-07T06:50:14.6433676Z    Compiling dashu-ratio v0.4.4
2026-09-07T06:50:14.7560143Z    Compiling proc-macro-crate v1.3.1
2026-09-07T06:50:15.3463459Z    Compiling crypto-common v0.2.2
2026-09-07T06:50:15.3465481Z    Compiling block-buffer v0.12.1
2026-09-07T06:50:15.4353280Z    Compiling tinystr v0.8.3
2026-09-07T06:50:15.6648573Z    Compiling darling_core v0.20.11
2026-09-07T06:50:16.3473976Z    Compiling http v0.2.12
2026-09-07T06:50:17.8964015Z    Compiling bincode v1.3.3
2026-09-07T06:50:18.2512517Z    Compiling sp1-derive v6.3.1
2026-09-07T06:50:18.7093774Z    Compiling vsimd v0.8.0
2026-09-07T06:50:18.8525883Z    Compiling anyhow v1.0.103
2026-09-07T06:50:19.0364404Z    Compiling outref v0.5.2
2026-09-07T06:50:19.0863849Z    Compiling pastey v0.2.3
2026-09-07T06:50:19.2287154Z    Compiling konst_macro_rules v0.2.19
2026-09-07T06:50:19.3039421Z    Compiling elf v0.7.4
2026-09-07T06:50:19.3824407Z    Compiling httpdate v1.0.3
2026-09-07T06:50:19.6380077Z    Compiling const-oid v0.10.2
2026-09-07T06:50:19.8249376Z    Compiling writeable v0.6.3
2026-09-07T06:50:19.8864471Z    Compiling litemap v0.8.2
2026-09-07T06:50:19.9644130Z    Compiling sp1-primitives v6.3.1
2026-09-07T06:50:20.0174212Z    Compiling icu_locale_core v2.2.0
2026-09-07T06:50:20.3697432Z    Compiling digest v0.11.3
2026-09-07T06:50:20.4889537Z    Compiling hyper v1.10.1
2026-09-07T06:50:20.7993772Z    Compiling dashu-macros v0.4.2
2026-09-07T06:50:21.2494455Z    Compiling konst v0.2.20
2026-09-07T06:50:22.4561811Z    Compiling base64-simd v0.8.0
2026-09-07T06:50:22.8491059Z    Compiling darling_macro v0.20.11
2026-09-07T06:50:23.0037883Z    Compiling http-body v0.4.6
2026-09-07T06:50:23.0173925Z    Compiling num_enum_derive v0.5.11
2026-09-07T06:50:23.1673836Z    Compiling slop-basefold v6.3.1
2026-09-07T06:50:23.3704392Z    Compiling hashbrown v0.14.5
2026-09-07T06:50:23.4822642Z    Compiling slop-fri v6.3.1
2026-09-07T06:50:23.8824543Z    Compiling darling v0.23.0
2026-09-07T06:50:23.9221655Z    Compiling alloy-sol-macro-expander v1.5.7
2026-09-07T06:50:23.9289753Z    Compiling atomic v0.6.1
2026-09-07T06:50:24.0198538Z    Compiling zerotrie v0.2.4
2026-09-07T06:50:24.3231039Z    Compiling potential_utf v0.1.5
2026-09-07T06:50:24.4113920Z    Compiling slop-dft v6.3.1
2026-09-07T06:50:24.4975783Z    Compiling dynasm v3.2.1
2026-09-07T06:50:24.5053894Z    Compiling ethereum_serde_utils v0.8.1
2026-09-07T06:50:25.5885472Z    Compiling bytes-utils v0.1.4
2026-09-07T06:50:25.6186698Z    Compiling itertools v0.13.0
2026-09-07T06:50:25.7884502Z    Compiling md-5 v0.10.6
2026-09-07T06:50:25.8660285Z    Compiling auto_impl v1.3.0
2026-09-07T06:50:26.8423990Z    Compiling sha1_smol v1.0.1
2026-09-07T06:50:27.0434231Z    Compiling pin-utils v0.1.0
2026-09-07T06:50:27.0613953Z    Compiling ipnet v2.12.0
2026-09-07T06:50:27.0833877Z    Compiling icu_properties_data v2.2.0
2026-09-07T06:50:27.1584988Z    Compiling utf8_iter v1.0.4
2026-09-07T06:50:27.2416730Z    Compiling icu_normalizer_data v2.2.0
2026-09-07T06:50:27.4170177Z    Compiling tiny-keccak v2.0.2
2026-09-07T06:50:27.4938771Z    Compiling rustls v0.23.42
2026-09-07T06:50:27.5591219Z    Compiling sp1-jit v6.3.1
2026-09-07T06:50:27.8935739Z    Compiling hyper-util v0.1.20
2026-09-07T06:50:28.0074496Z    Compiling icu_collections v2.2.0
2026-09-07T06:50:28.5954154Z    Compiling aws-smithy-types v1.6.1
2026-09-07T06:50:30.6754096Z    Compiling uuid v1.24.0
2026-09-07T06:50:31.3164254Z    Compiling ethereum_ssz v0.9.1
2026-09-07T06:50:32.0563957Z    Compiling alloy-sol-macro v1.5.7
2026-09-07T06:50:32.2433926Z    Compiling slop-basefold-prover v6.3.1
2026-09-07T06:50:32.3091798Z    Compiling icu_provider v2.2.0
2026-09-07T06:50:32.3273943Z    Compiling darling v0.20.11
2026-09-07T06:50:32.4463985Z    Compiling const_format v0.2.36
2026-09-07T06:50:32.7823776Z    Compiling p3-air v0.4.3-succinct
2026-09-07T06:50:32.9423850Z    Compiling clap_derive v4.6.1
2026-09-07T06:50:33.2203941Z    Compiling scopeguard v1.2.0
2026-09-07T06:50:33.8911570Z    Compiling utf8parse v0.2.2
2026-09-07T06:50:34.1732486Z    Compiling byte-slice-cast v1.2.3
2026-09-07T06:50:34.3028093Z    Compiling crc-catalog v2.5.0
2026-09-07T06:50:34.3633924Z    Compiling crc v3.4.0
2026-09-07T06:50:34.8033792Z    Compiling anstyle-parse v1.0.0
2026-09-07T06:50:34.9623968Z    Compiling lock_api v0.4.14
2026-09-07T06:50:35.6038217Z    Compiling slop-stacked v6.3.1
2026-09-07T06:50:35.6133967Z    Compiling alloy-sol-types v1.5.7
2026-09-07T06:50:35.8371130Z    Compiling serde_with_macros v3.21.0
2026-09-07T06:50:35.8503850Z    Compiling slop-sumcheck v6.3.1
2026-09-07T06:50:35.9774403Z    Compiling derive_more v1.0.0
2026-09-07T06:50:36.0223933Z    Compiling strum v0.27.2
2026-09-07T06:50:36.1073900Z    Compiling nybbles v0.4.8
2026-09-07T06:50:36.4864432Z    Compiling aws-smithy-async v1.3.0
2026-09-07T06:50:36.5354164Z    Compiling enum-map-derive v0.17.0
2026-09-07T06:50:36.6775476Z    Compiling aws-smithy-runtime-api-macros v1.1.0
2026-09-07T06:50:36.7783909Z    Compiling anstyle v1.0.14
2026-09-07T06:50:36.8574919Z    Compiling adler2 v2.0.1
2026-09-07T06:50:36.9113931Z    Compiling simd-adler32 v0.3.10
2026-09-07T06:50:36.9203773Z    Compiling sp1-core-executor v6.3.1
2026-09-07T06:50:36.9993768Z    Compiling colorchoice v1.0.5
2026-09-07T06:50:37.0313952Z    Compiling anstyle-query v1.1.5
2026-09-07T06:50:37.0833879Z    Compiling openssl-probe v0.2.1
2026-09-07T06:50:37.3283795Z    Compiling is_terminal_polyfill v1.70.2
2026-09-07T06:50:37.4543990Z    Compiling anstream v1.0.0
2026-09-07T06:50:37.5243733Z    Compiling rustls-native-certs v0.8.4
2026-09-07T06:50:37.6473898Z    Compiling miniz_oxide v0.8.9
2026-09-07T06:50:38.1594112Z    Compiling aws-smithy-runtime-api v1.13.0
2026-09-07T06:50:38.2981135Z    Compiling serde_with v3.21.0
2026-09-07T06:50:38.5444460Z    Compiling alloy-trie v0.9.5
2026-09-07T06:50:40.2753862Z    Compiling scale-info v2.11.6
2026-09-07T06:50:40.9703954Z    Compiling slop-jagged v6.3.1
2026-09-07T06:50:41.5014052Z    Compiling icu_properties v2.2.0
2026-09-07T06:50:41.5964130Z    Compiling icu_normalizer v2.2.0
2026-09-07T06:50:42.1690207Z    Compiling alloy-eip2124 v0.2.0
2026-09-07T06:50:42.6238478Z    Compiling p3-uni-stark v0.4.3-succinct
2026-09-07T06:50:42.6704209Z    Compiling ethereum_ssz_derive v0.9.1
2026-09-07T06:50:42.9095539Z    Compiling primeorder v0.13.6
2026-09-07T06:50:43.0393918Z    Compiling alloy-eip7928 v0.3.7
2026-09-07T06:50:43.0821848Z    Compiling alloy-eip7702 v0.6.3
2026-09-07T06:50:43.1302225Z    Compiling alloy-serde v1.8.3
2026-09-07T06:50:43.5154356Z    Compiling alloy-eip2930 v0.2.3
2026-09-07T06:50:43.8003835Z    Compiling num-rational v0.4.2
2026-09-07T06:50:44.0602172Z    Compiling num-iter v0.1.46
2026-09-07T06:50:44.1228619Z    Compiling num-complex v0.4.6
2026-09-07T06:50:44.2113678Z    Compiling memmap2 v0.9.11
2026-09-07T06:50:44.3353858Z    Compiling twox-hash v2.1.2
2026-09-07T06:50:44.3523961Z    Compiling clap_lex v1.1.0
2026-09-07T06:50:44.4074397Z    Compiling foldhash v0.1.5
2026-09-07T06:50:44.4843867Z    Compiling hashbrown v0.15.5
2026-09-07T06:50:44.4900201Z    Compiling clap_builder v4.6.2
2026-09-07T06:50:44.8848933Z    Compiling num v0.4.3
2026-09-07T06:50:44.9218495Z    Compiling ruzstd v0.8.3
2026-09-07T06:50:45.3263884Z    Compiling dynasmrt v3.2.1
2026-09-07T06:50:45.6260470Z    Compiling alloy-eips v1.8.3
2026-09-07T06:50:45.7095792Z    Compiling p256 v0.13.2
2026-09-07T06:50:46.2313847Z    Compiling slop-uni-stark v6.3.1
2026-09-07T06:50:46.2773976Z    Compiling idna_adapter v1.2.2
2026-09-07T06:50:46.3314837Z    Compiling slop-whir v6.3.1
2026-09-07T06:50:46.5564515Z    Compiling snowbridge-amcl v1.0.2
2026-09-07T06:50:46.7994496Z    Compiling flate2 v1.1.9
2026-09-07T06:50:47.0591921Z    Compiling parking_lot v0.12.5
2026-09-07T06:50:47.7071187Z    Compiling deepsize2 v0.1.0
2026-09-07T06:50:47.8143994Z    Compiling slop-air v6.3.1
2026-09-07T06:50:47.8751195Z    Compiling alloy-tx-macros v1.8.3
2026-09-07T06:50:48.1657248Z    Compiling num_enum v0.5.11
2026-09-07T06:50:48.2114241Z    Compiling dashu v0.4.4
2026-09-07T06:50:48.2543967Z    Compiling memfd v0.6.5
2026-09-07T06:50:48.4334511Z    Compiling struct-reflection v0.1.0
2026-09-07T06:50:48.5213939Z    Compiling subenum v1.2.0
2026-09-07T06:50:48.5414772Z    Compiling rayon-scan v0.1.1
2026-09-07T06:50:48.6024398Z    Compiling generic-array v1.1.0
2026-09-07T06:50:48.6881868Z    Compiling indenter v0.3.4
2026-09-07T06:50:48.7364013Z    Compiling downcast-rs v1.2.1
2026-09-07T06:50:48.8635371Z    Compiling camino v1.2.4
2026-09-07T06:50:49.0544704Z    Compiling thousands v0.2.0
2026-09-07T06:50:49.1254902Z    Compiling sp1-hypercube v6.3.1
2026-09-07T06:50:49.6037432Z    Compiling sp1-curves v6.3.1
2026-09-07T06:50:49.9149169Z    Compiling rrs-succinct v0.2.0
2026-09-07T06:50:50.1389129Z    Compiling alloy-consensus v1.8.3
2026-09-07T06:50:52.8864526Z    Compiling idna v1.1.0
2026-09-07T06:50:54.4204572Z    Compiling clap v4.6.2
2026-09-07T06:50:54.4534224Z    Compiling enum-map v2.7.3
2026-09-07T06:50:54.5629185Z    Compiling webpki-roots v1.0.8
2026-09-07T06:50:54.5763361Z    Compiling slop-maybe-rayon v6.3.1
2026-09-07T06:50:54.5925761Z    Compiling serde_arrays v0.2.0
2026-09-07T06:50:54.6084254Z    Compiling vec_map v0.8.2
2026-09-07T06:50:54.6243958Z    Compiling async-trait v0.1.89
2026-09-07T06:50:54.7689125Z    Compiling fastrand v2.4.1
2026-09-07T06:50:56.7692216Z    Compiling url v2.5.8
2026-09-07T06:51:01.8495885Z    Compiling sp1-core-executor-runner-binary v6.3.1
2026-09-07T06:51:07.8153939Z    Compiling alloy-consensus-any v1.8.3
2026-09-07T06:51:07.8914417Z    Compiling alloy-network-primitives v1.8.3
2026-09-07T06:51:10.7851006Z    Compiling alloy-rpc-types-eth v1.8.3
2026-09-07T06:51:14.3771258Z    Compiling prost-derive v0.13.5
2026-09-07T06:51:15.5523725Z    Compiling aws-smithy-schema v0.2.0
2026-09-07T06:51:17.3303568Z    Compiling crash-context v0.6.3
2026-09-07T06:51:17.3882944Z    Compiling crash-handler v0.7.0
2026-09-07T06:51:18.4340753Z    Compiling cargo-platform v0.1.9
2026-09-07T06:51:18.6487745Z    Compiling cargo_metadata v0.18.1
2026-09-07T06:51:20.4514436Z    Compiling aws-smithy-http v0.64.0
2026-09-07T06:51:21.1377565Z    Compiling aws-credential-types v1.3.0
2026-09-07T06:51:21.6424325Z    Compiling alloy-json-rpc v1.8.3
2026-09-07T06:51:21.9815776Z    Compiling aws-types v1.4.0
2026-09-07T06:51:22.2633793Z    Compiling keccak v0.2.0
2026-09-07T06:51:22.3579990Z    Compiling range-set-blaze v0.1.16
2026-09-07T06:51:22.4350116Z    Compiling futures-utils-wasm v0.1.0
2026-09-07T06:51:22.4720929Z    Compiling gimli v0.32.3
2026-09-07T06:51:22.9843927Z    Compiling sha3 v0.11.0
2026-09-07T06:51:24.8032331Z    Compiling addr2line v0.25.1
2026-09-07T06:51:25.1438971Z    Compiling sp1-core-executor-runner v6.3.1
2026-09-07T06:51:25.4859930Z    Compiling aws-smithy-observability v0.3.0
2026-09-07T06:51:25.7573852Z    Compiling sha2 v0.11.0
2026-09-07T06:51:27.4642129Z    Compiling hmac v0.13.0
2026-09-07T06:51:27.6315065Z    Compiling serde_urlencoded v0.7.1
2026-09-07T06:51:27.8101219Z    Compiling tokio-stream v0.1.18
2026-09-07T06:51:28.2193951Z    Compiling async-stream-impl v0.3.6
2026-09-07T06:51:28.5044378Z    Compiling rustc-demangle v0.1.28
2026-09-07T06:51:29.3744032Z    Compiling rustls-webpki v0.103.13
2026-09-07T06:51:31.4854414Z    Compiling half v1.8.3
2026-09-07T06:51:31.7620445Z    Compiling gen_ops v0.4.0
2026-09-07T06:51:31.7935556Z    Compiling prettyplease v0.2.37
2026-09-07T06:51:32.2464043Z    Compiling prost v0.13.5
2026-09-07T06:51:32.2684079Z    Compiling serde_cbor v0.11.2
2026-09-07T06:51:32.5214244Z    Compiling backtrace v0.3.76
2026-09-07T06:51:33.1534008Z    Compiling async-stream v0.3.6
2026-09-07T06:51:33.9154463Z    Compiling aws-sigv4 v1.5.1
2026-09-07T06:51:36.4654074Z    Compiling tokio-rustls v0.26.4
2026-09-07T06:51:36.6965888Z    Compiling hyper-rustls v0.27.9
2026-09-07T06:51:37.2043928Z    Compiling aws-smithy-http-client v1.2.0
2026-09-07T06:51:47.6924342Z    Compiling aws-smithy-runtime v1.12.0
2026-09-07T06:51:51.5194391Z    Compiling alloy-rpc-types-any v1.8.3
2026-09-07T06:51:51.5731918Z    Compiling alloy-signer v1.8.3
2026-09-07T06:51:51.7374011Z    Compiling p3-keccak-air v0.4.3-succinct
2026-09-07T06:51:51.9064001Z    Compiling sysinfo v0.30.13
2026-09-07T06:51:53.4483945Z    Compiling winnow v0.7.15
2026-09-07T06:51:55.3345993Z    Compiling fixedbitset v0.5.7
2026-09-07T06:51:55.6764014Z    Compiling tempfile v3.27.0
2026-09-07T06:51:55.9564027Z    Compiling petgraph v0.7.1
2026-09-07T06:51:57.0313934Z    Compiling alloy-sol-type-parser v1.5.7
2026-09-07T06:51:57.1764042Z    Compiling slop-keccak-air v6.3.1
2026-09-07T06:51:57.2220026Z    Compiling alloy-network v1.8.3
2026-09-07T06:51:57.7057344Z    Compiling aws-runtime v1.8.1
2026-09-07T06:51:58.0634110Z    Compiling sp1-recursion-executor v6.3.1
2026-09-07T06:51:59.6146480Z    Compiling prost-types v0.13.5
2026-09-07T06:52:00.6744488Z    Compiling aws-smithy-json v0.63.0
2026-09-07T06:52:01.9484834Z    Compiling regex v1.13.1
2026-09-07T06:52:02.2724049Z    Compiling fips204 v0.4.6 (/home/runner/work/_temp/arc-proof-identities/src-a/third_party/fips204)
2026-09-07T06:52:03.4073982Z    Compiling arc-swap v1.9.2
2026-09-07T06:52:03.5474062Z    Compiling indexmap v1.9.3
2026-09-07T06:52:03.6014235Z    Compiling regex-lite v0.1.9
2026-09-07T06:52:03.6333964Z    Compiling strsim v0.10.0
2026-09-07T06:52:03.8134035Z    Compiling mime v0.3.17
2026-09-07T06:52:04.1793976Z    Compiling multimap v0.10.1
2026-09-07T06:52:04.2713800Z    Compiling prost-build v0.13.5
2026-09-07T06:52:05.2134003Z    Compiling axum-core v0.4.5
2026-09-07T06:52:06.0205927Z    Compiling darling_core v0.13.4
2026-09-07T06:52:07.6064654Z    Compiling postfiat-crypto-provider v0.1.0 (/home/runner/work/_temp/arc-proof-identities/src-a/crates/crypto_provider)
2026-09-07T06:52:07.6574766Z    Compiling postfiat-types v0.1.0 (/home/runner/work/_temp/arc-proof-identities/src-a/crates/types)
2026-09-07T06:52:09.6654251Z    Compiling tower-http v0.6.11
2026-09-07T06:52:10.1834497Z    Compiling zstd-sys v2.0.16+zstd.1.5.7
2026-09-07T06:52:10.3623854Z    Compiling serde_path_to_error v0.1.20
2026-09-07T06:52:10.6794350Z    Compiling num_enum_derive v0.7.6
2026-09-07T06:52:10.6984151Z    Compiling hashbrown v0.12.3
2026-09-07T06:52:11.2064025Z    Compiling matchit v0.7.3
2026-09-07T06:52:11.3393593Z    Compiling base64 v0.13.1
2026-09-07T06:52:11.5169333Z    Compiling iana-time-zone v0.1.65
2026-09-07T06:52:11.5534286Z    Compiling unicode-width v0.1.14
2026-09-07T06:52:11.6403972Z    Compiling chrono v0.4.45
2026-09-07T06:52:11.7001816Z    Compiling svgbobdoc v0.3.0
2026-09-07T06:52:11.9444483Z    Compiling axum v0.7.9
2026-09-07T06:52:12.7633941Z    Compiling num_enum v0.7.6
2026-09-07T06:52:17.0526535Z    Compiling reqwest v0.12.28
2026-09-07T06:52:35.1403256Z    Compiling darling_macro v0.13.4
2026-09-07T06:52:35.2880240Z    Compiling tonic-build v0.12.3
2026-09-07T06:52:36.0841951Z    Compiling sp1-recursion-machine v6.3.1
2026-09-07T06:52:44.4460613Z    Compiling alloy-transport v1.8.3
2026-09-07T06:52:46.8784438Z    Compiling ethereum_hashing v0.7.0
2026-09-07T06:52:47.0960369Z    Compiling curve25519-dalek v4.1.3 (https://github.com/sp1-patches/curve25519-dalek?tag=patch-4.1.3-sp1-6.2.0#b251b2a1)
2026-09-07T06:52:47.1883479Z    Compiling digest v0.9.0
2026-09-07T06:52:47.2594400Z    Compiling option-ext v0.2.0
2026-09-07T06:52:47.2994687Z    Compiling libm v0.2.16
2026-09-07T06:52:47.4403983Z    Compiling getrandom v0.3.4
2026-09-07T06:52:47.6134221Z    Compiling xmlparser v0.13.6
2026-09-07T06:52:48.4577224Z    Compiling urlencoding v2.1.3
2026-09-07T06:52:48.5994005Z    Compiling portable-atomic v1.14.0
2026-09-07T06:52:48.8253945Z    Compiling const-default v1.0.0
2026-09-07T06:52:48.8778290Z    Compiling rustc-hex v2.1.0
2026-09-07T06:52:48.9694387Z    Compiling substrate-bn-succinct-rs v0.6.0
2026-09-07T06:52:50.8043874Z    Compiling rlsf v0.2.2
2026-09-07T06:52:51.0773753Z    Compiling aws-smithy-query v0.61.1
2026-09-07T06:52:51.2163927Z    Compiling aws-smithy-xml v0.61.1
2026-09-07T06:52:54.4974713Z    Compiling dirs-sys v0.4.1
2026-09-07T06:52:54.8697530Z    Compiling tree_hash v0.10.0
2026-09-07T06:52:55.2354118Z    Compiling alloy-rpc-client v1.8.3
2026-09-07T06:52:56.0813677Z    Compiling sp1-prover-types v6.3.1
2026-09-07T06:52:56.4353938Z    Compiling darling v0.13.4
2026-09-07T06:52:56.4753808Z    Compiling tower v0.4.13
2026-09-07T06:52:56.7084563Z    Compiling alloy-chains v0.2.34
2026-09-07T06:52:57.4685175Z    Compiling alloy-json-abi v1.5.7
2026-09-07T06:52:57.7054999Z    Compiling alloy-rpc-types v1.8.3
2026-09-07T06:52:57.7750391Z    Compiling dashmap v6.2.1
2026-09-07T06:52:58.1813036Z    Compiling typeid_suffix v1.3.0
2026-09-07T06:52:58.3884491Z    Compiling hyper-timeout v0.5.2
2026-09-07T06:52:58.5372634Z    Compiling rustls-pemfile v2.2.0
2026-09-07T06:52:58.7053963Z    Compiling alloy-core v1.5.7
2026-09-07T06:52:58.7582086Z    Compiling lru v0.16.4
2026-09-07T06:52:58.8854049Z    Compiling pairing v0.23.0
2026-09-07T06:52:58.9353857Z    Compiling itertools v0.10.5
2026-09-07T06:52:59.7938340Z    Compiling block-buffer v0.9.0
2026-09-07T06:52:59.8543103Z    Compiling curve25519-dalek-derive v0.1.1 (https://github.com/sp1-patches/curve25519-dalek?tag=patch-4.1.3-sp1-6.2.0#b251b2a1)
2026-09-07T06:53:00.1814058Z    Compiling sp1-recursion-gnark-ffi v6.3.1
2026-09-07T06:53:00.2444494Z    Compiling socket2 v0.5.10
2026-09-07T06:53:00.2564326Z    Compiling opaque-debug v0.3.1
2026-09-07T06:53:00.2968295Z    Compiling zstd-safe v7.2.4
2026-09-07T06:53:00.3834040Z    Compiling sp1-zkvm v6.3.1
2026-09-07T06:53:00.4764135Z    Compiling unicode-width v0.2.2
2026-09-07T06:53:00.6563945Z    Compiling critical-section v1.2.0
2026-09-07T06:53:00.7080153Z    Compiling typeid_prefix v1.2.1
2026-09-07T06:53:00.9323634Z    Compiling linked_list_allocator v0.10.6
2026-09-07T06:53:01.0242098Z    Compiling embedded-alloc v0.6.0
2026-09-07T06:53:01.0660391Z    Compiling mti v1.1.1
2026-09-07T06:53:01.1494394Z    Compiling console v0.15.11
2026-09-07T06:53:01.2724235Z    Compiling tonic v0.12.3
2026-09-07T06:53:01.3744133Z    Compiling sha2 v0.9.9
2026-09-07T06:53:02.7008942Z    Compiling superstruct v0.7.0
2026-09-07T06:53:03.4074339Z    Compiling bls12_381 v0.8.0
2026-09-07T06:53:04.9904247Z    Compiling alloy-provider v1.8.3
2026-09-07T06:53:08.8744332Z    Compiling alloy v1.8.3
2026-09-07T06:53:08.9333684Z    Compiling alloy-dyn-abi v1.5.7
2026-09-07T06:53:11.9893810Z    Compiling ssz_types v0.11.0
2026-09-07T06:53:12.1973810Z    Compiling dirs v5.0.1
2026-09-07T06:53:12.4104331Z    Compiling aws-sdk-sts v1.108.0
2026-09-07T06:53:13.7083897Z    Compiling sp1-verifier v6.3.1
2026-09-07T06:53:13.9038362Z    Compiling aws-sdk-sso v1.103.0
2026-09-07T06:53:26.1900286Z    Compiling aws-sdk-ssooidc v1.105.0
2026-09-07T06:53:28.3554392Z    Compiling tree_hash_derive v0.10.0
2026-09-07T06:53:28.6523917Z    Compiling sp1-lib v6.3.1
2026-09-07T06:53:28.9533967Z    Compiling async-scoped v0.9.0
2026-09-07T06:53:29.0595155Z    Compiling ed25519 v2.2.3
2026-09-07T06:53:29.1984500Z    Compiling sha1 v0.10.7
2026-09-07T06:53:29.9254231Z    Compiling serial_test_derive v3.5.0
2026-09-07T06:53:30.7754320Z    Compiling number_prefix v0.4.0
2026-09-07T06:53:30.8498154Z    Compiling minimal-lexical v0.2.1
2026-09-07T06:53:31.4243900Z    Compiling symlink v0.1.0
2026-09-07T06:53:31.4703702Z    Compiling tracing-appender v0.2.5
2026-09-07T06:53:34.5343938Z    Compiling nom v7.1.3
2026-09-07T06:53:34.5584481Z    Compiling indicatif v0.17.11
2026-09-07T06:53:37.3468940Z    Compiling serial_test v3.5.0
2026-09-07T06:53:37.9073942Z    Compiling aws-config v1.9.0
2026-09-07T06:53:40.6263702Z    Compiling ed25519-dalek v2.2.0
2026-09-07T06:53:41.0404498Z    Compiling helios-consensus-core v0.11.1 (https://github.com/a16z/helios?tag=0.11.1#204c998a)
2026-09-07T06:53:41.7494397Z    Compiling alloy-contract v1.8.3
2026-09-07T06:53:43.8634360Z    Compiling postfiat-mempool-dag v0.1.0 (/home/runner/work/_temp/arc-proof-identities/src-a/crates/mempool_dag)
2026-09-07T06:53:45.5444352Z    Compiling aws-sdk-kms v1.112.0
2026-09-07T06:53:46.9214233Z    Compiling lru v0.12.5
2026-09-07T06:53:47.0384003Z    Compiling opentelemetry v0.23.0
2026-09-07T06:53:49.0254229Z    Compiling instant v0.1.13
2026-09-07T06:53:49.0760254Z    Compiling backoff v0.4.0
2026-09-07T06:53:49.2204539Z    Compiling sp1-helios-primitives v0.1.0 (https://github.com/succinctlabs/sp1-helios?rev=b9bdddf8221e31d41075d4a97f9a14ca6df13cf0#b9bdddf8)
2026-09-07T06:53:50.5684351Z    Compiling postfiat-ordering-fast v0.1.0 (/home/runner/work/_temp/arc-proof-identities/src-a/crates/ordering_fast)
2026-09-07T06:53:57.1114121Z    Compiling alloy-signer-aws v1.8.3
2026-09-07T06:54:01.1114417Z    Compiling zstd v0.13.3
2026-09-07T06:54:01.4264013Z    Compiling sp1-build v6.3.1
2026-09-07T06:54:04.9474047Z    Compiling eventsource-stream v0.2.3
2026-09-07T06:54:05.3164000Z    Compiling twirp-rs v0.13.0-succinct
2026-09-07T06:54:05.4114697Z    Compiling postfiat-consensus-cobalt v0.1.0 (/home/runner/work/_temp/arc-proof-identities/src-a/crates/consensus_cobalt)
2026-09-07T06:54:06.4764292Z    Compiling postfiat-bridge v0.1.0 (/home/runner/work/_temp/arc-proof-identities/src-a/crates/bridge)
2026-09-07T06:54:12.9733065Z    Compiling reqwest-middleware v0.3.3
2026-09-07T06:54:13.6998973Z    Compiling alloy-signer-local v1.8.3
2026-09-07T06:54:13.9324165Z    Compiling postfiat-pfusdc-proofs v0.1.0 (/home/runner/work/_temp/arc-proof-identities/src-a/crates/pfusdc_proofs)
2026-09-07T06:54:18.3534765Z    Compiling pfusdc-ingress-program v0.1.0 (/home/runner/work/_temp/arc-proof-identities/src-a/programs/pfusdc-ingress)
2026-09-07T06:54:21.4718410Z    Compiling pfusdc-arc-ingress-program v0.1.0 (/home/runner/work/_temp/arc-proof-identities/src-a/programs/pfusdc-arc-ingress)
2026-09-07T06:54:23.6654178Z    Compiling arc-conformance v0.1.0 (/home/runner/work/_temp/arc-proof-identities/src-a/crates/arc-conformance)
2026-09-07T06:55:13.5758709Z    Compiling sp1-core-machine v6.3.1
2026-09-07T06:55:19.1921035Z    Compiling sp1-recursion-compiler v6.3.1
2026-09-07T06:55:20.7493893Z    Compiling sp1-recursion-circuit v6.3.1
2026-09-07T06:55:30.0840215Z    Compiling sp1-prover v6.3.1
2026-09-07T06:55:50.4716248Z    Compiling sp1-sdk v6.3.1
2026-09-07T06:56:53.2783517Z    Compiling pfusdc-tier4-prover v0.1.0 (/home/runner/work/_temp/arc-proof-identities/src-a/tools/pfusdc-tier4-prover)
2026-09-07T06:58:33.8963277Z     Finished `release` profile [optimized] target(s) in 9m 31s
2026-09-07T06:58:34.0120683Z      Running `/home/runner/work/_temp/arc-proof-identities/src-a/tools/pfusdc-tier4-prover/target/release/pfusdc-tier4-prover program-info --output /home/runner/work/_temp/arc-proof-identities/report/program-info.json`
2026-09-07T07:00:15.1216936Z {
2026-09-07T07:00:15.1221497Z   "arc_ingress": {
2026-09-07T07:00:15.1221937Z     "elf_sha256": "7660fcc58677cfec433a5f2337b9fe46fa96374a1e3c4bd6fba625b982d881bc",
2026-09-07T07:00:15.1222633Z     "program_vkey": "0x0050a8b0daed2fa75f44d4102b42204c34668a03d311cb727cc6ca3f8df5cf16"
2026-09-07T07:00:15.1223311Z   },
2026-09-07T07:00:15.1223511Z   "egress": {
2026-09-07T07:00:15.1224170Z     "elf_sha256": "0af263d3282303898211d707cd3a8b68a24edcf2dc2f93d524c7724a0bcd8d25",
2026-09-07T07:00:15.1224817Z     "program_vkey": "0x0091b4f428f67fd623cdccbdebc4697240ba50ccee90781706faa08310ef0b86"
2026-09-07T07:00:15.1225296Z   },
2026-09-07T07:00:15.1225489Z   "ingress": {
2026-09-07T07:00:15.1225867Z     "elf_sha256": "7c581aa42a196bd5df5a1efc2c4569663744d9b597cc1cd2253e839f9ba2f921",
2026-09-07T07:00:15.1226504Z     "program_vkey": "0x0033bd140207b97fb2442eb279cc2ce55714be6fbcd66beb325fe7c3786d4dfc"
2026-09-07T07:00:15.1226973Z   },
2026-09-07T07:00:15.1227232Z   "schema": "postfiat.pfusdc.tier4_program_info.v1",
2026-09-07T07:00:15.1227587Z   "sp1_sdk_version": "6.3.1"
2026-09-07T07:00:15.1227851Z }
2026-09-07T07:00:15.4817180Z false
2026-09-07T07:00:15.4866710Z ##[error]Process completed with exit code 1.
2026-09-07T07:00:15.4995219Z Node 20 is being deprecated. This workflow is running with Node 24 by default. If you need to temporarily use Node 20, you can set the ACTIONS_ALLOW_USE_UNSECURE_NODE_VERSION=true environment variable. For more information see: https://github.blog/changelog/2025-09-19-deprecation-of-node-20-on-github-actions-runners/
2026-09-07T07:00:15.4996678Z ##[group]Run actions/upload-artifact@ea165f8d65b6e75b540449e92b4886f43607fa02
2026-09-07T07:00:15.4996988Z with:
2026-09-07T07:00:15.4997166Z   name: arc-current-v2-proof-identities
2026-09-07T07:00:15.4997439Z   path: /home/runner/work/_temp/arc-proof-identities/report
2026-09-07T07:00:15.4997700Z   if-no-files-found: error
2026-09-07T07:00:15.4997889Z   retention-days: 30
2026-09-07T07:00:15.4998062Z   compression-level: 6
2026-09-07T07:00:15.4998235Z   overwrite: false
2026-09-07T07:00:15.4998434Z   include-hidden-files: false
2026-09-07T07:00:15.4998633Z ##[endgroup]
2026-09-07T07:00:16.2002296Z (node:36635) [DEP0040] DeprecationWarning: The `punycode` module is deprecated. Please use a userland alternative instead.
2026-09-07T07:00:16.2003404Z (Use `node --trace-deprecation ...` to show where the warning was created)
2026-09-07T07:00:16.2069914Z With the provided path, there will be 3 files uploaded
2026-09-07T07:00:16.2070314Z Artifact name is valid!
2026-09-07T07:00:16.2070505Z Root directory input is valid!
2026-09-07T07:00:16.4208603Z Beginning upload of artifact content to blob storage
2026-09-07T07:00:16.5634224Z (node:36635) [DEP0169] DeprecationWarning: `url.parse()` behavior is not standardized and prone to errors that have security implications. Use the WHATWG URL API instead. CVEs are not issued for `url.parse()` vulnerabilities.
2026-09-07T07:00:16.6435927Z Uploaded bytes 1521619
2026-09-07T07:00:16.6568857Z Finished uploading artifact content to blob storage!
2026-09-07T07:00:16.6569627Z SHA256 digest of uploaded artifact zip is e197bfc2f98784d9589c5444288baefb24e294666ca12446de78b7287fcc67b5
2026-09-07T07:00:16.6571178Z Finalizing artifact upload
2026-09-07T07:00:16.8884016Z Artifact arc-current-v2-proof-identities.zip successfully finalized. Artifact ID 10007643808
2026-09-07T07:00:16.8885201Z Artifact arc-current-v2-proof-identities has been successfully uploaded! Final size is 1521619 bytes. Artifact ID is 10007643808
2026-09-07T07:00:16.8890565Z Artifact download URL: https://github.com/postfiatorg/postfiatl1v2/actions/runs/34091980005/artifacts/10007643808
2026-09-07T07:00:16.9116263Z Node 20 is being deprecated. This workflow is running with Node 24 by default. If you need to temporarily use Node 20, you can set the ACTIONS_ALLOW_USE_UNSECURE_NODE_VERSION=true environment variable. For more information see: https://github.blog/changelog/2025-09-19-deprecation-of-node-20-on-github-actions-runners/
2026-09-07T07:00:16.9117230Z Post job cleanup.
2026-09-07T07:00:16.9875096Z [command]/usr/bin/git version
2026-09-07T07:00:16.9911510Z git version 2.55.0
2026-09-07T07:00:16.9939518Z Temporarily overriding HOME='/home/runner/work/_temp/0ccf2485-237c-41f7-9723-ee183ede91f6' before making global git config changes
2026-09-07T07:00:16.9940540Z Adding repository directory to the temporary git global config as a safe directory
2026-09-07T07:00:16.9944085Z [command]/usr/bin/git config --global --add safe.directory /home/runner/work/postfiatl1v2/postfiatl1v2
2026-09-07T07:00:16.9974741Z [command]/usr/bin/git config --local --name-only --get-regexp core\.sshCommand
2026-09-07T07:00:17.0001733Z [command]/usr/bin/git submodule foreach --recursive sh -c "git config --local --name-only --get-regexp 'core\.sshCommand' && git config --local --unset-all 'core.sshCommand' || :"
2026-09-07T07:00:17.0236503Z [command]/usr/bin/git config --local --name-only --get-regexp http\.https\:\/\/github\.com\/\.extraheader
2026-09-07T07:00:17.0260648Z http.https://github.com/.extraheader
2026-09-07T07:00:17.0269495Z [command]/usr/bin/git config --local --unset-all http.https://github.com/.extraheader
2026-09-07T07:00:17.0296710Z [command]/usr/bin/git submodule foreach --recursive sh -c "git config --local --name-only --get-regexp 'http\.https\:\/\/github\.com\/\.extraheader' && git config --local --unset-all 'http.https://github.com/.extraheader' || :"
2026-09-07T07:00:17.0620992Z Cleaning up orphan processes
2026-09-07T07:00:17.0954683Z ##[warning]Node.js 20 is deprecated. The following actions target Node.js 20 but are being forced to run on Node.js 24: actions/checkout@11bd71901bbe5b1630ceea73d27597364c9af683, actions/upload-artifact@ea165f8d65b6e75b540449e92b4886f43607fa02. For more information see: https://github.blog/changelog/2025-09-19-deprecation-of-node-20-on-github-actions-runners/
