2026-09-16T01:30:24.1224645Z Current runner version: '2.337.0'
2026-09-16T01:30:24.1244991Z ##[group]Runner Image Provisioner
2026-09-16T01:30:24.1245719Z Hosted Compute Agent
2026-09-16T01:30:24.1246220Z Version: 20260828.587
2026-09-16T01:30:24.1246800Z Commit: abac92662cab4cc7352de4f9f9d2e2419aad9c29
2026-09-16T01:30:24.1247471Z Build Date: 2026-08-28T16:44:25Z
2026-09-16T01:30:24.1248067Z Worker ID: {1e8cddd5-0d21-44d5-a425-c8ad27656dff}
2026-09-16T01:30:24.1248718Z Azure Region: westus3
2026-09-16T01:30:24.1249205Z ##[endgroup]
2026-09-16T01:30:24.1250292Z ##[group]Operating System
2026-09-16T01:30:24.1250838Z Ubuntu
2026-09-16T01:30:24.1251258Z 24.04.5
2026-09-16T01:30:24.1251882Z LTS
2026-09-16T01:30:24.1252330Z ##[endgroup]
2026-09-16T01:30:24.1252840Z ##[group]Runner Image
2026-09-16T01:30:24.1253431Z Image: ubuntu-24.04
2026-09-16T01:30:24.1253894Z Version: 20260907.300.1
2026-09-16T01:30:24.1254974Z Included Software: https://github.com/actions/runner-images/blob/ubuntu24/20260907.300/images/ubuntu/Ubuntu2404-Readme.md
2026-09-16T01:30:24.1256321Z Image Release: https://github.com/actions/runner-images/releases/tag/ubuntu24%2F20260907.300
2026-09-16T01:30:24.1257118Z ##[endgroup]
2026-09-16T01:30:24.1258029Z ##[group]GITHUB_TOKEN Permissions
2026-09-16T01:30:24.1259542Z Contents: read
2026-09-16T01:30:24.1260025Z Metadata: read
2026-09-16T01:30:24.1260612Z ##[endgroup]
2026-09-16T01:30:24.1262397Z Secret source: Actions
2026-09-16T01:30:24.1263250Z Cache mode: write
2026-09-16T01:30:24.1263820Z Prepare workflow directory
2026-09-16T01:30:24.1520730Z Prepare all required actions
2026-09-16T01:30:24.1557947Z Getting action download info
2026-09-16T01:30:24.4380363Z Download action repository 'actions/checkout@11bd71901bbe5b1630ceea73d27597364c9af683' (SHA:11bd71901bbe5b1630ceea73d27597364c9af683)
2026-09-16T01:30:24.5523377Z Download action repository 'actions/upload-artifact@ea165f8d65b6e75b540449e92b4886f43607fa02' (SHA:ea165f8d65b6e75b540449e92b4886f43607fa02)
2026-09-16T01:30:24.7914618Z Complete job name: reproduce-current-v2-identities (arc-v2-20260902)
2026-09-16T01:30:24.8501036Z Node 20 is being deprecated. This workflow is running with Node 24 by default. If you need to temporarily use Node 20, you can set the ACTIONS_ALLOW_USE_UNSECURE_NODE_VERSION=true environment variable. For more information see: https://github.blog/changelog/2025-09-19-deprecation-of-node-20-on-github-actions-runners/
2026-09-16T01:30:24.8507876Z ##[group]Run actions/checkout@11bd71901bbe5b1630ceea73d27597364c9af683
2026-09-16T01:30:24.8508584Z with:
2026-09-16T01:30:24.8508929Z   fetch-depth: 0
2026-09-16T01:30:24.8509325Z   repository: postfiatorg/postfiatl1v2
2026-09-16T01:30:24.8512394Z   token: ***
2026-09-16T01:30:24.8512758Z   ssh-strict: true
2026-09-16T01:30:24.8513120Z   ssh-user: git
2026-09-16T01:30:24.8513480Z   persist-credentials: true
2026-09-16T01:30:24.8513871Z   clean: true
2026-09-16T01:30:24.8514226Z   sparse-checkout-cone-mode: true
2026-09-16T01:30:24.8514645Z   fetch-tags: false
2026-09-16T01:30:24.8515000Z   show-progress: true
2026-09-16T01:30:24.8515398Z   lfs: false
2026-09-16T01:30:24.8515733Z   submodules: false
2026-09-16T01:30:24.8516090Z   set-safe-directory: true
2026-09-16T01:30:24.8516628Z ##[endgroup]
2026-09-16T01:30:24.9279965Z Syncing repository: postfiatorg/postfiatl1v2
2026-09-16T01:30:24.9281424Z ##[group]Getting Git version info
2026-09-16T01:30:24.9282323Z Working directory is '/home/runner/work/postfiatl1v2/postfiatl1v2'
2026-09-16T01:30:24.9283234Z [command]/usr/bin/git version
2026-09-16T01:30:24.9319767Z git version 2.55.0
2026-09-16T01:30:24.9335409Z ##[endgroup]
2026-09-16T01:30:24.9345754Z Temporarily overriding HOME='/home/runner/work/_temp/4fd10681-a887-47a2-b445-504200699a63' before making global git config changes
2026-09-16T01:30:24.9349631Z Adding repository directory to the temporary git global config as a safe directory
2026-09-16T01:30:24.9350696Z [command]/usr/bin/git config --global --add safe.directory /home/runner/work/postfiatl1v2/postfiatl1v2
2026-09-16T01:30:24.9385652Z Deleting the contents of '/home/runner/work/postfiatl1v2/postfiatl1v2'
2026-09-16T01:30:24.9388545Z ##[group]Initializing the repository
2026-09-16T01:30:24.9392047Z [command]/usr/bin/git init /home/runner/work/postfiatl1v2/postfiatl1v2
2026-09-16T01:30:24.9459937Z hint: Using 'master' as the name for the initial branch. This default branch name
2026-09-16T01:30:24.9460951Z hint: will change to "main" in Git 3.0. To configure the initial branch name
2026-09-16T01:30:24.9462031Z hint: to use in all of your new repositories, which will suppress this warning,
2026-09-16T01:30:24.9462784Z hint: call:
2026-09-16T01:30:24.9463106Z hint:
2026-09-16T01:30:24.9463511Z hint: 	git config --global init.defaultBranch <name>
2026-09-16T01:30:24.9464000Z hint:
2026-09-16T01:30:24.9464456Z hint: Names commonly chosen instead of 'master' are 'main', 'trunk' and
2026-09-16T01:30:24.9465359Z hint: 'development'. The just-created branch can be renamed via this command:
2026-09-16T01:30:24.9466123Z hint:
2026-09-16T01:30:24.9466454Z hint: 	git branch -m <name>
2026-09-16T01:30:24.9466866Z hint:
2026-09-16T01:30:24.9467365Z hint: Disable this message with "git config set advice.defaultBranchName false"
2026-09-16T01:30:24.9468177Z Initialized empty Git repository in /home/runner/work/postfiatl1v2/postfiatl1v2/.git/
2026-09-16T01:30:24.9469528Z [command]/usr/bin/git remote add origin https://github.com/postfiatorg/postfiatl1v2
2026-09-16T01:30:24.9500097Z ##[endgroup]
2026-09-16T01:30:24.9500694Z ##[group]Disabling automatic garbage collection
2026-09-16T01:30:24.9502940Z [command]/usr/bin/git config --local gc.auto 0
2026-09-16T01:30:24.9525050Z ##[endgroup]
2026-09-16T01:30:24.9525637Z ##[group]Setting up auth
2026-09-16T01:30:24.9529418Z [command]/usr/bin/git config --local --name-only --get-regexp core\.sshCommand
2026-09-16T01:30:24.9553597Z [command]/usr/bin/git submodule foreach --recursive sh -c "git config --local --name-only --get-regexp 'core\.sshCommand' && git config --local --unset-all 'core.sshCommand' || :"
2026-09-16T01:30:24.9814233Z [command]/usr/bin/git config --local --name-only --get-regexp http\.https\:\/\/github\.com\/\.extraheader
2026-09-16T01:30:24.9839547Z [command]/usr/bin/git submodule foreach --recursive sh -c "git config --local --name-only --get-regexp 'http\.https\:\/\/github\.com\/\.extraheader' && git config --local --unset-all 'http.https://github.com/.extraheader' || :"
2026-09-16T01:30:25.0022788Z [command]/usr/bin/git config --local http.https://github.com/.extraheader AUTHORIZATION: basic ***
2026-09-16T01:30:25.0050334Z ##[endgroup]
2026-09-16T01:30:25.0051264Z ##[group]Fetching the repository
2026-09-16T01:30:25.0058576Z [command]/usr/bin/git -c protocol.version=2 fetch --prune --no-recurse-submodules origin +refs/heads/*:refs/remotes/origin/* +refs/tags/*:refs/tags/* +f110087dbb9755388cf13d1edc92e8c9d322e1f2:refs/remotes/pull/41/merge
2026-09-16T01:30:31.5198073Z From https://github.com/postfiatorg/postfiatl1v2
2026-09-16T01:30:31.5200075Z  * [new branch]        a666-eth-fast-lane-combined-20260724     -> origin/a666-eth-fast-lane-combined-20260724
2026-09-16T01:30:31.5202325Z  * [new branch]        arc-tier4-mvp-livebase-20260828          -> origin/arc-tier4-mvp-livebase-20260828
2026-09-16T01:30:31.5204629Z  * [new branch]        archive/pftl-anvil-usdc-navcoin-htlc-20260725 -> origin/archive/pftl-anvil-usdc-navcoin-htlc-20260725
2026-09-16T01:30:31.5207162Z  * [new branch]        archive/pftl-btc-navcoin-htlc-20260725   -> origin/archive/pftl-btc-navcoin-htlc-20260725
2026-09-16T01:30:31.5209947Z  * [new branch]        archive/pftl-escrow-htlc-spike-20260724  -> origin/archive/pftl-escrow-htlc-spike-20260724
2026-09-16T01:30:31.5213242Z  * [new branch]        archive/pftl-lightning-navcoin-demo-20260724 -> origin/archive/pftl-lightning-navcoin-demo-20260724
2026-09-16T01:30:31.5216381Z  * [new branch]        campaign-evidence/native-v1-fire-20260806 -> origin/campaign-evidence/native-v1-fire-20260806
2026-09-16T01:30:31.5219361Z  * [new branch]        client-depositv2-2246d25                 -> origin/client-depositv2-2246d25
2026-09-16T01:30:31.5223368Z  * [new branch]        cobalt/archive-replay-release-lineage    -> origin/cobalt/archive-replay-release-lineage
2026-09-16T01:30:31.5226013Z  * [new branch]        codex/yolo-indices-foundation            -> origin/codex/yolo-indices-foundation
2026-09-16T01:30:31.5228455Z  * [new branch]        docs/a666-round-trip-definition-20260811 -> origin/docs/a666-round-trip-definition-20260811
2026-09-16T01:30:31.5231449Z  * [new branch]        docs/whitepaper-audit-20260907           -> origin/docs/whitepaper-audit-20260907
2026-09-16T01:30:31.5233896Z  * [new branch]        dravlic/prepared-input-manifest          -> origin/dravlic/prepared-input-manifest
2026-09-16T01:30:31.5236155Z  * [new branch]        feature/pnok-private-fix                 -> origin/feature/pnok-private-fix
2026-09-16T01:30:31.5238304Z  * [new branch]        fix-pfusdc-latency-portability           -> origin/fix-pfusdc-latency-portability
2026-09-16T01:30:31.5240604Z  * [new branch]        fix/consensus-whitepaper-20260909        -> origin/fix/consensus-whitepaper-20260909
2026-09-16T01:30:31.5243119Z  * [new branch]        handoff/navcoin-cobalt-local-20260907    -> origin/handoff/navcoin-cobalt-local-20260907
2026-09-16T01:30:31.5245500Z  * [new branch]        handoff/navcoin-deployed-base-20260907   -> origin/handoff/navcoin-deployed-base-20260907
2026-09-16T01:30:31.5247936Z  * [new branch]        integrate/a666-c2-ci-baseline-20260808   -> origin/integrate/a666-c2-ci-baseline-20260808
2026-09-16T01:30:31.5250611Z  * [new branch]        integrate/a666-c2-pr1-cobalt-20260808    -> origin/integrate/a666-c2-pr1-cobalt-20260808
2026-09-16T01:30:31.5254614Z  * [new branch]        integrate/a666-c2-pr10a-dead-script-refs-20260808 -> origin/integrate/a666-c2-pr10a-dead-script-refs-20260808
2026-09-16T01:30:31.5258652Z  * [new branch]        integrate/a666-c2-pr10b-rpc-docs-20260808 -> origin/integrate/a666-c2-pr10b-rpc-docs-20260808
2026-09-16T01:30:31.5262420Z  * [new branch]        integrate/a666-c2-pr4-dos-20260808       -> origin/integrate/a666-c2-pr4-dos-20260808
2026-09-16T01:30:31.5265446Z  * [new branch]        integrate/a666-c2-pr5-storage-integrity-20260808 -> origin/integrate/a666-c2-pr5-storage-integrity-20260808
2026-09-16T01:30:31.5268567Z  * [new branch]        integrate/arc-tier4-current-v2-20260901  -> origin/integrate/arc-tier4-current-v2-20260901
2026-09-16T01:30:31.5271017Z  * [new branch]        integration/a666-unified-20260811        -> origin/integration/a666-unified-20260811
2026-09-16T01:30:31.5273040Z  * [new branch]        main                                     -> origin/main
2026-09-16T01:30:31.5274758Z  * [new branch]        main-integration-20260807                -> origin/main-integration-20260807
2026-09-16T01:30:31.5277011Z  * [new branch]        orchard-fix-2246d25                      -> origin/orchard-fix-2246d25
2026-09-16T01:30:31.5279950Z  * [new branch]        pfusdc-mainnet-ci-followup               -> origin/pfusdc-mainnet-ci-followup
2026-09-16T01:30:31.5283248Z  * [new branch]        pfusdc-mainnet-latency-25m               -> origin/pfusdc-mainnet-latency-25m
2026-09-16T01:30:31.5286267Z  * [new branch]        pfusdc-tier4-v3-accel                    -> origin/pfusdc-tier4-v3-accel
2026-09-16T01:30:31.5289240Z  * [new branch]        port/depositv2-route-binding             -> origin/port/depositv2-route-binding
2026-09-16T01:30:31.5292131Z  * [new branch]        postfiatchad/corrected-g4-vote-lock-gate -> origin/postfiatchad/corrected-g4-vote-lock-gate
2026-09-16T01:30:31.5294838Z  * [new branch]        release/a666-nav-overlay-20260812        -> origin/release/a666-nav-overlay-20260812
2026-09-16T01:30:31.5297430Z  * [new branch]        release/combined-devnet-20260915         -> origin/release/combined-devnet-20260915
2026-09-16T01:30:31.5299579Z  * [new branch]        validation-20260807                      -> origin/validation-20260807
2026-09-16T01:30:31.5301682Z  * [new tag]           cobalt-operator-v2-20260824              -> cobalt-operator-v2-20260824
2026-09-16T01:30:31.5303699Z  * [new ref]           f110087dbb9755388cf13d1edc92e8c9d322e1f2 -> pull/41/merge
2026-09-16T01:30:31.5307024Z ##[endgroup]
2026-09-16T01:30:31.5308292Z ##[group]Determining the checkout info
2026-09-16T01:30:31.5309703Z ##[endgroup]
2026-09-16T01:30:31.5310494Z [command]/usr/bin/git sparse-checkout disable
2026-09-16T01:30:31.5313036Z [command]/usr/bin/git config --local --unset-all extensions.worktreeConfig
2026-09-16T01:30:31.5315834Z ##[group]Checking out the ref
2026-09-16T01:30:31.5317064Z [command]/usr/bin/git checkout --progress --force refs/remotes/pull/41/merge
2026-09-16T01:30:32.1994987Z Note: switching to 'refs/remotes/pull/41/merge'.
2026-09-16T01:30:32.1995926Z 
2026-09-16T01:30:32.1996179Z You are in 'detached HEAD' state. You can look around, make experimental
2026-09-16T01:30:32.1996611Z changes and commit them, and you can discard any commits you make in this
2026-09-16T01:30:32.1997025Z state without impacting any branches by switching back to a branch.
2026-09-16T01:30:32.1997336Z 
2026-09-16T01:30:32.1997551Z If you want to create a new branch to retain commits you create, you may
2026-09-16T01:30:32.1997966Z do so (now or later) by using -c with the switch command. Example:
2026-09-16T01:30:32.1998200Z 
2026-09-16T01:30:32.1998314Z   git switch -c <new-branch-name>
2026-09-16T01:30:32.1998476Z 
2026-09-16T01:30:32.1998581Z Or undo this operation with:
2026-09-16T01:30:32.1998734Z 
2026-09-16T01:30:32.1998842Z   git switch -
2026-09-16T01:30:32.1998981Z 
2026-09-16T01:30:32.1999237Z Turn off this advice by setting config variable advice.detachedHead to false
2026-09-16T01:30:32.1999491Z 
2026-09-16T01:30:32.1999798Z HEAD is now at f110087d Merge 5b1093faad8c78fa7a394b51863e454970815a36 into faff0e53533888bb229add117fcda3ed4094aed4
2026-09-16T01:30:32.2040964Z ##[endgroup]
2026-09-16T01:30:32.2083504Z [command]/usr/bin/git log -1 --format=%H
2026-09-16T01:30:32.2101765Z f110087dbb9755388cf13d1edc92e8c9d322e1f2
2026-09-16T01:30:32.2276139Z ##[group]Run set -euo pipefail
2026-09-16T01:30:32.2276524Z [36;1mset -euo pipefail[0m
2026-09-16T01:30:32.2276841Z [36;1mrustup toolchain install 1.95.0 --profile minimal[0m
2026-09-16T01:30:32.2277166Z [36;1msudo apt-get update[0m
2026-09-16T01:30:32.2277448Z [36;1msudo apt-get install --yes protobuf-compiler[0m
2026-09-16T01:30:32.2278013Z [36;1mcurl --fail --location --proto '=https' --tlsv1.2 https://sp1up.succinct.xyz | bash[0m
2026-09-16T01:30:32.2278451Z [36;1m"$HOME/.sp1/bin/sp1up" --version 6.3.1[0m
2026-09-16T01:30:32.2278748Z [36;1mexport PATH="$HOME/.sp1/bin:$PATH"[0m
2026-09-16T01:30:32.2279074Z [36;1mcargo prove --version | grep -F 'cargo-prove sp1'[0m
2026-09-16T01:30:32.2314318Z shell: /usr/bin/bash -e {0}
2026-09-16T01:30:32.2314581Z env:
2026-09-16T01:30:32.2316596Z   GITHUB_TOKEN: ***
2026-09-16T01:30:32.2316837Z ##[endgroup]
2026-09-16T01:30:32.2708211Z info: syncing channel updates for 1.95.0-x86_64-unknown-linux-gnu
2026-09-16T01:30:32.4550293Z info: latest update on 2026-04-16 for version 1.95.0 (59807616e 2026-04-14)
2026-09-16T01:30:32.4550858Z info: downloading 3 components
2026-09-16T01:30:38.7352623Z 
2026-09-16T01:30:38.7412556Z   1.95.0-x86_64-unknown-linux-gnu installed - rustc 1.95.0 (59807616e 2026-04-14)
2026-09-16T01:30:38.7413024Z 
2026-09-16T01:30:38.8183787Z Get:1 file:/etc/apt/apt-mirrors.txt Mirrorlist [144 B]
2026-09-16T01:30:38.8494855Z Hit:2 http://azure.archive.ubuntu.com/ubuntu noble InRelease
2026-09-16T01:30:38.8515265Z Get:3 http://azure.archive.ubuntu.com/ubuntu noble-updates InRelease [126 kB]
2026-09-16T01:30:38.8570403Z Get:4 http://azure.archive.ubuntu.com/ubuntu noble-backports InRelease [126 kB]
2026-09-16T01:30:38.8594727Z Get:5 http://azure.archive.ubuntu.com/ubuntu noble-security InRelease [126 kB]
2026-09-16T01:30:38.8748250Z Get:6 https://packages.microsoft.com/ubuntu/24.04/prod noble InRelease [3600 B]
2026-09-16T01:30:38.9095082Z Get:7 https://dl.google.com/linux/chrome-stable/deb stable InRelease [2548 B]
2026-09-16T01:30:38.9506275Z Get:8 http://azure.archive.ubuntu.com/ubuntu noble-updates/main amd64 Packages [1263 kB]
2026-09-16T01:30:38.9672538Z Get:9 http://azure.archive.ubuntu.com/ubuntu noble-updates/main Translation-en [292 kB]
2026-09-16T01:30:38.9679614Z Get:10 http://azure.archive.ubuntu.com/ubuntu noble-updates/main amd64 Components [180 kB]
2026-09-16T01:30:38.9697481Z Get:11 http://azure.archive.ubuntu.com/ubuntu noble-updates/universe amd64 Packages [1687 kB]
2026-09-16T01:30:38.9779484Z Get:12 http://azure.archive.ubuntu.com/ubuntu noble-updates/universe Translation-en [338 kB]
2026-09-16T01:30:38.9802992Z Get:13 http://azure.archive.ubuntu.com/ubuntu noble-updates/universe amd64 Components [388 kB]
2026-09-16T01:30:38.9832408Z Get:14 http://azure.archive.ubuntu.com/ubuntu noble-updates/restricted amd64 Packages [1550 kB]
2026-09-16T01:30:38.9900129Z Get:15 http://azure.archive.ubuntu.com/ubuntu noble-updates/restricted Translation-en [355 kB]
2026-09-16T01:30:38.9923256Z Get:16 http://azure.archive.ubuntu.com/ubuntu noble-updates/multiverse amd64 Packages [45.7 kB]
2026-09-16T01:30:38.9942761Z Get:17 http://azure.archive.ubuntu.com/ubuntu noble-updates/multiverse Translation-en [12.8 kB]
2026-09-16T01:30:39.0399183Z Get:18 http://azure.archive.ubuntu.com/ubuntu noble-updates/multiverse amd64 Components [940 B]
2026-09-16T01:30:39.0412760Z Get:19 http://azure.archive.ubuntu.com/ubuntu noble-backports/main amd64 Components [5776 B]
2026-09-16T01:30:39.0420634Z Get:20 http://azure.archive.ubuntu.com/ubuntu noble-backports/universe amd64 Components [12.6 kB]
2026-09-16T01:30:39.0436570Z Get:21 http://azure.archive.ubuntu.com/ubuntu noble-security/main amd64 Packages [1009 kB]
2026-09-16T01:30:39.0486106Z Get:22 http://azure.archive.ubuntu.com/ubuntu noble-security/main Translation-en [213 kB]
2026-09-16T01:30:39.0503693Z Get:23 http://azure.archive.ubuntu.com/ubuntu noble-security/main amd64 Components [46.4 kB]
2026-09-16T01:30:39.0516298Z Get:24 http://azure.archive.ubuntu.com/ubuntu noble-security/universe amd64 Packages [1207 kB]
2026-09-16T01:30:39.0576084Z Get:25 http://azure.archive.ubuntu.com/ubuntu noble-security/universe Translation-en [242 kB]
2026-09-16T01:30:39.0595190Z Get:26 http://azure.archive.ubuntu.com/ubuntu noble-security/universe amd64 Components [76.3 kB]
2026-09-16T01:30:39.0612506Z Get:27 http://azure.archive.ubuntu.com/ubuntu noble-security/restricted amd64 Packages [1449 kB]
2026-09-16T01:30:39.0673652Z Get:28 http://azure.archive.ubuntu.com/ubuntu noble-security/restricted Translation-en [336 kB]
2026-09-16T01:30:39.0867595Z Get:29 https://packages.microsoft.com/ubuntu/24.04/prod noble/main amd64 Packages [473 kB]
2026-09-16T01:30:39.0978635Z Get:30 https://packages.microsoft.com/ubuntu/24.04/prod noble/main arm64 Packages [424 kB]
2026-09-16T01:30:39.1976654Z Get:31 https://dl.google.com/linux/chrome-stable/deb stable/main amd64 Packages [1410 B]
2026-09-16T01:30:43.3343619Z Fetched 12.0 MB in 1s (11.1 MB/s)
2026-09-16T01:30:43.9459391Z Reading package lists...
2026-09-16T01:30:43.9714766Z Reading package lists...
2026-09-16T01:30:44.1144487Z Building dependency tree...
2026-09-16T01:30:44.1150476Z Reading state information...
2026-09-16T01:30:44.2354171Z The following additional packages will be installed:
2026-09-16T01:30:44.2357146Z   libprotobuf-dev libprotobuf32t64 libprotoc32t64
2026-09-16T01:30:44.2360766Z Suggested packages:
2026-09-16T01:30:44.2361023Z   protobuf-mode-el
2026-09-16T01:30:44.2512723Z The following NEW packages will be installed:
2026-09-16T01:30:44.2515478Z   libprotobuf-dev libprotobuf32t64 libprotoc32t64 protobuf-compiler
2026-09-16T01:30:44.2654992Z 0 upgraded, 4 newly installed, 0 to remove and 64 not upgraded.
2026-09-16T01:30:44.2655461Z Need to get 3048 kB of archives.
2026-09-16T01:30:44.2655891Z After this operation, 17.8 MB of additional disk space will be used.
2026-09-16T01:30:44.2656429Z Get:1 file:/etc/apt/apt-mirrors.txt Mirrorlist [144 B]
2026-09-16T01:30:44.3249403Z Get:2 http://azure.archive.ubuntu.com/ubuntu noble-updates/main amd64 libprotobuf32t64 amd64 3.21.12-8.2ubuntu0.3 [923 kB]
2026-09-16T01:30:44.3825650Z Get:3 http://azure.archive.ubuntu.com/ubuntu noble-updates/main amd64 libprotoc32t64 amd64 3.21.12-8.2ubuntu0.3 [683 kB]
2026-09-16T01:30:44.4369011Z Get:4 http://azure.archive.ubuntu.com/ubuntu noble-updates/main amd64 libprotobuf-dev amd64 3.21.12-8.2ubuntu0.3 [1413 kB]
2026-09-16T01:30:44.5021235Z Get:5 http://azure.archive.ubuntu.com/ubuntu noble-updates/universe amd64 protobuf-compiler amd64 3.21.12-8.2ubuntu0.3 [29.0 kB]
2026-09-16T01:30:44.7055691Z Fetched 3048 kB in 0s (12.4 MB/s)
2026-09-16T01:30:44.7463717Z Selecting previously unselected package libprotobuf32t64:amd64.
2026-09-16T01:30:44.7648114Z (Reading database ... 
2026-09-16T01:30:44.7648347Z (Reading database ... 5%
2026-09-16T01:30:44.7648553Z (Reading database ... 10%
2026-09-16T01:30:44.7648753Z (Reading database ... 15%
2026-09-16T01:30:44.7648934Z (Reading database ... 20%
2026-09-16T01:30:44.7649112Z (Reading database ... 25%
2026-09-16T01:30:44.7649392Z (Reading database ... 30%
2026-09-16T01:30:44.7649755Z (Reading database ... 35%
2026-09-16T01:30:44.7650680Z (Reading database ... 40%
2026-09-16T01:30:44.7651368Z (Reading database ... 45%
2026-09-16T01:30:44.7652226Z (Reading database ... 50%
2026-09-16T01:30:44.7687558Z (Reading database ... 55%
2026-09-16T01:30:44.8980555Z (Reading database ... 60%
2026-09-16T01:30:45.0385750Z (Reading database ... 65%
2026-09-16T01:30:45.2449485Z (Reading database ... 70%
2026-09-16T01:30:45.3844505Z (Reading database ... 75%
2026-09-16T01:30:45.5595588Z (Reading database ... 80%
2026-09-16T01:30:45.7360152Z (Reading database ... 85%
2026-09-16T01:30:45.9426160Z (Reading database ... 90%
2026-09-16T01:30:46.1434863Z (Reading database ... 95%
2026-09-16T01:30:46.1435310Z (Reading database ... 100%
2026-09-16T01:30:46.1438015Z (Reading database ... 201818 files and directories currently installed.)
2026-09-16T01:30:46.1476944Z Preparing to unpack .../libprotobuf32t64_3.21.12-8.2ubuntu0.3_amd64.deb ...
2026-09-16T01:30:46.1600656Z Unpacking libprotobuf32t64:amd64 (3.21.12-8.2ubuntu0.3) ...
2026-09-16T01:30:46.2015024Z Selecting previously unselected package libprotoc32t64:amd64.
2026-09-16T01:30:46.2120458Z Preparing to unpack .../libprotoc32t64_3.21.12-8.2ubuntu0.3_amd64.deb ...
2026-09-16T01:30:46.2130701Z Unpacking libprotoc32t64:amd64 (3.21.12-8.2ubuntu0.3) ...
2026-09-16T01:30:46.2440258Z Selecting previously unselected package libprotobuf-dev:amd64.
2026-09-16T01:30:46.2544537Z Preparing to unpack .../libprotobuf-dev_3.21.12-8.2ubuntu0.3_amd64.deb ...
2026-09-16T01:30:46.2554188Z Unpacking libprotobuf-dev:amd64 (3.21.12-8.2ubuntu0.3) ...
2026-09-16T01:30:46.3603192Z Selecting previously unselected package protobuf-compiler.
2026-09-16T01:30:46.3711919Z Preparing to unpack .../protobuf-compiler_3.21.12-8.2ubuntu0.3_amd64.deb ...
2026-09-16T01:30:46.3721242Z Unpacking protobuf-compiler (3.21.12-8.2ubuntu0.3) ...
2026-09-16T01:30:46.4405127Z Setting up libprotobuf32t64:amd64 (3.21.12-8.2ubuntu0.3) ...
2026-09-16T01:30:46.4532434Z Setting up libprotobuf-dev:amd64 (3.21.12-8.2ubuntu0.3) ...
2026-09-16T01:30:46.4646806Z Setting up libprotoc32t64:amd64 (3.21.12-8.2ubuntu0.3) ...
2026-09-16T01:30:46.4675792Z Setting up protobuf-compiler (3.21.12-8.2ubuntu0.3) ...
2026-09-16T01:30:46.4703195Z Processing triggers for man-db (2.12.0-4build2) ...
2026-09-16T01:30:46.4723477Z Not building database; man-db/auto-update is not 'true'.
2026-09-16T01:30:46.4735612Z Processing triggers for libc-bin (2.39-0ubuntu8.8) ...
2026-09-16T01:30:47.1825654Z 
2026-09-16T01:30:47.1826132Z Running kernel seems to be up-to-date.
2026-09-16T01:30:47.1826431Z 
2026-09-16T01:30:47.1826551Z No services need to be restarted.
2026-09-16T01:30:47.1826778Z 
2026-09-16T01:30:47.1826889Z No containers need to be restarted.
2026-09-16T01:30:47.1827102Z 
2026-09-16T01:30:47.1827252Z No user sessions are running outdated binaries.
2026-09-16T01:30:47.1827635Z 
2026-09-16T01:30:47.1827872Z No VM guests are running outdated hypervisor (qemu) binaries on this host.
2026-09-16T01:30:47.9955745Z   % Total    % Received % Xferd  Average Speed   Time    Time     Time  Current
2026-09-16T01:30:47.9956629Z                                  Dload  Upload   Total   Spent    Left  Speed
2026-09-16T01:30:47.9956924Z 
2026-09-16T01:30:48.1059561Z   0     0    0     0    0     0      0      0 --:--:-- --:--:-- --:--:--     0
2026-09-16T01:30:48.1060051Z 100    15    0    15    0     0    135      0 --:--:-- --:--:-- --:--:--   136
2026-09-16T01:30:48.1420332Z 
2026-09-16T01:30:48.1421092Z 100  2234  100  2234    0     0  15232      0 --:--:-- --:--:-- --:--:-- 15232
2026-09-16T01:30:48.1429258Z 🚀 Installing sp1up...
2026-09-16T01:30:48.1429491Z 
2026-09-16T01:30:48.4612719Z #=#=#                                                                          
2026-09-16T01:30:48.4612973Z 
2026-09-16T01:30:48.4626867Z ##############################                                            42.7%
2026-09-16T01:30:48.4627334Z ######################################################################## 100.0%
2026-09-16T01:30:48.4668435Z 
2026-09-16T01:30:48.4668893Z ✅ Installation complete!
2026-09-16T01:30:48.4669217Z 
2026-09-16T01:30:48.4669373Z 🔍 Detected shell: bash
2026-09-16T01:30:48.4669683Z 🔗 Added sp1up to PATH
2026-09-16T01:30:48.4669833Z 
2026-09-16T01:30:48.4669950Z To start using sp1up, please run:
2026-09-16T01:30:48.4675071Z 
2026-09-16T01:30:48.4675373Z ▶ source /home/runner/.bashrc
2026-09-16T01:30:48.4675693Z ▶ sp1up
2026-09-16T01:30:48.4675828Z 
2026-09-16T01:30:48.4676069Z 🎉 Enjoy using sp1up! For help, type 'sp1up --help'
2026-09-16T01:30:48.4715363Z 
2026-09-16T01:30:48.4715645Z .______  ._______ ._______ ._______ ._______ ._______ ._______ ._______ ._______
2026-09-16T01:30:48.4715910Z 
2026-09-16T01:30:48.4715978Z    _____  ____  ___
2026-09-16T01:30:48.4716157Z   / ___/ / __ \<  /
2026-09-16T01:30:48.4716370Z   \__ \ / /_/ // /                        A performant, 100% open-source,
2026-09-16T01:30:48.4716894Z  ___/ // ____// /                              general-purpose zkVM.  
2026-09-16T01:30:48.4717145Z /____//_/    /_/   
2026-09-16T01:30:48.4717250Z 
2026-09-16T01:30:48.4717381Z ._______ ._______ ._______ ._______ ._______ ._______ ._______ ._______ ._______ 
2026-09-16T01:30:48.4717580Z 
2026-09-16T01:30:48.4717698Z Repo       : https://github.com/succinctlabs/sp1
2026-09-16T01:30:48.4717971Z Book       : https://docs.succinct.xyz/
2026-09-16T01:30:48.4718211Z Telegram   : https://t.me/+AzG4ws-kD24yMGYx
2026-09-16T01:30:48.4718441Z 
2026-09-16T01:30:48.4718644Z ._______ ._______ ._______ ._______ ._______ ._______ ._______ ._______ ._______ 
2026-09-16T01:30:48.4718947Z 
2026-09-16T01:30:48.4719110Z sp1up: installing SP1 (version v6.3.1, tag v6.3.1)
2026-09-16T01:30:48.7038321Z sp1up: downloading cargo_prove_v6.3.1_linux_amd64.tar.gz
2026-09-16T01:30:48.9675328Z #=#=#                                                                          
2026-09-16T01:30:48.9675592Z 
2026-09-16T01:30:49.2136567Z                                                                            0.0%
2026-09-16T01:30:49.3385485Z #####################################                                     52.0%
2026-09-16T01:30:49.3386123Z ######################################################################## 100.0%
2026-09-16T01:30:49.3485521Z sp1up: installed - cargo-prove sp1 (8252c29 2026-06-25T11:50:01.543258355Z)
2026-09-16T01:30:49.3490380Z sp1up: installing rust toolchain
2026-09-16T01:30:50.2192253Z Successfully cleaned up ~/.sp1 directory.
2026-09-16T01:30:50.2192632Z Successfully created ~/.sp1 directory.
2026-09-16T01:30:54.4839947Z info: no toolchain installed for 'succinct'
2026-09-16T01:30:54.4845413Z Successfully removed existing toolchain.
2026-09-16T01:31:01.0326609Z Successfully linked toolchain to rustup.
2026-09-16T01:31:01.0337877Z sp1up: installed rust toolchain
2026-09-16T01:31:01.0338221Z sp1up: done!
2026-09-16T01:31:01.1567199Z cargo-prove sp1 (8252c29 2026-06-25T11:50:01.543258355Z)
2026-09-16T01:31:01.1605949Z ##[group]Run set -euo pipefail
2026-09-16T01:31:01.1606566Z [36;1mset -euo pipefail[0m
2026-09-16T01:31:01.1606784Z [36;1mexport PATH="$HOME/.sp1/bin:$PATH"[0m
2026-09-16T01:31:01.1607214Z [36;1mmanifest=programs/pfusdc-egress/releases.json[0m
2026-09-16T01:31:01.1607591Z [36;1mrelease="$(jq -ce --arg id "$RELEASE_ID" '.releases[] | select(.id == $id)' "$manifest")"[0m
2026-09-16T01:31:01.1607976Z [36;1mSOURCE_COMMIT="$(jq -er .source_commit <<< "$release")"[0m
2026-09-16T01:31:01.1608303Z [36;1mRETAINED_COMMIT="$(jq -er .retained_commit <<< "$release")"[0m
2026-09-16T01:31:01.1608602Z [36;1mEXPECTED="$(jq -er .expected <<< "$release")"[0m
2026-09-16T01:31:01.1608879Z [36;1mdocker pull ghcr.io/succinctlabs/sp1:v6.3.1[0m
2026-09-16T01:31:01.1609381Z [36;1mtest "$(docker image inspect ghcr.io/succinctlabs/sp1:v6.3.1 --format '{{index .RepoDigests 0}}')" = "$(jq -er .docker_image "$manifest")"[0m
2026-09-16T01:31:01.1609895Z [36;1mroot="$RUNNER_TEMP/arc-proof-identities"[0m
2026-09-16T01:31:01.1610163Z [36;1mmkdir -p "$root/src-a" "$root/src-b" \[0m
2026-09-16T01:31:01.1610431Z [36;1m  "$root/out-a/ingress" "$root/out-a/egress" \[0m
2026-09-16T01:31:01.1610698Z [36;1m  "$root/out-b/ingress" "$root/out-b/egress" \[0m
2026-09-16T01:31:01.1610927Z [36;1m  "$root/report"[0m
2026-09-16T01:31:01.1611167Z [36;1mgit archive "$SOURCE_COMMIT" | tar -x -C "$root/src-a"[0m
2026-09-16T01:31:01.1611469Z [36;1mgit archive "$SOURCE_COMMIT" | tar -x -C "$root/src-b"[0m
2026-09-16T01:31:01.1612164Z [36;1mtest "$(sha256sum "$root/src-a/programs/pfusdc-egress/Cargo.lock" | cut -d' ' -f1)" = "$(jq -er .egress_lock_sha256 <<< "$release")"[0m
2026-09-16T01:31:01.1612765Z [36;1mingress_source_lock_sha="$(sha256sum "$root/src-a/programs/pfusdc-arc-ingress/Cargo.lock" | cut -d' ' -f1)"[0m
2026-09-16T01:31:01.1613299Z [36;1megress_source_lock_sha="$(sha256sum "$root/src-a/programs/pfusdc-egress/Cargo.lock" | cut -d' ' -f1)"[0m
2026-09-16T01:31:01.1613677Z [36;1mwhile read -r revision; do[0m
2026-09-16T01:31:01.1614059Z [36;1m  git diff --no-ext-diff --unified=0 "$revision^" "$revision" -- crates/types > "$root/revert-$revision.patch"[0m
2026-09-16T01:31:01.1614500Z [36;1mdone < <(jq -r '.egress_source_reversions[]?' <<< "$release")[0m
2026-09-16T01:31:01.1614766Z [36;1m[0m
2026-09-16T01:31:01.1614926Z [36;1mbuild_pair() {[0m
2026-09-16T01:31:01.1615112Z [36;1m  local source="$1"[0m
2026-09-16T01:31:01.1615319Z [36;1m  local output="$2"[0m
2026-09-16T01:31:01.1615493Z [36;1m  ([0m
2026-09-16T01:31:01.1615684Z [36;1m    cd "$source/programs/pfusdc-arc-ingress"[0m
2026-09-16T01:31:01.1615976Z [36;1m    cargo prove build --docker --tag v6.3.1 --locked \[0m
2026-09-16T01:31:01.1616251Z [36;1m      --workspace-directory "$source" \[0m
2026-09-16T01:31:01.1616505Z [36;1m      --output-directory "$output/ingress"[0m
2026-09-16T01:31:01.1616732Z [36;1m  )[0m
2026-09-16T01:31:01.1616921Z [36;1m  if [ "$RELEASE_ID" = pfeth-v1-20260904 ]; then[0m
2026-09-16T01:31:01.1617233Z [36;1m    # This retained ELF was built natively and embeds these paths.[0m
2026-09-16T01:31:01.1617568Z [36;1m    # Reproduce its inputs; never rewrite the output ELF.[0m
2026-09-16T01:31:01.1617880Z [36;1m    historical_root=/home/postfiat/repos/postfiatl1v2[0m
2026-09-16T01:31:01.1618150Z [36;1m    test ! -e "$historical_root"[0m
2026-09-16T01:31:01.1618427Z [36;1m    sudo mkdir -p /home/postfiat/repos /home/postfiat/.cargo[0m
2026-09-16T01:31:01.1618733Z [36;1m    sudo chown -R "$(id -u):$(id -g)" /home/postfiat[0m
2026-09-16T01:31:01.1618998Z [36;1m    cp -a "$source" "$historical_root"[0m
2026-09-16T01:31:01.1619227Z [36;1m    while read -r revision; do[0m
2026-09-16T01:31:01.1619576Z [36;1m      (cd "$historical_root" && git apply --reverse --unidiff-zero "$root/revert-$revision.patch")[0m
2026-09-16T01:31:01.1619976Z [36;1m    done < <(jq -r '.egress_source_reversions[]?' <<< "$release")[0m
2026-09-16T01:31:01.1620235Z [36;1m    ([0m
2026-09-16T01:31:01.1620575Z [36;1m      cd "$historical_root/programs/pfusdc-egress"[0m
2026-09-16T01:31:01.1620897Z [36;1m      CARGO_HOME=/home/postfiat/.cargo cargo prove build --locked \[0m
2026-09-16T01:31:01.1621294Z [36;1m        --output-directory "$output/egress"[0m
2026-09-16T01:31:01.1621707Z [36;1m    )[0m
2026-09-16T01:31:01.1621880Z [36;1m    rm -rf "$historical_root"[0m
2026-09-16T01:31:01.1622079Z [36;1m  else[0m
2026-09-16T01:31:01.1622235Z [36;1m    ([0m
2026-09-16T01:31:01.1622414Z [36;1m      cd "$source/programs/pfusdc-egress"[0m
2026-09-16T01:31:01.1622690Z [36;1m      cargo prove build --docker --tag v6.3.1 --locked \[0m
2026-09-16T01:31:01.1622966Z [36;1m        --workspace-directory "$source" \[0m
2026-09-16T01:31:01.1623205Z [36;1m        --output-directory "$output/egress"[0m
2026-09-16T01:31:01.1623421Z [36;1m    )[0m
2026-09-16T01:31:01.1623579Z [36;1m  fi[0m
2026-09-16T01:31:01.1623733Z [36;1m}[0m
2026-09-16T01:31:01.1623907Z [36;1mbuild_pair "$root/src-a" "$root/out-a"[0m
2026-09-16T01:31:01.1624155Z [36;1mbuild_pair "$root/src-b" "$root/out-b"[0m
2026-09-16T01:31:01.1624369Z [36;1m[0m
2026-09-16T01:31:01.1624591Z [36;1mingress_a="$root/out-a/ingress/pfusdc-arc-ingress-program"[0m
2026-09-16T01:31:01.1624928Z [36;1mingress_b="$root/out-b/ingress/pfusdc-arc-ingress-program"[0m
2026-09-16T01:31:01.1625269Z [36;1megress_a="$root/out-a/egress/pfusdc-egress-program"[0m
2026-09-16T01:31:01.1625599Z [36;1megress_b="$root/out-b/egress/pfusdc-egress-program"[0m
2026-09-16T01:31:01.1625874Z [36;1mtest -s "$ingress_a" && test -s "$ingress_b"[0m
2026-09-16T01:31:01.1626132Z [36;1mtest -s "$egress_a" && test -s "$egress_b"[0m
2026-09-16T01:31:01.1626410Z [36;1mingress_sha="$(sha256sum "$ingress_a" | cut -d' ' -f1)"[0m
2026-09-16T01:31:01.1626717Z [36;1mingress_b_sha="$(sha256sum "$ingress_b" | cut -d' ' -f1)"[0m
2026-09-16T01:31:01.1627014Z [36;1megress_sha="$(sha256sum "$egress_a" | cut -d' ' -f1)"[0m
2026-09-16T01:31:01.1627313Z [36;1megress_b_sha="$(sha256sum "$egress_b" | cut -d' ' -f1)"[0m
2026-09-16T01:31:01.1627673Z [36;1mprintf 'arc-ingress build-a=%s build-b=%s\n' "$ingress_sha" "$ingress_b_sha"[0m
2026-09-16T01:31:01.1628088Z [36;1mprintf 'egress build-a=%s build-b=%s\n' "$egress_sha" "$egress_b_sha"[0m
2026-09-16T01:31:01.1628402Z [36;1mtest "$ingress_sha" = "$ingress_b_sha"[0m
2026-09-16T01:31:01.1628647Z [36;1mtest "$egress_sha" = "$egress_b_sha"[0m
2026-09-16T01:31:01.1628880Z [36;1mcmp "$ingress_a" "$ingress_b"[0m
2026-09-16T01:31:01.1629108Z [36;1mcmp "$egress_a" "$egress_b"[0m
2026-09-16T01:31:01.1629307Z [36;1m[0m
2026-09-16T01:31:01.1629557Z [36;1mexpected_ingress_sha="$(jq -r .arc_ingress.elf_sha256 "$EXPECTED")"[0m
2026-09-16T01:31:01.1629910Z [36;1mexpected_egress_sha="$(jq -r .egress.elf_sha256 "$EXPECTED")"[0m
2026-09-16T01:31:01.1630312Z [36;1mprintf 'arc-ingress rebuilt=%s expected=%s\n' "$ingress_sha" "$expected_ingress_sha"[0m
2026-09-16T01:31:01.1630748Z [36;1mprintf 'egress rebuilt=%s expected=%s\n' "$egress_sha" "$expected_egress_sha"[0m
2026-09-16T01:31:01.1631046Z [36;1m[0m
2026-09-16T01:31:01.1631421Z [36;1mgit show "$RETAINED_COMMIT:programs/pfusdc-egress/elf/pfusdc-egress-program" > "$root/report/retained-egress-program"[0m
2026-09-16T01:31:01.1632247Z [36;1mcp "$ingress_a" "$root/report/pfusdc-arc-ingress-program"[0m
2026-09-16T01:31:01.1632563Z [36;1mcp "$egress_a" "$root/report/pfusdc-egress-program"[0m
2026-09-16T01:31:01.1632847Z [36;1mtest "$ingress_sha" = "$expected_ingress_sha"[0m
2026-09-16T01:31:01.1633112Z [36;1mtest "$egress_sha" = "$expected_egress_sha"[0m
2026-09-16T01:31:01.1633394Z [36;1mcmp "$egress_a" "$root/report/retained-egress-program"[0m
2026-09-16T01:31:01.1633783Z [36;1mcp "$ingress_a" "$root/src-a/programs/pfusdc-arc-ingress/elf/pfusdc-arc-ingress-program"[0m
2026-09-16T01:31:01.1634218Z [36;1mcp "$egress_a" "$root/src-a/programs/pfusdc-egress/elf/pfusdc-egress-program"[0m
2026-09-16T01:31:01.1634589Z [36;1mcargo run --locked --release --no-default-features \[0m
2026-09-16T01:31:01.1635109Z [36;1m  --manifest-path "$root/src-a/tools/pfusdc-tier4-prover/Cargo.toml" -- \[0m
2026-09-16T01:31:01.1635484Z [36;1m  program-info --output "$root/report/program-info.json"[0m
2026-09-16T01:31:01.1635875Z [36;1mjq -e --slurpfile expected "$EXPECTED" '[0m
2026-09-16T01:31:01.1636143Z [36;1m  .arc_ingress == $expected[0].arc_ingress and[0m
2026-09-16T01:31:01.1636395Z [36;1m  .egress == $expected[0].egress and[0m
2026-09-16T01:31:01.1636626Z [36;1m  .sp1_sdk_version == "6.3.1"[0m
2026-09-16T01:31:01.1636851Z [36;1m' "$root/report/program-info.json"[0m
2026-09-16T01:31:01.1637072Z [36;1m[0m
2026-09-16T01:31:01.1637322Z [36;1mdocker_image="$(docker image inspect ghcr.io/succinctlabs/sp1:v6.3.1 \[0m
2026-09-16T01:31:01.1637645Z [36;1m  --format '{{index .RepoDigests 0}}')"[0m
2026-09-16T01:31:01.1637897Z [36;1mrust_version="$(rustc +1.95.0 --version)"[0m
2026-09-16T01:31:01.1638161Z [36;1mcargo_prove_version="$(cargo prove --version)"[0m
2026-09-16T01:31:01.1638405Z [36;1mjq -n \[0m
2026-09-16T01:31:01.1638594Z [36;1m  --arg source_commit "$SOURCE_COMMIT" \[0m
2026-09-16T01:31:01.1638833Z [36;1m  --arg release_id "$RELEASE_ID" \[0m
2026-09-16T01:31:01.1639107Z [36;1m  --arg build_mode "$(jq -er .build_mode <<< "$release")" \[0m
2026-09-16T01:31:01.1639427Z [36;1m  --arg source_root "$(jq -er .source_root <<< "$release")" \[0m
2026-09-16T01:31:01.1639732Z [36;1m  --arg cargo_home "$(jq -er .cargo_home <<< "$release")" \[0m
2026-09-16T01:31:01.1640001Z [36;1m  --arg ingress_sha256 "$ingress_sha" \[0m
2026-09-16T01:31:01.1640236Z [36;1m  --arg egress_sha256 "$egress_sha" \[0m
2026-09-16T01:31:01.1640501Z [36;1m  --arg ingress_lock_sha256 "$ingress_source_lock_sha" \[0m
2026-09-16T01:31:01.1640796Z [36;1m  --arg egress_lock_sha256 "$egress_source_lock_sha" \[0m
2026-09-16T01:31:01.1641202Z [36;1m  --argjson egress_source_reversions "$(jq -c '.egress_source_reversions // []' <<< "$release")" \[0m
2026-09-16T01:31:01.1641848Z [36;1m  --arg docker_image "$docker_image" \[0m
2026-09-16T01:31:01.1642089Z [36;1m  --arg rust_version "$rust_version" \[0m
2026-09-16T01:31:01.1642353Z [36;1m  --arg cargo_prove_version "$cargo_prove_version" \[0m
2026-09-16T01:31:01.1642603Z [36;1m  '{[0m
2026-09-16T01:31:01.1642843Z [36;1m    schema:"postfiat.pfusdc.arc_proof_identity_reproduction.v1",[0m
2026-09-16T01:31:01.1643141Z [36;1m    source_commit:$source_commit,[0m
2026-09-16T01:31:01.1643364Z [36;1m    release_id:$release_id,[0m
2026-09-16T01:31:01.1643570Z [36;1m    build_mode:$build_mode,[0m
2026-09-16T01:31:01.1643776Z [36;1m    source_root:$source_root,[0m
2026-09-16T01:31:01.1643987Z [36;1m    cargo_home:$cargo_home,[0m
2026-09-16T01:31:01.1644189Z [36;1m    build_count_per_guest:2,[0m
2026-09-16T01:31:01.1644395Z [36;1m    clean_source_trees:2,[0m
2026-09-16T01:31:01.1644597Z [36;1m    byte_exact_replay:true,[0m
2026-09-16T01:31:01.1644817Z [36;1m    arc_ingress_elf_sha256:$ingress_sha256,[0m
2026-09-16T01:31:01.1645064Z [36;1m    egress_elf_sha256:$egress_sha256,[0m
2026-09-16T01:31:01.1645318Z [36;1m    arc_ingress_lock_sha256:$ingress_lock_sha256,[0m
2026-09-16T01:31:01.1645578Z [36;1m    egress_lock_sha256:$egress_lock_sha256,[0m
2026-09-16T01:31:01.1645861Z [36;1m    egress_source_reversions:$egress_source_reversions,[0m
2026-09-16T01:31:01.1646124Z [36;1m    docker_image:$docker_image,[0m
2026-09-16T01:31:01.1646340Z [36;1m    rust_version:$rust_version,[0m
2026-09-16T01:31:01.1646575Z [36;1m    cargo_prove_version:$cargo_prove_version[0m
2026-09-16T01:31:01.1646828Z [36;1m  }' > "$root/report/reproduction.json"[0m
2026-09-16T01:31:01.1647162Z [36;1msha256sum "$root/report/program-info.json" "$root/report/reproduction.json" \[0m
2026-09-16T01:31:01.1647490Z [36;1m  > "$root/report/SHA256SUMS"[0m
2026-09-16T01:31:01.1679291Z shell: /usr/bin/bash -e {0}
2026-09-16T01:31:01.1679495Z env:
2026-09-16T01:31:01.1679669Z   RELEASE_ID: arc-v2-20260902
2026-09-16T01:31:01.1679868Z ##[endgroup]
2026-09-16T01:31:02.5149606Z v6.3.1: Pulling from succinctlabs/sp1
2026-09-16T01:31:02.7862714Z 00d679a470c4: Pulling fs layer
2026-09-16T01:31:02.7863281Z 2ff0b6b99140: Pulling fs layer
2026-09-16T01:31:02.7864024Z aaaa7fac7319: Pulling fs layer
2026-09-16T01:31:02.7864328Z b0246b238f4b: Pulling fs layer
2026-09-16T01:31:02.7864619Z 47ddb8416854: Pulling fs layer
2026-09-16T01:31:02.7864876Z b0246b238f4b: Waiting
2026-09-16T01:31:02.7865058Z 47ddb8416854: Waiting
2026-09-16T01:31:04.0547767Z 00d679a470c4: Verifying Checksum
2026-09-16T01:31:04.0548153Z 00d679a470c4: Download complete
2026-09-16T01:31:04.9704277Z 00d679a470c4: Pull complete
2026-09-16T01:31:07.5507989Z 2ff0b6b99140: Verifying Checksum
2026-09-16T01:31:07.5508704Z 2ff0b6b99140: Download complete
2026-09-16T01:31:11.1820101Z aaaa7fac7319: Verifying Checksum
2026-09-16T01:31:11.1820504Z aaaa7fac7319: Download complete
2026-09-16T01:31:19.5483671Z 2ff0b6b99140: Pull complete
2026-09-16T01:31:22.8747459Z 47ddb8416854: Verifying Checksum
2026-09-16T01:31:22.8747903Z 47ddb8416854: Download complete
2026-09-16T01:31:39.7993146Z aaaa7fac7319: Pull complete
2026-09-16T01:32:13.8304550Z b0246b238f4b: Verifying Checksum
2026-09-16T01:32:13.8304846Z b0246b238f4b: Download complete
2026-09-16T01:32:37.8471473Z b0246b238f4b: Pull complete
2026-09-16T01:32:48.3599125Z 47ddb8416854: Pull complete
2026-09-16T01:32:48.3685182Z Digest: sha256:0942a27dbe8e38f4b14f3732e779df4027b17bde93e9fbc9e8c773c15eb63400
2026-09-16T01:32:48.3695592Z Status: Downloaded newer image for ghcr.io/succinctlabs/sp1:v6.3.1
2026-09-16T01:32:48.3703716Z ghcr.io/succinctlabs/sp1:v6.3.1
2026-09-16T01:33:00.4107379Z cargo:warning=docker: rustc +succinct --version: "rustc 1.94.0-dev\n"
2026-09-16T01:33:02.9148029Z cargo:warning=docker: rustc_bin: "/root/.sp1/toolchains/g7wv95WZT7/bin/rustc"
2026-09-16T01:33:14.9593047Z [sp1] [docker]  info: `cargo` is unavailable for the active toolchain
2026-09-16T01:33:14.9593757Z [sp1] [docker]  info: falling back to "/root/.rustup/toolchains/stable-x86_64-unknown-linux-gnu/bin/cargo"
2026-09-16T01:33:15.0138985Z [sp1] [docker]  [1m[92m    Updating[0m git repository `https://github.com/sp1-patches/curve25519-dalek`
2026-09-16T01:33:16.5825944Z [sp1] [docker]  [1m[92m    Updating[0m git repository `https://github.com/sp1-patches/RustCrypto-hashes`
2026-09-16T01:33:17.6707465Z [sp1] [docker]  [1m[92m    Updating[0m crates.io index
2026-09-16T01:33:18.1300149Z [sp1] [docker]  [1m[33mwarning[0m: patch `tiny-keccak v2.0.2 (https://github.com/sp1-patches/tiny-keccak?tag=patch-2.0.2-sp1-6.0.0#957430a4)` was not used in the crate graph
2026-09-16T01:33:18.1301446Z [sp1] [docker]  [1m[96mhelp[0m: Check that the patched package version and available features are compatible
2026-09-16T01:33:18.1302184Z [sp1] [docker]        with the dependency requirements. If the patch has a different version from
2026-09-16T01:33:18.1302648Z [sp1] [docker]        what is locked in the Cargo.lock file, run `cargo update` to use the new
2026-09-16T01:33:18.1303112Z [sp1] [docker]        version. This may also occur with an optional dependency that is not enabled.
2026-09-16T01:33:18.1783062Z [sp1] [docker]  [1m[92m Downloading[0m crates ...
2026-09-16T01:33:18.2776616Z [sp1] [docker]  [1m[92m  Downloaded[0m time-core v0.1.9
2026-09-16T01:33:18.2789484Z [sp1] [docker]  [1m[92m  Downloaded[0m alloy-rlp-derive v0.3.16
2026-09-16T01:33:18.2800400Z [sp1] [docker]  [1m[92m  Downloaded[0m alloy-rlp v0.3.12
2026-09-16T01:33:18.2813675Z [sp1] [docker]  [1m[92m  Downloaded[0m ark-ff-asm v0.6.0
2026-09-16T01:33:18.2879922Z [sp1] [docker]  [1m[92m  Downloaded[0m rustc-hash v2.1.3
2026-09-16T01:33:18.2895233Z [sp1] [docker]  [1m[92m  Downloaded[0m tinyvec v1.12.0
2026-09-16T01:33:18.2926388Z [sp1] [docker]  [1m[92m  Downloaded[0m thiserror-impl v2.0.20
2026-09-16T01:33:18.2942982Z [sp1] [docker]  [1m[92m  Downloaded[0m alloy-eip7928 v0.3.7
2026-09-16T01:33:18.2959979Z [sp1] [docker]  [1m[92m  Downloaded[0m ark-std v0.6.0
2026-09-16T01:33:18.2977287Z [sp1] [docker]  [1m[92m  Downloaded[0m cpufeatures v0.3.1
2026-09-16T01:33:18.3008001Z [sp1] [docker]  [1m[92m  Downloaded[0m defmt-macros v1.1.1
2026-09-16T01:33:18.3046056Z [sp1] [docker]  [1m[92m  Downloaded[0m time-macros v0.2.32
2026-09-16T01:33:18.3071202Z [sp1] [docker]  [1m[92m  Downloaded[0m ark-ff-macros v0.6.0
2026-09-16T01:33:18.3094547Z [sp1] [docker]  [1m[92m  Downloaded[0m rlsf v0.2.3
2026-09-16T01:33:18.3117689Z [sp1] [docker]  [1m[92m  Downloaded[0m zeroize_derive v1.5.0
2026-09-16T01:33:18.3130853Z [sp1] [docker]  [1m[92m  Downloaded[0m serde_derive v1.0.229
2026-09-16T01:33:18.3163198Z [sp1] [docker]  [1m[92m  Downloaded[0m zmij v1.0.23
2026-09-16T01:33:18.3183104Z [sp1] [docker]  [1m[92m  Downloaded[0m bytes v1.12.1
2026-09-16T01:33:18.3220353Z [sp1] [docker]  [1m[92m  Downloaded[0m cfg_aliases v0.2.2
2026-09-16T01:33:18.3231794Z [sp1] [docker]  [1m[92m  Downloaded[0m keccak-asm v0.1.8
2026-09-16T01:33:18.3247304Z [sp1] [docker]  [1m[92m  Downloaded[0m ark-serialize-derive v0.6.0
2026-09-16T01:33:18.3257923Z [sp1] [docker]  [1m[92m  Downloaded[0m zeroize v1.9.0
2026-09-16T01:33:18.3280856Z [sp1] [docker]  [1m[92m  Downloaded[0m toml_parser v1.1.3+spec-1.1.0
2026-09-16T01:33:18.3309824Z [sp1] [docker]  [1m[92m  Downloaded[0m toml_edit v0.25.13+spec-1.1.0
2026-09-16T01:33:18.3350551Z [sp1] [docker]  [1m[92m  Downloaded[0m hex-conservative v1.2.0
2026-09-16T01:33:18.3376494Z [sp1] [docker]  [1m[92m  Downloaded[0m unicode-segmentation v1.13.3
2026-09-16T01:33:18.3408024Z [sp1] [docker]  [1m[92m  Downloaded[0m ref-cast v1.0.27
2026-09-16T01:33:18.3441896Z [sp1] [docker]  [1m[92m  Downloaded[0m slop-symmetric v6.5.0
2026-09-16T01:33:18.3450637Z [sp1] [docker]  [1m[92m  Downloaded[0m typenum v1.20.1
2026-09-16T01:33:18.3487923Z [sp1] [docker]  [1m[92m  Downloaded[0m winnow v1.0.4
2026-09-16T01:33:18.3579119Z [sp1] [docker]  [1m[92m  Downloaded[0m time v0.3.55
2026-09-16T01:33:18.3713678Z [sp1] [docker]  [1m[92m  Downloaded[0m slop-challenger v6.5.0
2026-09-16T01:33:18.3721694Z [sp1] [docker]  [1m[92m  Downloaded[0m bitcoin-consensus-encoding v1.2.0
2026-09-16T01:33:18.3738714Z [sp1] [docker]  [1m[92m  Downloaded[0m slop-algebra v6.5.0
2026-09-16T01:33:18.3748967Z [sp1] [docker]  [1m[92m  Downloaded[0m shlex v2.0.1
2026-09-16T01:33:18.3761272Z [sp1] [docker]  [1m[92m  Downloaded[0m zerocopy v0.8.56
2026-09-16T01:33:18.3960460Z [sp1] [docker]  [1m[92m  Downloaded[0m thiserror v2.0.20
2026-09-16T01:33:18.4019547Z [sp1] [docker]  [1m[92m  Downloaded[0m half v1.8.3
2026-09-16T01:33:18.4043949Z [sp1] [docker]  [1m[92m  Downloaded[0m smallvec v1.15.2
2026-09-16T01:33:18.4059870Z [sp1] [docker]  [1m[92m  Downloaded[0m serde_with_macros v3.22.0
2026-09-16T01:33:18.4077133Z [sp1] [docker]  [1m[92m  Downloaded[0m bitflags v2.13.1
2026-09-16T01:33:18.4119273Z [sp1] [docker]  [1m[92m  Downloaded[0m arrayvec v0.7.8
2026-09-16T01:33:18.4145156Z [sp1] [docker]  [1m[92m  Downloaded[0m syn-solidity v1.7.1
2026-09-16T01:33:18.4203206Z [sp1] [docker]  [1m[92m  Downloaded[0m serde_core v1.0.229
2026-09-16T01:33:18.4233202Z [sp1] [docker]  [1m[92m  Downloaded[0m rand v0.8.8
2026-09-16T01:33:18.4265862Z [sp1] [docker]  [1m[92m  Downloaded[0m serde_json v1.0.151
2026-09-16T01:33:18.4333023Z [sp1] [docker]  [1m[92m  Downloaded[0m jiff-core v0.1.0
2026-09-16T01:33:18.4367336Z [sp1] [docker]  [1m[92m  Downloaded[0m ruint v1.20.0
2026-09-16T01:33:18.4428251Z [sp1] [docker]  [1m[92m  Downloaded[0m pest v2.9.0
2026-09-16T01:33:18.4471972Z [sp1] [docker]  [1m[92m  Downloaded[0m chrono v0.4.45
2026-09-16T01:33:18.4531268Z [sp1] [docker]  [1m[92m  Downloaded[0m hashbrown v0.17.1
2026-09-16T01:33:18.4579046Z [sp1] [docker]  [1m[92m  Downloaded[0m serde_with v3.22.0
2026-09-16T01:33:18.4697978Z [sp1] [docker]  [1m[92m  Downloaded[0m bitvec v1.1.1
2026-09-16T01:33:18.4852201Z [sp1] [docker]  [1m[92m  Downloaded[0m syn v3.0.4
2026-09-16T01:33:18.4946400Z [sp1] [docker]  [1m[92m  Downloaded[0m blake3 v1.8.7
2026-09-16T01:33:18.5016557Z [sp1] [docker]  [1m[92m  Downloaded[0m futures-util v0.3.34
2026-09-16T01:33:18.5137896Z [sp1] [docker]  [1m[92m  Downloaded[0m syn v2.0.119
2026-09-16T01:33:18.5230550Z [sp1] [docker]  [1m[92m  Downloaded[0m sha3-asm v0.1.8
2026-09-16T01:33:18.5318343Z [sp1] [docker]  [1m[92m  Downloaded[0m memchr v2.8.3
2026-09-16T01:33:18.5367787Z [sp1] [docker]  [1m[92m  Downloaded[0m regex-syntax v0.8.11
2026-09-16T01:33:18.5426444Z [sp1] [docker]  [1m[92m  Downloaded[0m indexmap v2.14.1
2026-09-16T01:33:18.5464876Z [sp1] [docker]  [1m[92m  Downloaded[0m blst v0.3.17
2026-09-16T01:33:18.5590287Z [sp1] [docker]  [1m[92m  Downloaded[0m serde v1.0.229
2026-09-16T01:33:18.5622038Z [sp1] [docker]  [1m[92m  Downloaded[0m schemars v1.2.2
2026-09-16T01:33:18.5782235Z [sp1] [docker]  [1m[92m  Downloaded[0m rand v0.9.5
2026-09-16T01:33:18.5816563Z [sp1] [docker]  [1m[92m  Downloaded[0m proc-macro2 v1.0.107
2026-09-16T01:33:18.5843215Z [sp1] [docker]  [1m[92m  Downloaded[0m futures v0.3.34
2026-09-16T01:33:18.5888858Z [sp1] [docker]  [1m[92m  Downloaded[0m ed25519-dalek v2.2.0
2026-09-16T01:33:18.5916312Z [sp1] [docker]  [1m[92m  Downloaded[0m rapidhash v4.5.1
2026-09-16T01:33:18.5949802Z [sp1] [docker]  [1m[92m  Downloaded[0m num-bigint v0.4.8
2026-09-16T01:33:18.5992612Z [sp1] [docker]  [1m[92m  Downloaded[0m log v0.4.34
2026-09-16T01:33:18.6014498Z [sp1] [docker]  [1m[92m  Downloaded[0m futures-executor v0.3.34
2026-09-16T01:33:18.6027193Z [sp1] [docker]  [1m[92m  Downloaded[0m futures-channel v0.3.34
2026-09-16T01:33:18.6043960Z [sp1] [docker]  [1m[92m  Downloaded[0m jiff v0.2.35
2026-09-16T01:33:18.6174678Z [sp1] [docker]  [1m[92m  Downloaded[0m ark-serialize v0.6.0
2026-09-16T01:33:18.6190466Z [sp1] [docker]  [1m[92m  Downloaded[0m enum-ordinalize-derive v4.4.2
2026-09-16T01:33:18.6200205Z [sp1] [docker]  [1m[92m  Downloaded[0m serde_cbor v0.11.2
2026-09-16T01:33:18.6225726Z [sp1] [docker]  [1m[92m  Downloaded[0m num-integer v0.1.47
2026-09-16T01:33:18.6239588Z [sp1] [docker]  [1m[92m  Downloaded[0m find-msvc-tools v0.1.11
2026-09-16T01:33:18.6253973Z [sp1] [docker]  [1m[92m  Downloaded[0m fastrand v2.5.0
2026-09-16T01:33:18.6266956Z [sp1] [docker]  [1m[92m  Downloaded[0m either v1.18.0
2026-09-16T01:33:18.6280527Z [sp1] [docker]  [1m[92m  Downloaded[0m cc v1.4.4
2026-09-16T01:33:18.6307565Z [sp1] [docker]  [1m[92m  Downloaded[0m libc v0.2.189
2026-09-16T01:33:18.6695612Z [sp1] [docker]  [1m[92m  Downloaded[0m bitcoin_hashes v0.14.101
2026-09-16T01:33:18.6713453Z [sp1] [docker]  [1m[92m  Downloaded[0m sp1-zkvm v6.3.1
2026-09-16T01:33:18.6738490Z [sp1] [docker]  [1m[92m  Downloaded[0m sp1-primitives v6.3.1
2026-09-16T01:33:18.6749894Z [sp1] [docker]  [1m[92m  Downloaded[0m sp1-lib v6.3.1
2026-09-16T01:33:18.6765311Z [sp1] [docker]  [1m[92m  Downloaded[0m slop-primitives v6.5.0
2026-09-16T01:33:18.6771473Z [sp1] [docker]  [1m[92m  Downloaded[0m slop-koala-bear v6.5.0
2026-09-16T01:33:18.6779141Z [sp1] [docker]  [1m[92m  Downloaded[0m rustversion v1.0.23
2026-09-16T01:33:18.6805218Z [sp1] [docker]  [1m[92m  Downloaded[0m ref-cast-impl v1.0.27
2026-09-16T01:33:18.6817783Z [sp1] [docker]  [1m[92m  Downloaded[0m quote v1.0.47
2026-09-16T01:33:18.6842231Z [sp1] [docker]  [1m[92m  Downloaded[0m slop-bn254 v6.5.0
2026-09-16T01:33:18.6849995Z [sp1] [docker]  [1m[92m  Downloaded[0m futures-io v0.3.34
2026-09-16T01:33:18.6858219Z [sp1] [docker]  [1m[92m  Downloaded[0m autocfg v1.5.1
2026-09-16T01:33:18.6874762Z [sp1] [docker]  [1m[92m  Downloaded[0m slop-poseidon2 v6.5.0
2026-09-16T01:33:18.6881035Z [sp1] [docker]  [1m[92m  Downloaded[0m futures-sink v0.3.34
2026-09-16T01:33:18.6888720Z [sp1] [docker]  [1m[92m  Downloaded[0m borsh-derive v1.8.1
2026-09-16T01:33:18.6917609Z [sp1] [docker]  [1m[92m  Downloaded[0m bitcoin-io v0.1.101
2026-09-16T01:33:18.6926817Z [sp1] [docker]  [1m[92m  Downloaded[0m getrandom v0.4.3
2026-09-16T01:33:18.6960051Z [sp1] [docker]  [1m[92m  Downloaded[0m bitcoin-internals v0.6.0
2026-09-16T01:33:18.6974624Z [sp1] [docker]  [1m[92m  Downloaded[0m num-conv v0.2.2
2026-09-16T01:33:18.6981950Z [sp1] [docker]  [1m[92m  Downloaded[0m futures-macro v0.3.34
2026-09-16T01:33:18.6991202Z [sp1] [docker]  [1m[92m  Downloaded[0m ed25519 v2.2.3
2026-09-16T01:33:18.7006963Z [sp1] [docker]  [1m[92m  Downloaded[0m borsh v1.8.1
2026-09-16T01:33:18.7072779Z [sp1] [docker]  [1m[92m  Downloaded[0m ark-ff v0.6.0
2026-09-16T01:33:18.7113013Z [sp1] [docker]  [1m[92m  Downloaded[0m defmt-parser v1.0.0
2026-09-16T01:33:18.7121268Z [sp1] [docker]  [1m[92m  Downloaded[0m futures-task v0.3.34
2026-09-16T01:33:18.7132078Z [sp1] [docker]  [1m[92m  Downloaded[0m futures-core v0.3.34
2026-09-16T01:33:18.7144377Z [sp1] [docker]  [1m[92m  Downloaded[0m const-hex v1.19.1
2026-09-16T01:33:18.7163993Z [sp1] [docker]  [1m[92m  Downloaded[0m enum-ordinalize v4.4.2
2026-09-16T01:33:18.7171897Z [sp1] [docker]  [1m[92m  Downloaded[0m defmt v1.1.1
2026-09-16T01:33:18.7215834Z [sp1] [docker]  [1m[92m  Downloaded[0m bs58 v0.5.1
2026-09-16T01:33:18.7240560Z [sp1] [docker]  [1m[92m  Downloaded[0m c-kzg v2.1.8
2026-09-16T01:33:20.2736587Z [sp1] [docker]  [1m[92m   Compiling[0m proc-macro2 v1.0.107
2026-09-16T01:33:20.2749507Z [sp1] [docker]  [1m[92m   Compiling[0m quote v1.0.47
2026-09-16T01:33:20.2752299Z [sp1] [docker]  [1m[92m   Compiling[0m unicode-ident v1.0.24
2026-09-16T01:33:20.2753160Z [sp1] [docker]  [1m[92m   Compiling[0m cfg-if v1.0.4
2026-09-16T01:33:20.3146669Z [sp1] [docker]  [1m[92m   Compiling[0m serde_core v1.0.229
2026-09-16T01:33:20.3483880Z [sp1] [docker]  [1m[92m   Compiling[0m serde v1.0.229
2026-09-16T01:33:20.4761327Z [sp1] [docker]  [1m[92m   Compiling[0m autocfg v1.5.1
2026-09-16T01:33:20.5640838Z [sp1] [docker]  [1m[92m   Compiling[0m version_check v0.9.5
2026-09-16T01:33:20.8729598Z [sp1] [docker]  [1m[92m   Compiling[0m getrandom v0.2.17
2026-09-16T01:33:20.8854016Z [sp1] [docker]  [1m[92m   Compiling[0m generic-array v0.14.9
2026-09-16T01:33:20.9830090Z [sp1] [docker]  [1m[92m   Compiling[0m rand_core v0.6.4
2026-09-16T01:33:20.9908298Z [sp1] [docker]  [1m[92m   Compiling[0m zeroize v1.9.0
2026-09-16T01:33:21.2133680Z [sp1] [docker]  [1m[92m   Compiling[0m subtle v2.6.1
2026-09-16T01:33:21.3330548Z [sp1] [docker]  [1m[92m   Compiling[0m syn v3.0.4
2026-09-16T01:33:21.3606127Z [sp1] [docker]  [1m[92m   Compiling[0m syn v2.0.119
2026-09-16T01:33:21.4132642Z [sp1] [docker]  [1m[92m   Compiling[0m zerocopy v0.8.56
2026-09-16T01:33:21.7627936Z [sp1] [docker]  [1m[92m   Compiling[0m num-traits v0.2.19
2026-09-16T01:33:21.8498272Z [sp1] [docker]  [1m[92m   Compiling[0m either v1.18.0
2026-09-16T01:33:22.1151734Z [sp1] [docker]  [1m[92m   Compiling[0m typenum v1.20.1
2026-09-16T01:33:25.0962817Z [sp1] [docker]  [1m[92m   Compiling[0m num-integer v0.1.47
2026-09-16T01:33:25.7438355Z [sp1] [docker]  [1m[92m   Compiling[0m once_cell v1.21.4
2026-09-16T01:33:25.9744430Z [sp1] [docker]  [1m[92m   Compiling[0m pin-project-lite v0.2.17
2026-09-16T01:33:26.0335156Z [sp1] [docker]  [1m[92m   Compiling[0m num-bigint v0.4.8
2026-09-16T01:33:26.3442450Z [sp1] [docker]  [1m[92m   Compiling[0m serde_derive v1.0.229
2026-09-16T01:33:28.2786662Z [sp1] [docker]  [1m[92m   Compiling[0m itertools v0.12.1
2026-09-16T01:33:29.5169417Z [sp1] [docker]  [1m[92m   Compiling[0m ppv-lite86 v0.2.21
2026-09-16T01:33:29.8308324Z [sp1] [docker]  [1m[92m   Compiling[0m rand_chacha v0.3.1
2026-09-16T01:33:30.5625949Z [sp1] [docker]  [1m[92m   Compiling[0m rand v0.8.8
2026-09-16T01:33:30.9462811Z [sp1] [docker]  [1m[92m   Compiling[0m p3-util v0.4.3-succinct
2026-09-16T01:33:31.0555921Z [sp1] [docker]  [1m[92m   Compiling[0m block-buffer v0.10.4
2026-09-16T01:33:31.1699723Z [sp1] [docker]  [1m[92m   Compiling[0m crypto-common v0.1.6
2026-09-16T01:33:31.2566748Z [sp1] [docker]  [1m[92m   Compiling[0m p3-field v0.4.3-succinct
2026-09-16T01:33:31.6238311Z [sp1] [docker]  [1m[92m   Compiling[0m digest v0.10.7
2026-09-16T01:33:31.6768041Z [sp1] [docker]  [1m[92m   Compiling[0m tracing-attributes v0.1.31
2026-09-16T01:33:31.7216733Z [sp1] [docker]  [1m[92m   Compiling[0m tracing-core v0.1.36
2026-09-16T01:33:31.8039073Z [sp1] [docker]  [1m[92m   Compiling[0m arrayvec v0.7.8
2026-09-16T01:33:31.9690250Z [sp1] [docker]  [1m[92m   Compiling[0m p3-maybe-rayon v0.4.3-succinct
2026-09-16T01:33:32.0433012Z [sp1] [docker]  [1m[92m   Compiling[0m p3-symmetric v0.4.3-succinct
2026-09-16T01:33:32.1187969Z [sp1] [docker]  [1m[92m   Compiling[0m paste v1.0.15
2026-09-16T01:33:32.3122147Z [sp1] [docker]  [1m[92m   Compiling[0m num-bigint v0.3.3
2026-09-16T01:33:33.0363029Z [sp1] [docker]  [1m[92m   Compiling[0m syn v1.0.109
2026-09-16T01:33:33.0754160Z [sp1] [docker]  [1m[92m   Compiling[0m radium v0.7.0
2026-09-16T01:33:33.1914966Z [sp1] [docker]  [1m[92m   Compiling[0m tracing v0.1.44
2026-09-16T01:33:33.2316857Z [sp1] [docker]  [1m[92m   Compiling[0m bytes v1.12.1
2026-09-16T01:33:33.2532946Z [sp1] [docker]  [1m[92m   Compiling[0m alloy-rlp-derive v0.3.16
2026-09-16T01:33:33.5281805Z [sp1] [docker]  [1m[92m   Compiling[0m p3-matrix v0.4.3-succinct
2026-09-16T01:33:33.8501860Z [sp1] [docker]  [1m[92m   Compiling[0m p3-dft v0.4.3-succinct
2026-09-16T01:33:33.8699281Z [sp1] [docker]  [1m[92m   Compiling[0m futures-core v0.3.34
2026-09-16T01:33:33.9779096Z [sp1] [docker]  [1m[92m   Compiling[0m futures-sink v0.3.34
2026-09-16T01:33:34.0489327Z [sp1] [docker]  [1m[92m   Compiling[0m semver v1.0.28
2026-09-16T01:33:34.0889457Z [sp1] [docker]  [1m[92m   Compiling[0m tap v1.0.1
2026-09-16T01:33:34.1869839Z [sp1] [docker]  [1m[92m   Compiling[0m unicode-segmentation v1.13.3
2026-09-16T01:33:34.3718065Z [sp1] [docker]  [1m[92m   Compiling[0m rustc_version v0.4.1
2026-09-16T01:33:34.4772362Z [sp1] [docker]  [1m[92m   Compiling[0m wyz v0.5.1
2026-09-16T01:33:34.6638617Z [sp1] [docker]  [1m[92m   Compiling[0m convert_case v0.10.0
2026-09-16T01:33:34.6797552Z [sp1] [docker]  [1m[92m   Compiling[0m p3-mds v0.4.3-succinct
2026-09-16T01:33:34.7139402Z [sp1] [docker]  [1m[92m   Compiling[0m futures-channel v0.3.34
2026-09-16T01:33:34.8718616Z [sp1] [docker]  [1m[92m   Compiling[0m alloy-rlp v0.3.12
2026-09-16T01:33:35.1379217Z [sp1] [docker]  [1m[92m   Compiling[0m addchain v0.2.1
2026-09-16T01:33:35.2355311Z [sp1] [docker]  [1m[92m   Compiling[0m futures-macro v0.3.34
2026-09-16T01:33:35.2850440Z [sp1] [docker]  [1m[92m   Compiling[0m gcd v2.3.0
2026-09-16T01:33:35.3232108Z [sp1] [docker]  [1m[92m   Compiling[0m futures-task v0.3.34
2026-09-16T01:33:35.4307312Z [sp1] [docker]  [1m[92m   Compiling[0m funty v2.0.0
2026-09-16T01:33:35.4568824Z [sp1] [docker]  [1m[92m   Compiling[0m unicode-xid v0.2.6
2026-09-16T01:33:35.5276825Z [sp1] [docker]  [1m[92m   Compiling[0m slab v0.4.12
2026-09-16T01:33:35.7039972Z [sp1] [docker]  [1m[92m   Compiling[0m futures-io v0.3.34
2026-09-16T01:33:35.8523997Z [sp1] [docker]  [1m[92m   Compiling[0m ruint-macro v1.2.1
2026-09-16T01:33:36.0312379Z [sp1] [docker]  [1m[92m   Compiling[0m memchr v2.8.3
2026-09-16T01:33:36.1386442Z [sp1] [docker]  [1m[92m   Compiling[0m ruint v1.20.0
2026-09-16T01:33:36.7850156Z [sp1] [docker]  [1m[92m   Compiling[0m futures-util v0.3.34
2026-09-16T01:33:36.9838204Z [sp1] [docker]  [1m[92m   Compiling[0m bitvec v1.1.1
2026-09-16T01:33:37.1514799Z [sp1] [docker]  [1m[92m   Compiling[0m derive_more-impl v2.1.1
2026-09-16T01:33:39.9122855Z [sp1] [docker]  [1m[92m   Compiling[0m p3-poseidon2 v0.4.3-succinct
2026-09-16T01:33:39.9626167Z [sp1] [docker]  [1m[92m   Compiling[0m ff_derive v0.13.1
2026-09-16T01:33:40.1192568Z [sp1] [docker]  [1m[92m   Compiling[0m itertools v0.14.0
2026-09-16T01:33:40.8634303Z [sp1] [docker]  [1m[92m   Compiling[0m keccak v0.1.6
2026-09-16T01:33:41.1124352Z [sp1] [docker]  [1m[92m   Compiling[0m foldhash v0.2.0
2026-09-16T01:33:41.1933258Z [sp1] [docker]  [1m[92m   Compiling[0m byteorder v1.5.0
2026-09-16T01:33:41.3383319Z [sp1] [docker]  [1m[92m   Compiling[0m hashbrown v0.16.1
2026-09-16T01:33:41.3915333Z [sp1] [docker]  [1m[92m   Compiling[0m ff v0.13.1
2026-09-16T01:33:41.5231093Z [sp1] [docker]  [1m[92m   Compiling[0m sha3 v0.10.8 (https://github.com/sp1-patches/RustCrypto-hashes?tag=patch-sha3-0.10.8-sp1-6.0.0#0a16ae7a)
2026-09-16T01:33:42.0325786Z [sp1] [docker]  [1m[92m   Compiling[0m derive_more v2.1.1
2026-09-16T01:33:42.0373498Z [sp1] [docker]  [1m[92m   Compiling[0m futures-executor v0.3.34
2026-09-16T01:33:42.1413708Z [sp1] [docker]  [1m[92m   Compiling[0m const-hex v1.19.1
2026-09-16T01:33:42.3277870Z [sp1] [docker]  [1m[92m   Compiling[0m slop-algebra v6.5.0
2026-09-16T01:33:42.4502570Z [sp1] [docker]  [1m[92m   Compiling[0m itoa v1.0.18
2026-09-16T01:33:42.4922868Z [sp1] [docker]  [1m[92m   Compiling[0m shlex v2.0.1
2026-09-16T01:33:42.5470736Z [sp1] [docker]  [1m[92m   Compiling[0m find-msvc-tools v0.1.11
2026-09-16T01:33:42.5511952Z [sp1] [docker]  [1m[92m   Compiling[0m rustc-hash v2.1.3
2026-09-16T01:33:42.6285631Z [sp1] [docker]  [1m[92m   Compiling[0m alloy-primitives v1.5.7
2026-09-16T01:33:42.6892979Z [sp1] [docker]  [1m[92m   Compiling[0m cc v1.4.4
2026-09-16T01:33:42.6928670Z [sp1] [docker]  [1m[92m   Compiling[0m futures v0.3.34
2026-09-16T01:33:42.7309179Z [sp1] [docker]  [1m[92m   Compiling[0m p3-koala-bear v0.4.3-succinct
2026-09-16T01:33:42.7700592Z [sp1] [docker]  [1m[92m   Compiling[0m p3-challenger v0.4.3-succinct
2026-09-16T01:33:42.8448123Z [sp1] [docker]  [1m[92m   Compiling[0m slop-symmetric v6.5.0
2026-09-16T01:33:42.8875260Z [sp1] [docker]  [1m[92m   Compiling[0m thiserror v2.0.20
2026-09-16T01:33:43.1738356Z [sp1] [docker]  [1m[92m   Compiling[0m slop-challenger v6.5.0
2026-09-16T01:33:43.3277543Z [sp1] [docker]  [1m[92m   Compiling[0m slop-poseidon2 v6.5.0
2026-09-16T01:33:43.3701363Z [sp1] [docker]  [1m[92m   Compiling[0m sha2 v0.10.9 (https://github.com/sp1-patches/RustCrypto-hashes?tag=patch-sha2-0.10.9-sp1-6.0.0#e48b656e)
2026-09-16T01:33:44.3044911Z [sp1] [docker]  [1m[92m   Compiling[0m thiserror-impl v2.0.20
2026-09-16T01:33:44.4905920Z [sp1] [docker]  [1m[92m   Compiling[0m blake3 v1.8.7
2026-09-16T01:33:44.7225018Z [sp1] [docker]  [1m[92m   Compiling[0m const-oid v0.9.6
2026-09-16T01:33:45.0228110Z [sp1] [docker]  [1m[92m   Compiling[0m der v0.7.10
2026-09-16T01:33:45.0395206Z [sp1] [docker]  [1m[92m   Compiling[0m p3-bn254-fr v0.4.3-succinct
2026-09-16T01:33:45.7712041Z [sp1] [docker]  [1m[92m   Compiling[0m hmac v0.12.1
2026-09-16T01:33:45.8760812Z [sp1] [docker]  [1m[92m   Compiling[0m lazy_static v1.5.0
2026-09-16T01:33:45.9270202Z [sp1] [docker]  [1m[92m   Compiling[0m base16ct v0.2.0
2026-09-16T01:33:45.9664670Z [sp1] [docker]  [1m[92m   Compiling[0m constant_time_eq v0.4.2
2026-09-16T01:33:46.0706817Z [sp1] [docker]  [1m[92m   Compiling[0m sec1 v0.7.3
2026-09-16T01:33:46.9181270Z [sp1] [docker]  [1m[92m   Compiling[0m slop-bn254 v6.5.0
2026-09-16T01:33:47.0069368Z [sp1] [docker]  [1m[92m   Compiling[0m slop-koala-bear v6.5.0
2026-09-16T01:33:47.2228418Z [sp1] [docker]  [1m[92m   Compiling[0m hkdf v0.12.4
2026-09-16T01:33:47.4241073Z [sp1] [docker]  [1m[92m   Compiling[0m slop-primitives v6.5.0
2026-09-16T01:33:47.4845497Z [sp1] [docker]  [1m[92m   Compiling[0m group v0.13.0
2026-09-16T01:33:47.5054606Z [sp1] [docker]  [1m[92m   Compiling[0m bincode v1.3.3
2026-09-16T01:33:47.5600694Z [sp1] [docker]  [1m[92m   Compiling[0m crypto-bigint v0.5.5
2026-09-16T01:33:47.6670484Z [sp1] [docker]  [1m[92m   Compiling[0m ident_case v1.0.1
2026-09-16T01:33:47.7503342Z [sp1] [docker]  [1m[92m   Compiling[0m hex v0.4.3
2026-09-16T01:33:48.0636892Z [sp1] [docker]  [1m[92m   Compiling[0m cpufeatures v0.2.17
2026-09-16T01:33:48.0935808Z [sp1] [docker]  [1m[92m   Compiling[0m strsim v0.11.1
2026-09-16T01:33:48.0994790Z [sp1] [docker]  [1m[92m   Compiling[0m elf v0.7.4
2026-09-16T01:33:48.3351111Z [sp1] [docker]  [1m[92m   Compiling[0m rustversion v1.0.23
2026-09-16T01:33:48.6056994Z [sp1] [docker]  [1m[92m   Compiling[0m darling_core v0.23.0
2026-09-16T01:33:48.8964790Z [sp1] [docker]  [1m[92m   Compiling[0m sp1-primitives v6.3.1
2026-09-16T01:33:49.0521441Z [sp1] [docker]  [1m[92m   Compiling[0m syn-solidity v1.7.1
2026-09-16T01:33:50.3500181Z [sp1] [docker]  [1m[92m   Compiling[0m elliptic-curve v0.13.8
2026-09-16T01:33:50.7620169Z [sp1] [docker]  [1m[92m   Compiling[0m macro-string v0.1.4
2026-09-16T01:33:51.0576181Z [sp1] [docker]  [1m[92m   Compiling[0m proc-macro-error-attr2 v2.0.0
2026-09-16T01:33:51.0774394Z [sp1] [docker]  [1m[92m   Compiling[0m heck v0.5.0
2026-09-16T01:33:51.2768143Z [sp1] [docker]  [1m[92m   Compiling[0m hashbrown v0.17.1
2026-09-16T01:33:51.3375445Z [sp1] [docker]  [1m[92m   Compiling[0m crc-catalog v2.5.0
2026-09-16T01:33:51.5963477Z [sp1] [docker]  [1m[92m   Compiling[0m equivalent v1.0.2
2026-09-16T01:33:51.6374373Z [sp1] [docker]  [1m[92m   Compiling[0m dunce v1.0.5
2026-09-16T01:33:51.9855319Z [sp1] [docker]  [1m[92m   Compiling[0m crc v3.4.0
2026-09-16T01:33:52.0449268Z [sp1] [docker]  [1m[92m   Compiling[0m indexmap v2.14.1
2026-09-16T01:33:52.2010045Z [sp1] [docker]  [1m[92m   Compiling[0m alloy-sol-macro-input v1.5.7
2026-09-16T01:33:52.2543116Z [sp1] [docker]  [1m[92m   Compiling[0m darling_macro v0.23.0
2026-09-16T01:33:52.5006609Z [sp1] [docker]  [1m[92m   Compiling[0m proc-macro-error2 v2.0.1
2026-09-16T01:33:52.5700678Z [sp1] [docker]  [1m[92m   Compiling[0m sp1-lib v6.3.1
2026-09-16T01:33:52.9148520Z [sp1] [docker]  [1m[92m   Compiling[0m curve25519-dalek v4.1.3 (https://github.com/sp1-patches/curve25519-dalek?tag=patch-4.1.3-sp1-6.2.0#b251b2a1)
2026-09-16T01:33:53.0550102Z [sp1] [docker]  [1m[92m   Compiling[0m const-default v1.0.0
2026-09-16T01:33:53.1242229Z [sp1] [docker]  [1m[92m   Compiling[0m smallvec v1.15.2
2026-09-16T01:33:53.1999715Z [sp1] [docker]  [1m[92m   Compiling[0m libm v0.2.16
2026-09-16T01:33:53.3163555Z [sp1] [docker]  [1m[92m   Compiling[0m getrandom v0.3.4
2026-09-16T01:33:53.3863084Z [sp1] [docker]  [1m[92m   Compiling[0m nybbles v0.4.8
2026-09-16T01:33:53.3948876Z [sp1] [docker]  [1m[92m   Compiling[0m rlsf v0.2.3
2026-09-16T01:33:53.5815527Z [sp1] [docker]  [1m[92m   Compiling[0m alloy-sol-macro-expander v1.5.7
2026-09-16T01:33:53.7081309Z [sp1] [docker]  [1m[92m   Compiling[0m darling v0.23.0
2026-09-16T01:33:53.7341826Z [sp1] [docker]  [1m[92m   Compiling[0m alloy-eip2124 v0.2.0
2026-09-16T01:33:53.7533052Z [sp1] [docker]  [1m[92m   Compiling[0m alloy-eip7702 v0.6.3
2026-09-16T01:33:53.8917534Z [sp1] [docker]  [1m[92m   Compiling[0m alloy-eip7928 v0.3.7
2026-09-16T01:33:54.1646444Z [sp1] [docker]  [1m[92m   Compiling[0m alloy-eip2930 v0.2.3
2026-09-16T01:33:54.2437540Z [sp1] [docker]  [1m[92m   Compiling[0m auto_impl v1.3.0
2026-09-16T01:33:54.5292755Z [sp1] [docker]  [1m[92m   Compiling[0m sp1-zkvm v6.3.1
2026-09-16T01:33:54.6614246Z [sp1] [docker]  [1m[92m   Compiling[0m critical-section v1.2.0
2026-09-16T01:33:54.7318304Z [sp1] [docker]  [1m[92m   Compiling[0m linked_list_allocator v0.10.6
2026-09-16T01:33:54.9212251Z [sp1] [docker]  [1m[92m   Compiling[0m signature v2.2.0
2026-09-16T01:33:54.9883309Z [sp1] [docker]  [1m[92m   Compiling[0m ed25519 v2.2.3
2026-09-16T01:33:55.1017393Z [sp1] [docker]  [1m[92m   Compiling[0m alloy-eips v1.8.3
2026-09-16T01:33:55.1799658Z [sp1] [docker]  [1m[92m   Compiling[0m embedded-alloc v0.6.0
2026-09-16T01:33:55.3654933Z [sp1] [docker]  [1m[92m   Compiling[0m alloy-tx-macros v1.8.3
2026-09-16T01:33:56.0213303Z [sp1] [docker]  [1m[92m   Compiling[0m alloy-trie v0.9.5
2026-09-16T01:33:57.0894876Z [sp1] [docker]  [1m[92m   Compiling[0m alloy-sol-macro v1.5.7
2026-09-16T01:33:57.6745721Z [sp1] [docker]  [1m[92m   Compiling[0m winnow v0.7.15
2026-09-16T01:34:00.0625479Z [sp1] [docker]  [1m[92m   Compiling[0m half v1.8.3
2026-09-16T01:34:00.1919056Z [sp1] [docker]  [1m[92m   Compiling[0m alloy-sol-type-parser v1.5.7
2026-09-16T01:34:00.4694002Z [sp1] [docker]  [1m[92m   Compiling[0m serde_cbor v0.11.2
2026-09-16T01:34:00.5634176Z [sp1] [docker]  [1m[92m   Compiling[0m ed25519-dalek v2.2.0
2026-09-16T01:34:01.0187306Z [sp1] [docker]  [1m[92m   Compiling[0m alloy-sol-types v1.5.7
2026-09-16T01:34:01.5045209Z [sp1] [docker]  [1m[92m   Compiling[0m alloy-consensus v1.8.3
2026-09-16T01:34:03.6748010Z [sp1] [docker]  [1m[92m   Compiling[0m pfusdc-arc-ingress-program v0.1.0 (/root/program/programs/pfusdc-arc-ingress)
2026-09-16T01:34:10.0329295Z [sp1] [docker]  [1m[92m    Finished[0m `release` profile [optimized] target(s) in 55.07s
2026-09-16T01:34:11.0054732Z cargo:rustc-env=SP1_ELF_pfusdc-arc-ingress-program=/home/runner/work/_temp/arc-proof-identities/src-a/programs/pfusdc-arc-ingress/target/elf-compilation/docker/riscv64im-succinct-zkvm-elf/release/pfusdc-arc-ingress-program
2026-09-16T01:34:13.5569127Z cargo:warning=docker: rustc +succinct --version: "rustc 1.94.0-dev\n"
2026-09-16T01:34:15.7407458Z cargo:warning=docker: rustc_bin: "/root/.sp1/toolchains/g7wv95WZT7/bin/rustc"
2026-09-16T01:34:15.8399015Z [sp1] [docker]  info: `cargo` is unavailable for the active toolchain
2026-09-16T01:34:15.8401318Z [sp1] [docker]  info: falling back to "/root/.rustup/toolchains/stable-x86_64-unknown-linux-gnu/bin/cargo"
2026-09-16T01:34:15.8943252Z [sp1] [docker]  [1m[92m    Updating[0m git repository `https://github.com/sp1-patches/bls12_381`
2026-09-16T01:34:16.7243971Z [sp1] [docker]  [1m[92m    Updating[0m git repository `https://github.com/sp1-patches/RustCrypto-hashes`
2026-09-16T01:34:17.9107697Z [sp1] [docker]  [1m[92m    Updating[0m git repository `https://github.com/sp1-patches/RustCrypto-hashes`
2026-09-16T01:34:19.0436531Z [sp1] [docker]  [1m[92m    Updating[0m git repository `https://github.com/sp1-patches/RustCrypto-hashes`
2026-09-16T01:34:20.0824862Z [sp1] [docker]  [1m[92m    Updating[0m crates.io index
2026-09-16T01:34:20.1821863Z [sp1] [docker]  [1m[33mwarning[0m: patch `sha2 v0.9.9 (https://github.com/sp1-patches/RustCrypto-hashes?tag=patch-sha2-0.9.9-sp1-6.0.0#1b29839d)` was not used in the crate graph
2026-09-16T01:34:20.1822567Z [sp1] [docker]    [1m[94m|[0m
2026-09-16T01:34:20.1822948Z [sp1] [docker]    [1m[94m= [0m[1mhelp[0m: perhaps you meant one of the following:
2026-09-16T01:34:20.1823465Z [sp1] [docker]            	https://github.com/sp1-patches/RustCrypto-hashes
2026-09-16T01:34:20.1824174Z [sp1] [docker]  [1m[33mwarning[0m: patch `bls12_381 v0.8.0 (https://github.com/sp1-patches/bls12_381?tag=patch-0.8.0-sp1-6.0.0-v2#7726731d)` was not used in the crate graph
2026-09-16T01:34:20.1825074Z [sp1] [docker]  [1m[33mwarning[0m: patch `tiny-keccak v2.0.2 (https://github.com/sp1-patches/tiny-keccak?tag=patch-2.0.2-sp1-6.0.0#957430a4)` was not used in the crate graph
2026-09-16T01:34:20.1825817Z [sp1] [docker]  [1m[96mhelp[0m: Check that the patched package version and available features are compatible
2026-09-16T01:34:20.1826313Z [sp1] [docker]        with the dependency requirements. If the patch has a different version from
2026-09-16T01:34:20.1826752Z [sp1] [docker]        what is locked in the Cargo.lock file, run `cargo update` to use the new
2026-09-16T01:34:20.1827183Z [sp1] [docker]        version. This may also occur with an optional dependency that is not enabled.
2026-09-16T01:34:20.2658895Z [sp1] [docker]  [1m[92m Downloading[0m crates ...
2026-09-16T01:34:20.3940590Z [sp1] [docker]  [1m[92m  Downloaded[0m crypto-common v0.2.2
2026-09-16T01:34:20.3959421Z [sp1] [docker]  [1m[92m  Downloaded[0m block-buffer v0.12.1
2026-09-16T01:34:20.3972312Z [sp1] [docker]  [1m[92m  Downloaded[0m crypto-common v0.1.7
2026-09-16T01:34:20.4020192Z [sp1] [docker]  [1m[92m  Downloaded[0m digest v0.11.3
2026-09-16T01:34:20.4124192Z [sp1] [docker]  [1m[92m  Downloaded[0m slop-poseidon2 v6.3.1
2026-09-16T01:34:20.4130840Z [sp1] [docker]  [1m[92m  Downloaded[0m slop-challenger v6.3.1
2026-09-16T01:34:20.4138969Z [sp1] [docker]  [1m[92m  Downloaded[0m generic-array v0.14.7
2026-09-16T01:34:20.4152138Z [sp1] [docker]  [1m[92m  Downloaded[0m cc v1.2.67
2026-09-16T01:34:20.4205641Z [sp1] [docker]  [1m[92m  Downloaded[0m slop-bn254 v6.3.1
2026-09-16T01:34:20.4220111Z [sp1] [docker]  [1m[92m  Downloaded[0m slop-algebra v6.3.1
2026-09-16T01:34:20.4251375Z [sp1] [docker]  [1m[92m  Downloaded[0m slop-primitives v6.3.1
2026-09-16T01:34:20.4286880Z [sp1] [docker]  [1m[92m  Downloaded[0m slop-symmetric v6.3.1
2026-09-16T01:34:20.4293335Z [sp1] [docker]  [1m[92m  Downloaded[0m quote v1.0.46
2026-09-16T01:34:20.4318327Z [sp1] [docker]  [1m[92m  Downloaded[0m keccak v0.2.0
2026-09-16T01:34:20.4333948Z [sp1] [docker]  [1m[92m  Downloaded[0m either v1.16.0
2026-09-16T01:34:20.4347010Z [sp1] [docker]  [1m[92m  Downloaded[0m slop-koala-bear v6.3.1
2026-09-16T01:34:20.4379969Z [sp1] [docker]  [1m[92m  Downloaded[0m hybrid-array v0.4.13
2026-09-16T01:34:20.4448058Z [sp1] [docker]  [1m[92m  Downloaded[0m rand v0.8.7
2026-09-16T01:34:20.4530132Z [sp1] [docker]  [1m[92m  Downloaded[0m serde_json v1.0.150
2026-09-16T01:34:20.4597146Z [sp1] [docker]  [1m[92m  Downloaded[0m zerocopy v0.8.54
2026-09-16T01:34:20.4793922Z [sp1] [docker]  [1m[92m  Downloaded[0m sha3 v0.11.0
2026-09-16T01:34:20.7193827Z [sp1] [docker]  [1m[92m   Compiling[0m proc-macro2 v1.0.106
2026-09-16T01:34:20.7194374Z [sp1] [docker]  [1m[92m   Compiling[0m quote v1.0.46
2026-09-16T01:34:20.7194941Z [sp1] [docker]  [1m[92m   Compiling[0m unicode-ident v1.0.24
2026-09-16T01:34:20.7195427Z [sp1] [docker]  [1m[92m   Compiling[0m cfg-if v1.0.4
2026-09-16T01:34:20.7535380Z [sp1] [docker]  [1m[92m   Compiling[0m autocfg v1.5.1
2026-09-16T01:34:20.7919302Z [sp1] [docker]  [1m[92m   Compiling[0m serde_core v1.0.228
2026-09-16T01:34:20.8943704Z [sp1] [docker]  [1m[92m   Compiling[0m getrandom v0.2.17
2026-09-16T01:34:21.0118475Z [sp1] [docker]  [1m[92m   Compiling[0m serde v1.0.228
2026-09-16T01:34:21.1610092Z [sp1] [docker]  [1m[92m   Compiling[0m rand_core v0.6.4
2026-09-16T01:34:21.2209569Z [sp1] [docker]  [1m[92m   Compiling[0m zerocopy v0.8.54
2026-09-16T01:34:21.3794146Z [sp1] [docker]  [1m[92m   Compiling[0m num-traits v0.2.19
2026-09-16T01:34:21.7353409Z [sp1] [docker]  [1m[92m   Compiling[0m syn v2.0.119
2026-09-16T01:34:22.9133024Z [sp1] [docker]  [1m[92m   Compiling[0m either v1.16.0
2026-09-16T01:34:23.1561440Z [sp1] [docker]  [1m[92m   Compiling[0m typenum v1.20.1
2026-09-16T01:34:24.3641108Z [sp1] [docker]  [1m[92m   Compiling[0m num-integer v0.1.46
2026-09-16T01:34:24.4893127Z [sp1] [docker]  [1m[92m   Compiling[0m itertools v0.12.1
2026-09-16T01:34:24.9921741Z [sp1] [docker]  [1m[92m   Compiling[0m num-bigint v0.4.8
2026-09-16T01:34:26.7099254Z [sp1] [docker]  [1m[92m   Compiling[0m version_check v0.9.5
2026-09-16T01:34:27.0101219Z [sp1] [docker]  [1m[92m   Compiling[0m ppv-lite86 v0.2.21
2026-09-16T01:34:27.0664438Z [sp1] [docker]  [1m[92m   Compiling[0m pin-project-lite v0.2.17
2026-09-16T01:34:27.1152323Z [sp1] [docker]  [1m[92m   Compiling[0m generic-array v0.14.7
2026-09-16T01:34:27.2280919Z [sp1] [docker]  [1m[92m   Compiling[0m once_cell v1.21.4
2026-09-16T01:34:27.3183540Z [sp1] [docker]  [1m[92m   Compiling[0m rand_chacha v0.3.1
2026-09-16T01:34:27.4531995Z [sp1] [docker]  [1m[92m   Compiling[0m tracing-core v0.1.36
2026-09-16T01:34:28.5626714Z [sp1] [docker]  [1m[92m   Compiling[0m serde_derive v1.0.228
2026-09-16T01:34:28.6490428Z [sp1] [docker]  [1m[92m   Compiling[0m rand v0.8.7
2026-09-16T01:34:29.2808526Z [sp1] [docker]  [1m[92m   Compiling[0m tracing-attributes v0.1.31
2026-09-16T01:34:30.4660677Z [sp1] [docker]  [1m[92m   Compiling[0m memchr v2.8.3
2026-09-16T01:34:30.6586788Z [sp1] [docker]  [1m[92m   Compiling[0m p3-maybe-rayon v0.4.3-succinct
2026-09-16T01:34:30.6900504Z [sp1] [docker]  [1m[92m   Compiling[0m tracing v0.1.44
2026-09-16T01:34:30.7246196Z [sp1] [docker]  [1m[92m   Compiling[0m block-buffer v0.10.4
2026-09-16T01:34:30.8400166Z [sp1] [docker]  [1m[92m   Compiling[0m crypto-common v0.1.7
2026-09-16T01:34:30.9194542Z [sp1] [docker]  [1m[92m   Compiling[0m digest v0.10.7
2026-09-16T01:34:31.1073955Z [sp1] [docker]  [1m[92m   Compiling[0m syn v1.0.109
2026-09-16T01:34:31.2363155Z [sp1] [docker]  [1m[92m   Compiling[0m sha2 v0.10.9 (https://github.com/sp1-patches/RustCrypto-hashes?tag=patch-sha2-0.10.9-sp1-6.0.0#e48b656e)
2026-09-16T01:34:32.1797118Z [sp1] [docker]  [1m[92m   Compiling[0m hybrid-array v0.4.13
2026-09-16T01:34:32.1812612Z [sp1] [docker]  [1m[92m   Compiling[0m num-bigint v0.3.3
2026-09-16T01:34:32.3496014Z [sp1] [docker]  [1m[92m   Compiling[0m futures-sink v0.3.32
2026-09-16T01:34:32.4148660Z [sp1] [docker]  [1m[92m   Compiling[0m futures-core v0.3.32
2026-09-16T01:34:32.5177230Z [sp1] [docker]  [1m[92m   Compiling[0m futures-channel v0.3.32
2026-09-16T01:34:32.9442206Z [sp1] [docker]  [1m[92m   Compiling[0m futures-macro v0.3.32
2026-09-16T01:34:33.2094722Z [sp1] [docker]  [1m[92m   Compiling[0m p3-util v0.4.3-succinct
2026-09-16T01:34:33.2771812Z [sp1] [docker]  [1m[92m   Compiling[0m futures-io v0.3.32
2026-09-16T01:34:33.3197381Z [sp1] [docker]  [1m[92m   Compiling[0m p3-field v0.4.3-succinct
2026-09-16T01:34:33.4358644Z [sp1] [docker]  [1m[92m   Compiling[0m gcd v2.3.0
2026-09-16T01:34:33.5812632Z [sp1] [docker]  [1m[92m   Compiling[0m futures-task v0.3.32
2026-09-16T01:34:33.7185652Z [sp1] [docker]  [1m[92m   Compiling[0m radium v0.7.0
2026-09-16T01:34:33.7519301Z [sp1] [docker]  [1m[92m   Compiling[0m p3-symmetric v0.4.3-succinct
2026-09-16T01:34:33.7528270Z [sp1] [docker]  [1m[92m   Compiling[0m p3-matrix v0.4.3-succinct
2026-09-16T01:34:33.8792319Z [sp1] [docker]  [1m[92m   Compiling[0m slab v0.4.12
2026-09-16T01:34:34.0596427Z [sp1] [docker]  [1m[92m   Compiling[0m futures-util v0.3.32
2026-09-16T01:34:34.0964033Z [sp1] [docker]  [1m[92m   Compiling[0m p3-dft v0.4.3-succinct
2026-09-16T01:34:34.3208161Z [sp1] [docker]  [1m[92m   Compiling[0m p3-mds v0.4.3-succinct
2026-09-16T01:34:34.5114250Z [sp1] [docker]  [1m[92m   Compiling[0m p3-poseidon2 v0.4.3-succinct
2026-09-16T01:34:34.7226551Z [sp1] [docker]  [1m[92m   Compiling[0m crypto-common v0.2.2
2026-09-16T01:34:35.7096171Z [sp1] [docker]  [1m[92m   Compiling[0m block-buffer v0.12.1
2026-09-16T01:34:35.8637497Z [sp1] [docker]  [1m[92m   Compiling[0m itertools v0.14.0
2026-09-16T01:34:36.2520176Z [sp1] [docker]  [1m[92m   Compiling[0m semver v1.0.28
2026-09-16T01:34:36.5848610Z [sp1] [docker]  [1m[92m   Compiling[0m const-oid v0.10.2
2026-09-16T01:34:36.6514078Z [sp1] [docker]  [1m[92m   Compiling[0m zmij v1.0.23
2026-09-16T01:34:36.8297389Z [sp1] [docker]  [1m[92m   Compiling[0m tap v1.0.1
2026-09-16T01:34:36.9105958Z [sp1] [docker]  [1m[92m   Compiling[0m wyz v0.5.1
2026-09-16T01:34:36.9678747Z [sp1] [docker]  [1m[92m   Compiling[0m digest v0.11.3
2026-09-16T01:34:37.1305547Z [sp1] [docker]  [1m[92m   Compiling[0m rustc_version v0.4.1
2026-09-16T01:34:37.1488433Z [sp1] [docker]  [1m[92m   Compiling[0m addchain v0.2.1
2026-09-16T01:34:37.4212382Z [sp1] [docker]  [1m[92m   Compiling[0m zeroize_derive v1.5.0
2026-09-16T01:34:37.5649621Z [sp1] [docker]  [1m[92m   Compiling[0m keccak v0.2.0
2026-09-16T01:34:37.7139378Z [sp1] [docker]  [1m[92m   Compiling[0m funty v2.0.0
2026-09-16T01:34:37.9564100Z [sp1] [docker]  [1m[92m   Compiling[0m futures-executor v0.3.32
2026-09-16T01:34:38.1491180Z [sp1] [docker]  [1m[92m   Compiling[0m slop-algebra v6.3.1
2026-09-16T01:34:38.2147435Z [sp1] [docker]  [1m[92m   Compiling[0m shlex v2.0.1
2026-09-16T01:34:38.3559986Z [sp1] [docker]  [1m[92m   Compiling[0m find-msvc-tools v0.1.9
2026-09-16T01:34:38.3688396Z [sp1] [docker]  [1m[92m   Compiling[0m serde_json v1.0.150
2026-09-16T01:34:38.4192288Z [sp1] [docker]  [1m[92m   Compiling[0m keccak v0.1.6
2026-09-16T01:34:38.4756296Z [sp1] [docker]  [1m[92m   Compiling[0m bitvec v1.1.1
2026-09-16T01:34:38.5743868Z [sp1] [docker]  [1m[92m   Compiling[0m cc v1.2.67
2026-09-16T01:34:38.7577251Z [sp1] [docker]  [1m[92m   Compiling[0m sha3 v0.10.8 (https://github.com/sp1-patches/RustCrypto-hashes?tag=patch-sha3-0.10.8-sp1-6.0.0#0a16ae7a)
2026-09-16T01:34:39.1236391Z [sp1] [docker]  [1m[92m   Compiling[0m futures v0.3.32
2026-09-16T01:34:39.1646058Z [sp1] [docker]  [1m[92m   Compiling[0m zeroize v1.9.0
2026-09-16T01:34:39.2655735Z [sp1] [docker]  [1m[92m   Compiling[0m sha3 v0.11.0
2026-09-16T01:34:39.3134320Z [sp1] [docker]  [1m[92m   Compiling[0m p3-koala-bear v0.4.3-succinct
2026-09-16T01:34:39.4225928Z [sp1] [docker]  [1m[92m   Compiling[0m ff_derive v0.13.1
2026-09-16T01:34:40.1650029Z [sp1] [docker]  [1m[92m   Compiling[0m slop-symmetric v6.3.1
2026-09-16T01:34:40.2055232Z [sp1] [docker]  [1m[92m   Compiling[0m p3-challenger v0.4.3-succinct
2026-09-16T01:34:40.3261201Z [sp1] [docker]  [1m[92m   Compiling[0m subtle v2.6.1
2026-09-16T01:34:40.4757452Z [sp1] [docker]  [1m[92m   Compiling[0m half v1.8.3
2026-09-16T01:34:40.5608965Z [sp1] [docker]  [1m[92m   Compiling[0m byteorder v1.5.0
2026-09-16T01:34:40.6006705Z [sp1] [docker]  [1m[92m   Compiling[0m itoa v1.0.18
2026-09-16T01:34:40.8500663Z [sp1] [docker]  [1m[92m   Compiling[0m serde_cbor v0.11.2
2026-09-16T01:34:40.9572606Z [sp1] [docker]  [1m[92m   Compiling[0m slop-challenger v6.3.1
2026-09-16T01:34:41.0415323Z [sp1] [docker]  [1m[92m   Compiling[0m blake3 v1.8.5
2026-09-16T01:34:41.2961982Z [sp1] [docker]  [1m[92m   Compiling[0m fips204 v0.4.6 (/root/program/third_party/fips204)
2026-09-16T01:34:41.4360975Z [sp1] [docker]  [1m[92m   Compiling[0m ff v0.13.1
2026-09-16T01:34:41.5627282Z [sp1] [docker]  [1m[92m   Compiling[0m slop-poseidon2 v6.3.1
2026-09-16T01:34:41.6098044Z [sp1] [docker]  [1m[92m   Compiling[0m rustversion v1.0.23
2026-09-16T01:34:41.8883569Z [sp1] [docker]  [1m[92m   Compiling[0m p3-bn254-fr v0.4.3-succinct
2026-09-16T01:34:42.1225919Z [sp1] [docker]  [1m[92m   Compiling[0m postfiat-crypto-provider v0.1.0 (/root/program/crates/crypto_provider)
2026-09-16T01:34:44.0829070Z [sp1] [docker]  [1m[92m   Compiling[0m postfiat-types v0.1.0 (/root/program/crates/types)
2026-09-16T01:34:44.5210654Z [sp1] [docker]  [1m[92m   Compiling[0m unicode-width v0.1.14
2026-09-16T01:34:44.6378874Z [sp1] [docker]  [1m[92m   Compiling[0m constant_time_eq v0.4.2
2026-09-16T01:34:44.7377025Z [sp1] [docker]  [1m[92m   Compiling[0m base64 v0.13.1
2026-09-16T01:34:44.7505564Z [sp1] [docker]  [1m[92m   Compiling[0m arrayref v0.3.9
2026-09-16T01:34:44.7903490Z [sp1] [docker]  [1m[92m   Compiling[0m arrayvec v0.7.8
2026-09-16T01:34:44.9945297Z [sp1] [docker]  [1m[92m   Compiling[0m lazy_static v1.5.0
2026-09-16T01:34:45.0468542Z [sp1] [docker]  [1m[92m   Compiling[0m slop-koala-bear v6.3.1
2026-09-16T01:34:46.0074696Z [sp1] [docker]  [1m[92m   Compiling[0m svgbobdoc v0.3.0
2026-09-16T01:34:46.3525141Z [sp1] [docker]  [1m[92m   Compiling[0m slop-bn254 v6.3.1
2026-09-16T01:34:46.6173745Z [sp1] [docker]  [1m[92m   Compiling[0m slop-primitives v6.3.1
2026-09-16T01:34:46.6777020Z [sp1] [docker]  [1m[92m   Compiling[0m bincode v1.3.3
2026-09-16T01:34:46.9044166Z [sp1] [docker]  [1m[92m   Compiling[0m hex v0.4.3
2026-09-16T01:34:47.2027400Z [sp1] [docker]  [1m[92m   Compiling[0m libm v0.2.16
2026-09-16T01:34:47.2273900Z [sp1] [docker]  [1m[92m   Compiling[0m const-default v1.0.0
2026-09-16T01:34:47.2901454Z [sp1] [docker]  [1m[92m   Compiling[0m getrandom v0.3.4
2026-09-16T01:34:47.4072151Z [sp1] [docker]  [1m[92m   Compiling[0m elf v0.7.4
2026-09-16T01:34:47.5105911Z [sp1] [docker]  [1m[92m   Compiling[0m rlsf v0.2.2
2026-09-16T01:34:47.8312147Z [sp1] [docker]  [1m[92m   Compiling[0m critical-section v1.2.0
2026-09-16T01:34:47.8918621Z [sp1] [docker]  [1m[92m   Compiling[0m linked_list_allocator v0.10.6
2026-09-16T01:34:48.0740983Z [sp1] [docker]  [1m[92m   Compiling[0m sp1-zkvm v6.3.1
2026-09-16T01:34:48.2044128Z [sp1] [docker]  [1m[92m   Compiling[0m sp1-primitives v6.3.1
2026-09-16T01:34:48.3024967Z [sp1] [docker]  [1m[92m   Compiling[0m embedded-alloc v0.6.0
2026-09-16T01:34:49.6167341Z [sp1] [docker]  [1m[92m   Compiling[0m sp1-lib v6.3.1
2026-09-16T01:35:03.1250126Z [sp1] [docker]  [1m[92m   Compiling[0m postfiat-mempool-dag v0.1.0 (/root/program/crates/mempool_dag)
2026-09-16T01:35:03.1251183Z [sp1] [docker]  [1m[92m   Compiling[0m postfiat-consensus-cobalt v0.1.0 (/root/program/crates/consensus_cobalt)
2026-09-16T01:35:07.2396819Z [sp1] [docker]  [1m[92m   Compiling[0m postfiat-ordering-fast v0.1.0 (/root/program/crates/ordering_fast)
2026-09-16T01:35:13.1936757Z [sp1] [docker]  [1m[92m   Compiling[0m postfiat-pfusdc-proofs v0.1.0 (/root/program/crates/pfusdc_proofs)
2026-09-16T01:35:21.7037988Z [sp1] [docker]  [1m[92m   Compiling[0m pfusdc-egress-program v0.1.0 (/root/program/programs/pfusdc-egress)
2026-09-16T01:35:44.9238931Z [sp1] [docker]  [1m[92m    Finished[0m `release` profile [optimized] target(s) in 1m 29s
2026-09-16T01:35:45.3922836Z cargo:rustc-env=SP1_ELF_pfusdc-egress-program=/home/runner/work/_temp/arc-proof-identities/src-a/programs/pfusdc-egress/target/elf-compilation/docker/riscv64im-succinct-zkvm-elf/release/pfusdc-egress-program
2026-09-16T01:35:45.8312979Z cargo:warning=docker: rustc +succinct --version: "rustc 1.94.0-dev\n"
2026-09-16T01:35:48.0157589Z cargo:warning=docker: rustc_bin: "/root/.sp1/toolchains/g7wv95WZT7/bin/rustc"
2026-09-16T01:35:48.1203262Z [sp1] [docker]  info: `cargo` is unavailable for the active toolchain
2026-09-16T01:35:48.1203772Z [sp1] [docker]  info: falling back to "/root/.rustup/toolchains/stable-x86_64-unknown-linux-gnu/bin/cargo"
2026-09-16T01:35:48.1779397Z [sp1] [docker]  [1m[92m    Updating[0m git repository `https://github.com/sp1-patches/RustCrypto-hashes`
2026-09-16T01:35:49.3340215Z [sp1] [docker]  [1m[92m    Updating[0m git repository `https://github.com/sp1-patches/RustCrypto-hashes`
2026-09-16T01:35:50.6560577Z [sp1] [docker]  [1m[33mwarning[0m: patch `tiny-keccak v2.0.2 (https://github.com/sp1-patches/tiny-keccak?tag=patch-2.0.2-sp1-6.0.0#957430a4)` was not used in the crate graph
2026-09-16T01:35:50.6561612Z [sp1] [docker]  [1m[96mhelp[0m: Check that the patched package version and available features are compatible
2026-09-16T01:35:50.6562343Z [sp1] [docker]        with the dependency requirements. If the patch has a different version from
2026-09-16T01:35:50.6562799Z [sp1] [docker]        what is locked in the Cargo.lock file, run `cargo update` to use the new
2026-09-16T01:35:50.6563224Z [sp1] [docker]        version. This may also occur with an optional dependency that is not enabled.
2026-09-16T01:35:51.2354732Z [sp1] [docker]  [1m[92m   Compiling[0m proc-macro2 v1.0.107
2026-09-16T01:35:51.2355245Z [sp1] [docker]  [1m[92m   Compiling[0m quote v1.0.47
2026-09-16T01:35:51.2355695Z [sp1] [docker]  [1m[92m   Compiling[0m unicode-ident v1.0.24
2026-09-16T01:35:51.2379697Z [sp1] [docker]  [1m[92m   Compiling[0m cfg-if v1.0.4
2026-09-16T01:35:51.2707156Z [sp1] [docker]  [1m[92m   Compiling[0m serde_core v1.0.229
2026-09-16T01:35:51.3077180Z [sp1] [docker]  [1m[92m   Compiling[0m serde v1.0.229
2026-09-16T01:35:51.4306630Z [sp1] [docker]  [1m[92m   Compiling[0m autocfg v1.5.1
2026-09-16T01:35:51.5044662Z [sp1] [docker]  [1m[92m   Compiling[0m version_check v0.9.5
2026-09-16T01:35:51.7941253Z [sp1] [docker]  [1m[92m   Compiling[0m getrandom v0.2.17
2026-09-16T01:35:51.8358071Z [sp1] [docker]  [1m[92m   Compiling[0m generic-array v0.14.9
2026-09-16T01:35:51.9162100Z [sp1] [docker]  [1m[92m   Compiling[0m rand_core v0.6.4
2026-09-16T01:35:51.9301798Z [sp1] [docker]  [1m[92m   Compiling[0m zerocopy v0.8.56
2026-09-16T01:35:52.2042146Z [sp1] [docker]  [1m[92m   Compiling[0m subtle v2.6.1
2026-09-16T01:35:52.2475844Z [sp1] [docker]  [1m[92m   Compiling[0m zeroize v1.9.0
2026-09-16T01:35:52.3425311Z [sp1] [docker]  [1m[92m   Compiling[0m syn v3.0.4
2026-09-16T01:35:52.4080122Z [sp1] [docker]  [1m[92m   Compiling[0m syn v2.0.119
2026-09-16T01:35:52.4994998Z [sp1] [docker]  [1m[92m   Compiling[0m num-traits v0.2.19
2026-09-16T01:35:52.5932521Z [sp1] [docker]  [1m[92m   Compiling[0m either v1.18.0
2026-09-16T01:35:52.8253306Z [sp1] [docker]  [1m[92m   Compiling[0m typenum v1.20.1
2026-09-16T01:35:55.9049237Z [sp1] [docker]  [1m[92m   Compiling[0m num-integer v0.1.47
2026-09-16T01:35:56.5609789Z [sp1] [docker]  [1m[92m   Compiling[0m pin-project-lite v0.2.17
2026-09-16T01:35:56.6205269Z [sp1] [docker]  [1m[92m   Compiling[0m once_cell v1.21.4
2026-09-16T01:35:56.8388540Z [sp1] [docker]  [1m[92m   Compiling[0m num-bigint v0.4.8
2026-09-16T01:35:57.4073426Z [sp1] [docker]  [1m[92m   Compiling[0m serde_derive v1.0.229
2026-09-16T01:35:59.1430985Z [sp1] [docker]  [1m[92m   Compiling[0m itertools v0.12.1
2026-09-16T01:36:00.4215669Z [sp1] [docker]  [1m[92m   Compiling[0m ppv-lite86 v0.2.21
2026-09-16T01:36:00.7342031Z [sp1] [docker]  [1m[92m   Compiling[0m rand_chacha v0.3.1
2026-09-16T01:36:01.3442899Z [sp1] [docker]  [1m[92m   Compiling[0m rand v0.8.8
2026-09-16T01:36:02.1447421Z [sp1] [docker]  [1m[92m   Compiling[0m p3-util v0.4.3-succinct
2026-09-16T01:36:02.2579439Z [sp1] [docker]  [1m[92m   Compiling[0m p3-field v0.4.3-succinct
2026-09-16T01:36:02.4025361Z [sp1] [docker]  [1m[92m   Compiling[0m crypto-common v0.1.6
2026-09-16T01:36:02.4626071Z [sp1] [docker]  [1m[92m   Compiling[0m block-buffer v0.10.4
2026-09-16T01:36:02.4861768Z [sp1] [docker]  [1m[92m   Compiling[0m tracing-attributes v0.1.31
2026-09-16T01:36:02.5784188Z [sp1] [docker]  [1m[92m   Compiling[0m digest v0.10.7
2026-09-16T01:36:02.6829584Z [sp1] [docker]  [1m[92m   Compiling[0m tracing-core v0.1.36
2026-09-16T01:36:02.6929836Z [sp1] [docker]  [1m[92m   Compiling[0m arrayvec v0.7.8
2026-09-16T01:36:02.9183236Z [sp1] [docker]  [1m[92m   Compiling[0m p3-maybe-rayon v0.4.3-succinct
2026-09-16T01:36:02.9941705Z [sp1] [docker]  [1m[92m   Compiling[0m p3-symmetric v0.4.3-succinct
2026-09-16T01:36:03.0353358Z [sp1] [docker]  [1m[92m   Compiling[0m paste v1.0.15
2026-09-16T01:36:03.2215997Z [sp1] [docker]  [1m[92m   Compiling[0m num-bigint v0.3.3
2026-09-16T01:36:03.9280719Z [sp1] [docker]  [1m[92m   Compiling[0m radium v0.7.0
2026-09-16T01:36:03.9421758Z [sp1] [docker]  [1m[92m   Compiling[0m tracing v0.1.44
2026-09-16T01:36:04.0144538Z [sp1] [docker]  [1m[92m   Compiling[0m syn v1.0.109
2026-09-16T01:36:04.0983622Z [sp1] [docker]  [1m[92m   Compiling[0m bytes v1.12.1
2026-09-16T01:36:04.1625552Z [sp1] [docker]  [1m[92m   Compiling[0m p3-matrix v0.4.3-succinct
2026-09-16T01:36:04.3014148Z [sp1] [docker]  [1m[92m   Compiling[0m alloy-rlp-derive v0.3.16
2026-09-16T01:36:04.5774776Z [sp1] [docker]  [1m[92m   Compiling[0m p3-dft v0.4.3-succinct
2026-09-16T01:36:04.8041904Z [sp1] [docker]  [1m[92m   Compiling[0m semver v1.0.28
2026-09-16T01:36:04.8965285Z [sp1] [docker]  [1m[92m   Compiling[0m futures-sink v0.3.34
2026-09-16T01:36:04.9631709Z [sp1] [docker]  [1m[92m   Compiling[0m tap v1.0.1
2026-09-16T01:36:05.0484957Z [sp1] [docker]  [1m[92m   Compiling[0m futures-core v0.3.34
2026-09-16T01:36:05.1267789Z [sp1] [docker]  [1m[92m   Compiling[0m unicode-segmentation v1.13.3
2026-09-16T01:36:05.1628297Z [sp1] [docker]  [1m[92m   Compiling[0m futures-channel v0.3.34
2026-09-16T01:36:05.3547216Z [sp1] [docker]  [1m[92m   Compiling[0m rustc_version v0.4.1
2026-09-16T01:36:05.4222633Z [sp1] [docker]  [1m[92m   Compiling[0m wyz v0.5.1
2026-09-16T01:36:05.6237535Z [sp1] [docker]  [1m[92m   Compiling[0m convert_case v0.10.0
2026-09-16T01:36:05.6443608Z [sp1] [docker]  [1m[92m   Compiling[0m alloy-rlp v0.3.12
2026-09-16T01:36:05.6622197Z [sp1] [docker]  [1m[92m   Compiling[0m p3-mds v0.4.3-succinct
2026-09-16T01:36:05.9243284Z [sp1] [docker]  [1m[92m   Compiling[0m futures-macro v0.3.34
2026-09-16T01:36:06.1670492Z [sp1] [docker]  [1m[92m   Compiling[0m addchain v0.2.1
2026-09-16T01:36:06.2764842Z [sp1] [docker]  [1m[92m   Compiling[0m funty v2.0.0
2026-09-16T01:36:06.3015771Z [sp1] [docker]  [1m[92m   Compiling[0m ruint-macro v1.2.1
2026-09-16T01:36:06.5996412Z [sp1] [docker]  [1m[92m   Compiling[0m slab v0.4.12
2026-09-16T01:36:06.7727917Z [sp1] [docker]  [1m[92m   Compiling[0m futures-task v0.3.34
2026-09-16T01:36:06.7764725Z [sp1] [docker]  [1m[92m   Compiling[0m futures-io v0.3.34
2026-09-16T01:36:06.9152662Z [sp1] [docker]  [1m[92m   Compiling[0m gcd v2.3.0
2026-09-16T01:36:06.9312640Z [sp1] [docker]  [1m[92m   Compiling[0m memchr v2.8.3
2026-09-16T01:36:07.0683560Z [sp1] [docker]  [1m[92m   Compiling[0m unicode-xid v0.2.6
2026-09-16T01:36:07.1478823Z [sp1] [docker]  [1m[92m   Compiling[0m derive_more-impl v2.1.1
2026-09-16T01:36:07.6628485Z [sp1] [docker]  [1m[92m   Compiling[0m futures-util v0.3.34
2026-09-16T01:36:07.6792905Z [sp1] [docker]  [1m[92m   Compiling[0m p3-poseidon2 v0.4.3-succinct
2026-09-16T01:36:07.8860403Z [sp1] [docker]  [1m[92m   Compiling[0m bitvec v1.1.1
2026-09-16T01:36:10.8685856Z [sp1] [docker]  [1m[92m   Compiling[0m ff_derive v0.13.1
2026-09-16T01:36:10.8731359Z [sp1] [docker]  [1m[92m   Compiling[0m ruint v1.20.0
2026-09-16T01:36:11.8744633Z [sp1] [docker]  [1m[92m   Compiling[0m itertools v0.14.0
2026-09-16T01:36:11.8833378Z [sp1] [docker]  [1m[92m   Compiling[0m foldhash v0.2.0
2026-09-16T01:36:11.9918167Z [sp1] [docker]  [1m[92m   Compiling[0m keccak v0.1.6
2026-09-16T01:36:12.0383711Z [sp1] [docker]  [1m[92m   Compiling[0m byteorder v1.5.0
2026-09-16T01:36:12.0994389Z [sp1] [docker]  [1m[92m   Compiling[0m derive_more v2.1.1
2026-09-16T01:36:12.1991965Z [sp1] [docker]  [1m[92m   Compiling[0m sha3 v0.10.8 (https://github.com/sp1-patches/RustCrypto-hashes?tag=patch-sha3-0.10.8-sp1-6.0.0#0a16ae7a)
2026-09-16T01:36:12.2278421Z [sp1] [docker]  [1m[92m   Compiling[0m ff v0.13.1
2026-09-16T01:36:12.3232591Z [sp1] [docker]  [1m[92m   Compiling[0m hashbrown v0.16.1
2026-09-16T01:36:12.3508718Z [sp1] [docker]  [1m[92m   Compiling[0m futures-executor v0.3.34
2026-09-16T01:36:12.6945116Z [sp1] [docker]  [1m[92m   Compiling[0m const-hex v1.19.1
2026-09-16T01:36:12.8553370Z [sp1] [docker]  [1m[92m   Compiling[0m shlex v2.0.1
2026-09-16T01:36:12.9788525Z [sp1] [docker]  [1m[92m   Compiling[0m rustc-hash v2.1.3
2026-09-16T01:36:13.0170555Z [sp1] [docker]  [1m[92m   Compiling[0m itoa v1.0.18
2026-09-16T01:36:13.0511403Z [sp1] [docker]  [1m[92m   Compiling[0m find-msvc-tools v0.1.11
2026-09-16T01:36:13.2529279Z [sp1] [docker]  [1m[92m   Compiling[0m cc v1.4.4
2026-09-16T01:36:13.3327001Z [sp1] [docker]  [1m[92m   Compiling[0m alloy-primitives v1.5.7
2026-09-16T01:36:13.3330259Z [sp1] [docker]  [1m[92m   Compiling[0m futures v0.3.34
2026-09-16T01:36:13.3787588Z [sp1] [docker]  [1m[92m   Compiling[0m p3-koala-bear v0.4.3-succinct
2026-09-16T01:36:13.4883151Z [sp1] [docker]  [1m[92m   Compiling[0m p3-challenger v0.4.3-succinct
2026-09-16T01:36:13.8832841Z [sp1] [docker]  [1m[92m   Compiling[0m slop-symmetric v6.5.0
2026-09-16T01:36:14.1828145Z [sp1] [docker]  [1m[92m   Compiling[0m slop-algebra v6.5.0
2026-09-16T01:36:14.3887590Z [sp1] [docker]  [1m[92m   Compiling[0m thiserror v2.0.20
2026-09-16T01:36:14.7062444Z [sp1] [docker]  [1m[92m   Compiling[0m slop-challenger v6.5.0
2026-09-16T01:36:14.8113179Z [sp1] [docker]  [1m[92m   Compiling[0m slop-poseidon2 v6.5.0
2026-09-16T01:36:14.8543919Z [sp1] [docker]  [1m[92m   Compiling[0m sha2 v0.10.9 (https://github.com/sp1-patches/RustCrypto-hashes?tag=patch-sha2-0.10.9-sp1-6.0.0#e48b656e)
2026-09-16T01:36:15.0905987Z [sp1] [docker]  [1m[92m   Compiling[0m blake3 v1.8.7
2026-09-16T01:36:15.3114558Z [sp1] [docker]  [1m[92m   Compiling[0m thiserror-impl v2.0.20
2026-09-16T01:36:15.6657072Z [sp1] [docker]  [1m[92m   Compiling[0m const-oid v0.9.6
2026-09-16T01:36:15.9689128Z [sp1] [docker]  [1m[92m   Compiling[0m der v0.7.10
2026-09-16T01:36:15.9870734Z [sp1] [docker]  [1m[92m   Compiling[0m p3-bn254-fr v0.4.3-succinct
2026-09-16T01:36:16.6915288Z [sp1] [docker]  [1m[92m   Compiling[0m hmac v0.12.1
2026-09-16T01:36:16.7274986Z [sp1] [docker]  [1m[92m   Compiling[0m constant_time_eq v0.4.2
2026-09-16T01:36:16.7908017Z [sp1] [docker]  [1m[92m   Compiling[0m base16ct v0.2.0
2026-09-16T01:36:16.8244059Z [sp1] [docker]  [1m[92m   Compiling[0m lazy_static v1.5.0
2026-09-16T01:36:16.8731901Z [sp1] [docker]  [1m[92m   Compiling[0m slop-koala-bear v6.5.0
2026-09-16T01:36:16.9490743Z [sp1] [docker]  [1m[92m   Compiling[0m sec1 v0.7.3
2026-09-16T01:36:17.8425325Z [sp1] [docker]  [1m[92m   Compiling[0m slop-bn254 v6.5.0
2026-09-16T01:36:18.1472199Z [sp1] [docker]  [1m[92m   Compiling[0m hkdf v0.12.4
2026-09-16T01:36:18.3559034Z [sp1] [docker]  [1m[92m   Compiling[0m slop-primitives v6.5.0
2026-09-16T01:36:18.3938251Z [sp1] [docker]  [1m[92m   Compiling[0m group v0.13.0
2026-09-16T01:36:18.4294901Z [sp1] [docker]  [1m[92m   Compiling[0m bincode v1.3.3
2026-09-16T01:36:18.4668497Z [sp1] [docker]  [1m[92m   Compiling[0m crypto-bigint v0.5.5
2026-09-16T01:36:18.5973750Z [sp1] [docker]  [1m[92m   Compiling[0m strsim v0.11.1
2026-09-16T01:36:18.9582229Z [sp1] [docker]  [1m[92m   Compiling[0m rustversion v1.0.23
2026-09-16T01:36:18.9940818Z [sp1] [docker]  [1m[92m   Compiling[0m hex v0.4.3
2026-09-16T01:36:19.1598776Z [sp1] [docker]  [1m[92m   Compiling[0m cpufeatures v0.2.17
2026-09-16T01:36:19.1998198Z [sp1] [docker]  [1m[92m   Compiling[0m elf v0.7.4
2026-09-16T01:36:19.2039485Z [sp1] [docker]  [1m[92m   Compiling[0m ident_case v1.0.1
2026-09-16T01:36:19.2777509Z [sp1] [docker]  [1m[92m   Compiling[0m darling_core v0.23.0
2026-09-16T01:36:19.8016067Z [sp1] [docker]  [1m[92m   Compiling[0m syn-solidity v1.7.1
2026-09-16T01:36:20.0981356Z [sp1] [docker]  [1m[92m   Compiling[0m sp1-primitives v6.3.1
2026-09-16T01:36:21.5759340Z [sp1] [docker]  [1m[92m   Compiling[0m elliptic-curve v0.13.8
2026-09-16T01:36:21.9430161Z [sp1] [docker]  [1m[92m   Compiling[0m macro-string v0.1.4
2026-09-16T01:36:21.9712450Z [sp1] [docker]  [1m[92m   Compiling[0m proc-macro-error-attr2 v2.0.0
2026-09-16T01:36:22.2450442Z [sp1] [docker]  [1m[92m   Compiling[0m equivalent v1.0.2
2026-09-16T01:36:22.2680789Z [sp1] [docker]  [1m[92m   Compiling[0m dunce v1.0.5
2026-09-16T01:36:22.2880802Z [sp1] [docker]  [1m[92m   Compiling[0m crc-catalog v2.5.0
2026-09-16T01:36:22.3177735Z [sp1] [docker]  [1m[92m   Compiling[0m hashbrown v0.17.1
2026-09-16T01:36:22.3635173Z [sp1] [docker]  [1m[92m   Compiling[0m heck v0.5.0
2026-09-16T01:36:23.0079804Z [sp1] [docker]  [1m[92m   Compiling[0m darling_macro v0.23.0
2026-09-16T01:36:23.0524697Z [sp1] [docker]  [1m[92m   Compiling[0m indexmap v2.14.1
2026-09-16T01:36:23.0715892Z [sp1] [docker]  [1m[92m   Compiling[0m alloy-sol-macro-input v1.5.7
2026-09-16T01:36:23.2619537Z [sp1] [docker]  [1m[92m   Compiling[0m crc v3.4.0
2026-09-16T01:36:23.4581243Z [sp1] [docker]  [1m[92m   Compiling[0m proc-macro-error2 v2.0.1
2026-09-16T01:36:23.4584411Z [sp1] [docker]  [1m[92m   Compiling[0m sp1-lib v6.3.1
2026-09-16T01:36:23.9451394Z [sp1] [docker]  [1m[92m   Compiling[0m curve25519-dalek v4.1.3 (https://github.com/sp1-patches/curve25519-dalek?tag=patch-4.1.3-sp1-6.2.0#b251b2a1)
2026-09-16T01:36:24.0795803Z [sp1] [docker]  [1m[92m   Compiling[0m smallvec v1.15.2
2026-09-16T01:36:24.0863239Z [sp1] [docker]  [1m[92m   Compiling[0m getrandom v0.3.4
2026-09-16T01:36:24.2589633Z [sp1] [docker]  [1m[92m   Compiling[0m libm v0.2.16
2026-09-16T01:36:24.3337742Z [sp1] [docker]  [1m[92m   Compiling[0m const-default v1.0.0
2026-09-16T01:36:24.3469936Z [sp1] [docker]  [1m[92m   Compiling[0m nybbles v0.4.8
2026-09-16T01:36:24.4026705Z [sp1] [docker]  [1m[92m   Compiling[0m rlsf v0.2.3
2026-09-16T01:36:24.5086178Z [sp1] [docker]  [1m[92m   Compiling[0m alloy-sol-macro-expander v1.5.7
2026-09-16T01:36:24.5962718Z [sp1] [docker]  [1m[92m   Compiling[0m alloy-eip2124 v0.2.0
2026-09-16T01:36:24.6826740Z [sp1] [docker]  [1m[92m   Compiling[0m darling v0.23.0
2026-09-16T01:36:24.7241320Z [sp1] [docker]  [1m[92m   Compiling[0m alloy-eip7928 v0.3.7
2026-09-16T01:36:24.7275671Z [sp1] [docker]  [1m[92m   Compiling[0m alloy-eip7702 v0.6.3
2026-09-16T01:36:25.1206037Z [sp1] [docker]  [1m[92m   Compiling[0m alloy-eip2930 v0.2.3
2026-09-16T01:36:25.1347277Z [sp1] [docker]  [1m[92m   Compiling[0m auto_impl v1.3.0
2026-09-16T01:36:25.4794454Z [sp1] [docker]  [1m[92m   Compiling[0m sp1-zkvm v6.3.1
2026-09-16T01:36:25.6150131Z [sp1] [docker]  [1m[92m   Compiling[0m linked_list_allocator v0.10.6
2026-09-16T01:36:25.7997641Z [sp1] [docker]  [1m[92m   Compiling[0m signature v2.2.0
2026-09-16T01:36:25.8675775Z [sp1] [docker]  [1m[92m   Compiling[0m critical-section v1.2.0
2026-09-16T01:36:25.9350081Z [sp1] [docker]  [1m[92m   Compiling[0m embedded-alloc v0.6.0
2026-09-16T01:36:26.0510820Z [sp1] [docker]  [1m[92m   Compiling[0m alloy-eips v1.8.3
2026-09-16T01:36:26.1164025Z [sp1] [docker]  [1m[92m   Compiling[0m ed25519 v2.2.3
2026-09-16T01:36:26.3206574Z [sp1] [docker]  [1m[92m   Compiling[0m alloy-tx-macros v1.8.3
2026-09-16T01:36:26.8426815Z [sp1] [docker]  [1m[92m   Compiling[0m alloy-trie v0.9.5
2026-09-16T01:36:27.9655302Z [sp1] [docker]  [1m[92m   Compiling[0m alloy-sol-macro v1.5.7
2026-09-16T01:36:28.6938115Z [sp1] [docker]  [1m[92m   Compiling[0m winnow v0.7.15
2026-09-16T01:36:30.9172711Z [sp1] [docker]  [1m[92m   Compiling[0m half v1.8.3
2026-09-16T01:36:31.2587938Z [sp1] [docker]  [1m[92m   Compiling[0m serde_cbor v0.11.2
2026-09-16T01:36:31.4014662Z [sp1] [docker]  [1m[92m   Compiling[0m alloy-sol-type-parser v1.5.7
2026-09-16T01:36:31.5563019Z [sp1] [docker]  [1m[92m   Compiling[0m ed25519-dalek v2.2.0
2026-09-16T01:36:32.0120608Z [sp1] [docker]  [1m[92m   Compiling[0m alloy-sol-types v1.5.7
2026-09-16T01:36:32.1968449Z [sp1] [docker]  [1m[92m   Compiling[0m alloy-consensus v1.8.3
2026-09-16T01:36:34.4443491Z [sp1] [docker]  [1m[92m   Compiling[0m pfusdc-arc-ingress-program v0.1.0 (/root/program/programs/pfusdc-arc-ingress)
2026-09-16T01:36:40.8808563Z [sp1] [docker]  [1m[92m    Finished[0m `release` profile [optimized] target(s) in 52.75s
2026-09-16T01:36:42.0477655Z cargo:rustc-env=SP1_ELF_pfusdc-arc-ingress-program=/home/runner/work/_temp/arc-proof-identities/src-b/programs/pfusdc-arc-ingress/target/elf-compilation/docker/riscv64im-succinct-zkvm-elf/release/pfusdc-arc-ingress-program
2026-09-16T01:36:42.5250864Z cargo:warning=docker: rustc +succinct --version: "rustc 1.94.0-dev\n"
2026-09-16T01:36:44.7084118Z cargo:warning=docker: rustc_bin: "/root/.sp1/toolchains/g7wv95WZT7/bin/rustc"
2026-09-16T01:36:44.8068817Z [sp1] [docker]  info: `cargo` is unavailable for the active toolchain
2026-09-16T01:36:44.8069633Z [sp1] [docker]  info: falling back to "/root/.rustup/toolchains/stable-x86_64-unknown-linux-gnu/bin/cargo"
2026-09-16T01:36:44.8629543Z [sp1] [docker]  [1m[92m    Updating[0m git repository `https://github.com/sp1-patches/RustCrypto-hashes`
2026-09-16T01:36:45.9784385Z [sp1] [docker]  [1m[92m    Updating[0m git repository `https://github.com/sp1-patches/RustCrypto-hashes`
2026-09-16T01:36:46.9830983Z [sp1] [docker]  [1m[92m    Updating[0m git repository `https://github.com/sp1-patches/RustCrypto-hashes`
2026-09-16T01:36:48.0921717Z [sp1] [docker]  [1m[33mwarning[0m: patch `sha2 v0.9.9 (https://github.com/sp1-patches/RustCrypto-hashes?tag=patch-sha2-0.9.9-sp1-6.0.0#1b29839d)` was not used in the crate graph
2026-09-16T01:36:48.0922708Z [sp1] [docker]    [1m[94m|[0m
2026-09-16T01:36:48.0923243Z [sp1] [docker]    [1m[94m= [0m[1mhelp[0m: perhaps you meant one of the following:
2026-09-16T01:36:48.0923631Z [sp1] [docker]            	https://github.com/sp1-patches/RustCrypto-hashes
2026-09-16T01:36:48.0924345Z [sp1] [docker]  [1m[33mwarning[0m: patch `bls12_381 v0.8.0 (https://github.com/sp1-patches/bls12_381?tag=patch-0.8.0-sp1-6.0.0-v2#7726731d)` was not used in the crate graph
2026-09-16T01:36:48.0925447Z [sp1] [docker]  [1m[33mwarning[0m: patch `tiny-keccak v2.0.2 (https://github.com/sp1-patches/tiny-keccak?tag=patch-2.0.2-sp1-6.0.0#957430a4)` was not used in the crate graph
2026-09-16T01:36:48.0926262Z [sp1] [docker]  [1m[96mhelp[0m: Check that the patched package version and available features are compatible
2026-09-16T01:36:48.0927194Z [sp1] [docker]        with the dependency requirements. If the patch has a different version from
2026-09-16T01:36:48.0927665Z [sp1] [docker]        what is locked in the Cargo.lock file, run `cargo update` to use the new
2026-09-16T01:36:48.0928228Z [sp1] [docker]        version. This may also occur with an optional dependency that is not enabled.
2026-09-16T01:36:48.5126667Z [sp1] [docker]  [1m[92m   Compiling[0m proc-macro2 v1.0.106
2026-09-16T01:36:48.5134714Z [sp1] [docker]  [1m[92m   Compiling[0m unicode-ident v1.0.24
2026-09-16T01:36:48.5135392Z [sp1] [docker]  [1m[92m   Compiling[0m quote v1.0.46
2026-09-16T01:36:48.5136006Z [sp1] [docker]  [1m[92m   Compiling[0m cfg-if v1.0.4
2026-09-16T01:36:48.5454435Z [sp1] [docker]  [1m[92m   Compiling[0m autocfg v1.5.1
2026-09-16T01:36:48.5896393Z [sp1] [docker]  [1m[92m   Compiling[0m serde_core v1.0.228
2026-09-16T01:36:48.6934166Z [sp1] [docker]  [1m[92m   Compiling[0m getrandom v0.2.17
2026-09-16T01:36:48.8172957Z [sp1] [docker]  [1m[92m   Compiling[0m serde v1.0.228
2026-09-16T01:36:48.9642255Z [sp1] [docker]  [1m[92m   Compiling[0m rand_core v0.6.4
2026-09-16T01:36:49.0197391Z [sp1] [docker]  [1m[92m   Compiling[0m zerocopy v0.8.54
2026-09-16T01:36:49.1857635Z [sp1] [docker]  [1m[92m   Compiling[0m num-traits v0.2.19
2026-09-16T01:36:49.5496563Z [sp1] [docker]  [1m[92m   Compiling[0m syn v2.0.119
2026-09-16T01:36:50.9063921Z [sp1] [docker]  [1m[92m   Compiling[0m typenum v1.20.1
2026-09-16T01:36:52.1769950Z [sp1] [docker]  [1m[92m   Compiling[0m either v1.16.0
2026-09-16T01:36:52.1874673Z [sp1] [docker]  [1m[92m   Compiling[0m num-integer v0.1.46
2026-09-16T01:36:52.4148002Z [sp1] [docker]  [1m[92m   Compiling[0m itertools v0.12.1
2026-09-16T01:36:52.8217537Z [sp1] [docker]  [1m[92m   Compiling[0m num-bigint v0.4.8
2026-09-16T01:36:54.6118229Z [sp1] [docker]  [1m[92m   Compiling[0m version_check v0.9.5
2026-09-16T01:36:54.8860164Z [sp1] [docker]  [1m[92m   Compiling[0m ppv-lite86 v0.2.21
2026-09-16T01:36:54.9243556Z [sp1] [docker]  [1m[92m   Compiling[0m pin-project-lite v0.2.17
2026-09-16T01:36:54.9792727Z [sp1] [docker]  [1m[92m   Compiling[0m generic-array v0.14.7
2026-09-16T01:36:55.0866791Z [sp1] [docker]  [1m[92m   Compiling[0m once_cell v1.21.4
2026-09-16T01:36:55.2234092Z [sp1] [docker]  [1m[92m   Compiling[0m rand_chacha v0.3.1
2026-09-16T01:36:55.3055025Z [sp1] [docker]  [1m[92m   Compiling[0m tracing-core v0.1.36
2026-09-16T01:36:56.3960428Z [sp1] [docker]  [1m[92m   Compiling[0m serde_derive v1.0.228
2026-09-16T01:36:56.5433836Z [sp1] [docker]  [1m[92m   Compiling[0m rand v0.8.7
2026-09-16T01:36:57.2021188Z [sp1] [docker]  [1m[92m   Compiling[0m tracing-attributes v0.1.31
2026-09-16T01:36:58.2745046Z [sp1] [docker]  [1m[92m   Compiling[0m memchr v2.8.3
2026-09-16T01:36:58.5688190Z [sp1] [docker]  [1m[92m   Compiling[0m tracing v0.1.44
2026-09-16T01:36:58.5726138Z [sp1] [docker]  [1m[92m   Compiling[0m p3-maybe-rayon v0.4.3-succinct
2026-09-16T01:36:58.6326907Z [sp1] [docker]  [1m[92m   Compiling[0m crypto-common v0.1.7
2026-09-16T01:36:58.7152465Z [sp1] [docker]  [1m[92m   Compiling[0m block-buffer v0.10.4
2026-09-16T01:36:58.8380675Z [sp1] [docker]  [1m[92m   Compiling[0m digest v0.10.7
2026-09-16T01:36:58.9929835Z [sp1] [docker]  [1m[92m   Compiling[0m syn v1.0.109
2026-09-16T01:36:59.0565426Z [sp1] [docker]  [1m[92m   Compiling[0m sha2 v0.10.9 (https://github.com/sp1-patches/RustCrypto-hashes?tag=patch-sha2-0.10.9-sp1-6.0.0#e48b656e)
2026-09-16T01:37:00.0052316Z [sp1] [docker]  [1m[92m   Compiling[0m hybrid-array v0.4.13
2026-09-16T01:37:00.0622165Z [sp1] [docker]  [1m[92m   Compiling[0m num-bigint v0.3.3
2026-09-16T01:37:00.2222529Z [sp1] [docker]  [1m[92m   Compiling[0m futures-core v0.3.32
2026-09-16T01:37:00.3393341Z [sp1] [docker]  [1m[92m   Compiling[0m futures-sink v0.3.32
2026-09-16T01:37:00.4052212Z [sp1] [docker]  [1m[92m   Compiling[0m futures-channel v0.3.32
2026-09-16T01:37:00.8167339Z [sp1] [docker]  [1m[92m   Compiling[0m futures-macro v0.3.32
2026-09-16T01:37:01.1011869Z [sp1] [docker]  [1m[92m   Compiling[0m p3-util v0.4.3-succinct
2026-09-16T01:37:01.1108060Z [sp1] [docker]  [1m[92m   Compiling[0m gcd v2.3.0
2026-09-16T01:37:01.2096019Z [sp1] [docker]  [1m[92m   Compiling[0m p3-field v0.4.3-succinct
2026-09-16T01:37:01.2504520Z [sp1] [docker]  [1m[92m   Compiling[0m slab v0.4.12
2026-09-16T01:37:01.4404534Z [sp1] [docker]  [1m[92m   Compiling[0m futures-io v0.3.32
2026-09-16T01:37:01.6114207Z [sp1] [docker]  [1m[92m   Compiling[0m radium v0.7.0
2026-09-16T01:37:01.6439523Z [sp1] [docker]  [1m[92m   Compiling[0m p3-symmetric v0.4.3-succinct
2026-09-16T01:37:01.6462505Z [sp1] [docker]  [1m[92m   Compiling[0m p3-matrix v0.4.3-succinct
2026-09-16T01:37:01.7699628Z [sp1] [docker]  [1m[92m   Compiling[0m futures-task v0.3.32
2026-09-16T01:37:01.9123142Z [sp1] [docker]  [1m[92m   Compiling[0m futures-util v0.3.32
2026-09-16T01:37:01.9924463Z [sp1] [docker]  [1m[92m   Compiling[0m p3-dft v0.4.3-succinct
2026-09-16T01:37:02.2262167Z [sp1] [docker]  [1m[92m   Compiling[0m p3-mds v0.4.3-succinct
2026-09-16T01:37:02.4110135Z [sp1] [docker]  [1m[92m   Compiling[0m p3-poseidon2 v0.4.3-succinct
2026-09-16T01:37:02.6228228Z [sp1] [docker]  [1m[92m   Compiling[0m crypto-common v0.2.2
2026-09-16T01:37:03.5919157Z [sp1] [docker]  [1m[92m   Compiling[0m block-buffer v0.12.1
2026-09-16T01:37:03.7426906Z [sp1] [docker]  [1m[92m   Compiling[0m itertools v0.14.0
2026-09-16T01:37:04.1827122Z [sp1] [docker]  [1m[92m   Compiling[0m semver v1.0.28
2026-09-16T01:37:04.5242096Z [sp1] [docker]  [1m[92m   Compiling[0m tap v1.0.1
2026-09-16T01:37:04.5532373Z [sp1] [docker]  [1m[92m   Compiling[0m const-oid v0.10.2
2026-09-16T01:37:04.6005893Z [sp1] [docker]  [1m[92m   Compiling[0m zmij v1.0.23
2026-09-16T01:37:04.7949793Z [sp1] [docker]  [1m[92m   Compiling[0m digest v0.11.3
2026-09-16T01:37:04.8607179Z [sp1] [docker]  [1m[92m   Compiling[0m wyz v0.5.1
2026-09-16T01:37:04.9557727Z [sp1] [docker]  [1m[92m   Compiling[0m rustc_version v0.4.1
2026-09-16T01:37:05.0842243Z [sp1] [docker]  [1m[92m   Compiling[0m addchain v0.2.1
2026-09-16T01:37:05.2404614Z [sp1] [docker]  [1m[92m   Compiling[0m zeroize_derive v1.5.0
2026-09-16T01:37:05.4911162Z [sp1] [docker]  [1m[92m   Compiling[0m keccak v0.2.0
2026-09-16T01:37:05.6409500Z [sp1] [docker]  [1m[92m   Compiling[0m find-msvc-tools v0.1.9
2026-09-16T01:37:05.7464849Z [sp1] [docker]  [1m[92m   Compiling[0m shlex v2.0.1
2026-09-16T01:37:05.8690994Z [sp1] [docker]  [1m[92m   Compiling[0m futures-executor v0.3.32
2026-09-16T01:37:05.8964189Z [sp1] [docker]  [1m[92m   Compiling[0m funty v2.0.0
2026-09-16T01:37:06.0584187Z [sp1] [docker]  [1m[92m   Compiling[0m slop-algebra v6.3.1
2026-09-16T01:37:06.1014581Z [sp1] [docker]  [1m[92m   Compiling[0m serde_json v1.0.150
2026-09-16T01:37:06.2041765Z [sp1] [docker]  [1m[92m   Compiling[0m keccak v0.1.6
2026-09-16T01:37:06.2658580Z [sp1] [docker]  [1m[92m   Compiling[0m futures v0.3.32
2026-09-16T01:37:06.3044320Z [sp1] [docker]  [1m[92m   Compiling[0m cc v1.2.67
2026-09-16T01:37:06.3080071Z [sp1] [docker]  [1m[92m   Compiling[0m zeroize v1.9.0
2026-09-16T01:37:06.4572184Z [sp1] [docker]  [1m[92m   Compiling[0m sha3 v0.10.8 (https://github.com/sp1-patches/RustCrypto-hashes?tag=patch-sha3-0.10.8-sp1-6.0.0#0a16ae7a)
2026-09-16T01:37:06.5618248Z [sp1] [docker]  [1m[92m   Compiling[0m bitvec v1.1.1
2026-09-16T01:37:06.9584066Z [sp1] [docker]  [1m[92m   Compiling[0m sha3 v0.11.0
2026-09-16T01:37:07.2818837Z [sp1] [docker]  [1m[92m   Compiling[0m p3-koala-bear v0.4.3-succinct
2026-09-16T01:37:07.3996585Z [sp1] [docker]  [1m[92m   Compiling[0m ff_derive v0.13.1
2026-09-16T01:37:07.8759528Z [sp1] [docker]  [1m[92m   Compiling[0m p3-challenger v0.4.3-succinct
2026-09-16T01:37:08.0008043Z [sp1] [docker]  [1m[92m   Compiling[0m slop-symmetric v6.3.1
2026-09-16T01:37:08.0412470Z [sp1] [docker]  [1m[92m   Compiling[0m half v1.8.3
2026-09-16T01:37:08.2692661Z [sp1] [docker]  [1m[92m   Compiling[0m subtle v2.6.1
2026-09-16T01:37:08.4134228Z [sp1] [docker]  [1m[92m   Compiling[0m byteorder v1.5.0
2026-09-16T01:37:08.5416230Z [sp1] [docker]  [1m[92m   Compiling[0m itoa v1.0.18
2026-09-16T01:37:08.5452825Z [sp1] [docker]  [1m[92m   Compiling[0m serde_cbor v0.11.2
2026-09-16T01:37:08.6259960Z [sp1] [docker]  [1m[92m   Compiling[0m slop-challenger v6.3.1
2026-09-16T01:37:08.7809839Z [sp1] [docker]  [1m[92m   Compiling[0m blake3 v1.8.5
2026-09-16T01:37:09.0272755Z [sp1] [docker]  [1m[92m   Compiling[0m fips204 v0.4.6 (/root/program/third_party/fips204)
2026-09-16T01:37:09.5181390Z [sp1] [docker]  [1m[92m   Compiling[0m ff v0.13.1
2026-09-16T01:37:09.6473260Z [sp1] [docker]  [1m[92m   Compiling[0m slop-poseidon2 v6.3.1
2026-09-16T01:37:09.6915670Z [sp1] [docker]  [1m[92m   Compiling[0m rustversion v1.0.23
2026-09-16T01:37:09.8238070Z [sp1] [docker]  [1m[92m   Compiling[0m postfiat-crypto-provider v0.1.0 (/root/program/crates/crypto_provider)
2026-09-16T01:37:09.9538981Z [sp1] [docker]  [1m[92m   Compiling[0m p3-bn254-fr v0.4.3-succinct
2026-09-16T01:37:12.0004472Z [sp1] [docker]  [1m[92m   Compiling[0m postfiat-types v0.1.0 (/root/program/crates/types)
2026-09-16T01:37:12.4215973Z [sp1] [docker]  [1m[92m   Compiling[0m arrayref v0.3.9
2026-09-16T01:37:12.4571800Z [sp1] [docker]  [1m[92m   Compiling[0m arrayvec v0.7.8
2026-09-16T01:37:12.6149742Z [sp1] [docker]  [1m[92m   Compiling[0m lazy_static v1.5.0
2026-09-16T01:37:12.6682295Z [sp1] [docker]  [1m[92m   Compiling[0m constant_time_eq v0.4.2
2026-09-16T01:37:12.7155612Z [sp1] [docker]  [1m[92m   Compiling[0m unicode-width v0.1.14
2026-09-16T01:37:12.7701177Z [sp1] [docker]  [1m[92m   Compiling[0m base64 v0.13.1
2026-09-16T01:37:13.0388055Z [sp1] [docker]  [1m[92m   Compiling[0m svgbobdoc v0.3.0
2026-09-16T01:37:13.4041924Z [sp1] [docker]  [1m[92m   Compiling[0m slop-koala-bear v6.3.1
2026-09-16T01:37:13.9088643Z [sp1] [docker]  [1m[92m   Compiling[0m slop-bn254 v6.3.1
2026-09-16T01:37:14.7028044Z [sp1] [docker]  [1m[92m   Compiling[0m slop-primitives v6.3.1
2026-09-16T01:37:14.7239310Z [sp1] [docker]  [1m[92m   Compiling[0m bincode v1.3.3
2026-09-16T01:37:14.7624816Z [sp1] [docker]  [1m[92m   Compiling[0m libm v0.2.16
2026-09-16T01:37:14.9856215Z [sp1] [docker]  [1m[92m   Compiling[0m hex v0.4.3
2026-09-16T01:37:15.2937166Z [sp1] [docker]  [1m[92m   Compiling[0m getrandom v0.3.4
2026-09-16T01:37:15.3220545Z [sp1] [docker]  [1m[92m   Compiling[0m const-default v1.0.0
2026-09-16T01:37:15.3874602Z [sp1] [docker]  [1m[92m   Compiling[0m elf v0.7.4
2026-09-16T01:37:15.5097253Z [sp1] [docker]  [1m[92m   Compiling[0m rlsf v0.2.2
2026-09-16T01:37:15.8500774Z [sp1] [docker]  [1m[92m   Compiling[0m sp1-zkvm v6.3.1
2026-09-16T01:37:15.9806260Z [sp1] [docker]  [1m[92m   Compiling[0m critical-section v1.2.0
2026-09-16T01:37:16.0434033Z [sp1] [docker]  [1m[92m   Compiling[0m linked_list_allocator v0.10.6
2026-09-16T01:37:16.2230224Z [sp1] [docker]  [1m[92m   Compiling[0m sp1-primitives v6.3.1
2026-09-16T01:37:16.2663214Z [sp1] [docker]  [1m[92m   Compiling[0m embedded-alloc v0.6.0
2026-09-16T01:37:17.6853469Z [sp1] [docker]  [1m[92m   Compiling[0m sp1-lib v6.3.1
2026-09-16T01:37:31.0705776Z [sp1] [docker]  [1m[92m   Compiling[0m postfiat-mempool-dag v0.1.0 (/root/program/crates/mempool_dag)
2026-09-16T01:37:31.0706833Z [sp1] [docker]  [1m[92m   Compiling[0m postfiat-consensus-cobalt v0.1.0 (/root/program/crates/consensus_cobalt)
2026-09-16T01:37:35.0367716Z [sp1] [docker]  [1m[92m   Compiling[0m postfiat-ordering-fast v0.1.0 (/root/program/crates/ordering_fast)
2026-09-16T01:37:38.4476838Z [sp1] [docker]  [1m[92m   Compiling[0m postfiat-pfusdc-proofs v0.1.0 (/root/program/crates/pfusdc_proofs)
2026-09-16T01:37:48.3122506Z [sp1] [docker]  [1m[92m   Compiling[0m pfusdc-egress-program v0.1.0 (/root/program/programs/pfusdc-egress)
2026-09-16T01:38:11.2905294Z [sp1] [docker]  [1m[92m    Finished[0m `release` profile [optimized] target(s) in 1m 26s
2026-09-16T01:38:11.6288721Z cargo:rustc-env=SP1_ELF_pfusdc-egress-program=/home/runner/work/_temp/arc-proof-identities/src-b/programs/pfusdc-egress/target/elf-compilation/docker/riscv64im-succinct-zkvm-elf/release/pfusdc-egress-program
2026-09-16T01:38:11.6461312Z arc-ingress build-a=7660fcc58677cfec433a5f2337b9fe46fa96374a1e3c4bd6fba625b982d881bc build-b=7660fcc58677cfec433a5f2337b9fe46fa96374a1e3c4bd6fba625b982d881bc
2026-09-16T01:38:11.6462349Z egress build-a=8b0f266a035a432ef3c0e4233672d8a15b913cefd4c85ff07f91f008601bb744 build-b=8b0f266a035a432ef3c0e4233672d8a15b913cefd4c85ff07f91f008601bb744
2026-09-16T01:38:11.6556763Z arc-ingress rebuilt=7660fcc58677cfec433a5f2337b9fe46fa96374a1e3c4bd6fba625b982d881bc expected=7660fcc58677cfec433a5f2337b9fe46fa96374a1e3c4bd6fba625b982d881bc
2026-09-16T01:38:11.6558382Z egress rebuilt=8b0f266a035a432ef3c0e4233672d8a15b913cefd4c85ff07f91f008601bb744 expected=8b0f266a035a432ef3c0e4233672d8a15b913cefd4c85ff07f91f008601bb744
2026-09-16T01:38:11.7384348Z     Updating crates.io index
2026-09-16T01:38:11.8538184Z     Updating git repository `https://github.com/a16z/helios`
2026-09-16T01:38:13.2275025Z     Updating git repository `https://github.com/succinctlabs/sp1-helios`
2026-09-16T01:38:16.3287339Z     Updating git submodule `https://github.com/succinctlabs/sp1-contracts`
2026-09-16T01:38:17.1291733Z     Updating git submodule `https://github.com/foundry-rs/forge-std`
2026-09-16T01:38:17.8541209Z     Updating git submodule `https://github.com/openzeppelin/openzeppelin-contracts`
2026-09-16T01:38:21.9831033Z     Updating git submodule `https://github.com/a16z/erc4626-tests.git`
2026-09-16T01:38:22.4528302Z     Updating git submodule `https://github.com/dapphub/ds-test`
2026-09-16T01:38:24.2763757Z  Downloading crates ...
2026-09-16T01:38:24.3843271Z   Downloaded ahash v0.8.12
2026-09-16T01:38:24.3874976Z   Downloaded allocator-api2 v0.2.21
2026-09-16T01:38:24.3962797Z   Downloaded adler2 v2.0.1
2026-09-16T01:38:24.3984482Z   Downloaded clap_lex v1.1.0
2026-09-16T01:38:24.4007897Z   Downloaded base64-simd v0.8.0
2026-09-16T01:38:24.4053225Z   Downloaded cargo-platform v0.1.9
2026-09-16T01:38:24.4093852Z   Downloaded async-stream-impl v0.3.6
2026-09-16T01:38:24.4111765Z   Downloaded dashmap v6.2.1
2026-09-16T01:38:24.4152183Z   Downloaded dashu v0.4.4
2026-09-16T01:38:24.4175789Z   Downloaded darling_macro v0.13.4
2026-09-16T01:38:24.4196308Z   Downloaded gen_ops v0.4.0
2026-09-16T01:38:24.4223256Z   Downloaded dashu-base v0.4.3
2026-09-16T01:38:24.4250909Z   Downloaded aws-smithy-observability v0.3.0
2026-09-16T01:38:24.4272424Z   Downloaded atomic v0.6.1
2026-09-16T01:38:24.4298374Z   Downloaded downcast-rs v1.2.1
2026-09-16T01:38:24.4320163Z   Downloaded lru v0.12.5
2026-09-16T01:38:24.4341353Z   Downloaded dashu-macros v0.4.2
2026-09-16T01:38:24.4372576Z   Downloaded colorchoice v1.0.5
2026-09-16T01:38:24.4395607Z   Downloaded num_enum_derive v0.5.11
2026-09-16T01:38:24.4415475Z   Downloaded enum-ordinalize-derive v4.4.1
2026-09-16T01:38:24.4442385Z   Downloaded darling_core v0.13.4
2026-09-16T01:38:24.4501414Z   Downloaded openssl-probe v0.2.1
2026-09-16T01:38:24.4522550Z   Downloaded option-ext v0.2.0
2026-09-16T01:38:24.4540296Z   Downloaded anstream v1.0.0
2026-09-16T01:38:24.4565726Z   Downloaded aws-smithy-async v1.3.0
2026-09-16T01:38:24.4605636Z   Downloaded form_urlencoded v1.2.2
2026-09-16T01:38:24.4622006Z   Downloaded bytemuck_derive v1.11.0
2026-09-16T01:38:24.4641706Z   Downloaded alloy-signer-aws v1.8.3
2026-09-16T01:38:24.4659916Z   Downloaded eventsource-stream v0.2.3
2026-09-16T01:38:24.4694615Z   Downloaded num v0.4.3
2026-09-16T01:38:24.4714407Z   Downloaded p3-keccak-air v0.4.3-succinct
2026-09-16T01:38:24.4736620Z   Downloaded crc32fast v1.5.0
2026-09-16T01:38:24.4759074Z   Downloaded clap_derive v4.6.1
2026-09-16T01:38:24.4815526Z   Downloaded p3-merkle-tree v0.4.3-succinct
2026-09-16T01:38:24.4834183Z   Downloaded pastey v0.2.3
2026-09-16T01:38:24.4851733Z   Downloaded aws-smithy-schema v0.2.0
2026-09-16T01:38:24.4904444Z   Downloaded pin-utils v0.1.0
2026-09-16T01:38:24.4925280Z   Downloaded ref-cast-impl v1.0.25
2026-09-16T01:38:24.4937785Z   Downloaded ref-cast v1.0.25
2026-09-16T01:38:24.5005867Z   Downloaded rustls-pemfile v2.2.0
2026-09-16T01:38:24.5035571Z   Downloaded serde_urlencoded v0.7.1
2026-09-16T01:38:24.5102787Z   Downloaded slop-alloc v6.3.1
2026-09-16T01:38:24.5125328Z   Downloaded slop-air v6.3.1
2026-09-16T01:38:24.5138098Z   Downloaded http-body-util v0.1.4
2026-09-16T01:38:24.5200741Z   Downloaded slop-baby-bear v6.3.1
2026-09-16T01:38:24.5238505Z   Downloaded sp1-build v6.3.1
2026-09-16T01:38:24.5283785Z   Downloaded stable_deref_trait v1.2.1
2026-09-16T01:38:24.5314542Z   Downloaded strsim v0.10.0
2026-09-16T01:38:24.5339694Z   Downloaded strum v0.27.2
2026-09-16T01:38:24.5364830Z   Downloaded superstruct v0.7.0
2026-09-16T01:38:24.5418341Z   Downloaded toml_datetime v0.6.11
2026-09-16T01:38:24.5435184Z   Downloaded utf8_iter v1.0.4
2026-09-16T01:38:24.5450854Z   Downloaded webpki-roots v0.26.11
2026-09-16T01:38:24.5468910Z   Downloaded vec_map v0.8.2
2026-09-16T01:38:24.5490096Z   Downloaded xmlparser v0.13.6
2026-09-16T01:38:24.5527366Z   Downloaded writeable v0.6.3
2026-09-16T01:38:24.5551342Z   Downloaded zerofrom-derive v0.1.7
2026-09-16T01:38:24.5564461Z   Downloaded zstd v0.13.3
2026-09-16T01:38:24.5592172Z   Downloaded gimli v0.32.3
2026-09-16T01:38:24.5656577Z   Downloaded zerovec-derive v0.11.3
2026-09-16T01:38:24.5671711Z   Downloaded sp1-hypercube v6.3.1
2026-09-16T01:38:24.5727229Z   Downloaded snowbridge-amcl v1.0.2
2026-09-16T01:38:24.5810313Z   Downloaded sp1-core-executor v6.3.1
2026-09-16T01:38:24.5894247Z   Downloaded sp1-core-machine v6.3.1
2026-09-16T01:38:24.6022321Z   Downloaded yoke v0.8.3
2026-09-16T01:38:24.6039883Z   Downloaded zerofrom v0.1.8
2026-09-16T01:38:24.6050674Z   Downloaded yoke-derive v0.8.2
2026-09-16T01:38:24.6063093Z   Downloaded sha3 v0.10.9
2026-09-16T01:38:24.6102676Z   Downloaded uuid v1.24.0
2026-09-16T01:38:24.6129081Z   Downloaded typeid_suffix v1.3.0
2026-09-16T01:38:24.6145632Z   Downloaded typeid_prefix v1.2.1
2026-09-16T01:38:24.6160003Z   Downloaded twox-hash v2.1.2
2026-09-16T01:38:24.6181741Z   Downloaded zstd-safe v7.2.4
2026-09-16T01:38:24.6197367Z   Downloaded sp1-sdk v6.3.1
2026-09-16T01:38:24.6266394Z   Downloaded tree_hash_derive v0.10.0
2026-09-16T01:38:24.6274213Z   Downloaded idna v1.1.0
2026-09-16T01:38:24.6304363Z   Downloaded icu_properties_data v2.2.0
2026-09-16T01:38:24.6394079Z   Downloaded toml_edit v0.19.15
2026-09-16T01:38:24.6552825Z   Downloaded tokio-util v0.7.18
2026-09-16T01:38:24.6615292Z   Downloaded aws-lc-sys v0.43.0
2026-09-16T01:38:24.8659806Z   Downloaded winnow v0.5.40
2026-09-16T01:38:24.8729029Z   Downloaded sysinfo v0.30.13
2026-09-16T01:38:24.8805074Z   Downloaded webpki-roots v1.0.8
2026-09-16T01:38:24.8831069Z   Downloaded sp1-recursion-circuit v6.3.1
2026-09-16T01:38:24.8863857Z   Downloaded hashbrown v0.15.5
2026-09-16T01:38:24.8904027Z   Downloaded tokio v1.53.0
2026-09-16T01:38:24.9262405Z   Downloaded time v0.3.53
2026-09-16T01:38:24.9373904Z   Downloaded tower-http v0.6.11
2026-09-16T01:38:24.9448728Z   Downloaded tracing-subscriber v0.3.23
2026-09-16T01:38:24.9514391Z   Downloaded tower v0.4.13
2026-09-16T01:38:24.9595681Z   Downloaded tonic v0.12.3
2026-09-16T01:38:24.9647955Z   Downloaded unicode-width v0.2.2
2026-09-16T01:38:24.9692728Z   Downloaded url v2.5.8
2026-09-16T01:38:24.9713914Z   Downloaded tower v0.5.3
2026-09-16T01:38:24.9793830Z   Downloaded h2 v0.4.15
2026-09-16T01:38:24.9845746Z   Downloaded vsimd v0.8.0
2026-09-16T01:38:24.9862847Z   Downloaded twirp-rs v0.13.0-succinct
2026-09-16T01:38:24.9872174Z   Downloaded tracing-log v0.2.0
2026-09-16T01:38:24.9883051Z   Downloaded tracing-forest v0.1.6
2026-09-16T01:38:24.9901186Z   Downloaded tracing-appender v0.2.5
2026-09-16T01:38:24.9914542Z   Downloaded tower-service v0.3.3
2026-09-16T01:38:24.9921245Z   Downloaded schemars v1.2.1
2026-09-16T01:38:25.0059908Z   Downloaded ruzstd v0.8.3
2026-09-16T01:38:25.0101180Z   Downloaded rand v0.10.2
2026-09-16T01:38:25.0131697Z   Downloaded nom v7.1.3
2026-09-16T01:38:25.0173356Z   Downloaded hyper-util v0.1.20
2026-09-16T01:38:25.0221913Z   Downloaded hyper v1.10.1
2026-09-16T01:38:25.0276624Z   Downloaded http v0.2.12
2026-09-16T01:38:25.0305076Z   Downloaded hashbrown v0.14.5
2026-09-16T01:38:25.0342907Z   Downloaded dynasm v3.2.1
2026-09-16T01:38:25.0378133Z   Downloaded dashu-int v0.4.3
2026-09-16T01:38:25.0462300Z   Downloaded untrusted v0.9.0
2026-09-16T01:38:25.0475736Z   Downloaded try-lock v0.2.5
2026-09-16T01:38:25.0485504Z   Downloaded tree_hash v0.10.0
2026-09-16T01:38:25.0494331Z   Downloaded transpose v0.2.3
2026-09-16T01:38:25.0505003Z   Downloaded tonic-build v0.12.3
2026-09-16T01:38:25.0515120Z   Downloaded toml_parser v1.1.2+spec-1.1.0
2026-09-16T01:38:25.0533442Z   Downloaded tokio-stream v0.1.18
2026-09-16T01:38:25.0571735Z   Downloaded tokio-rustls v0.26.4
2026-09-16T01:38:25.0588536Z   Downloaded mio v1.2.2
2026-09-16T01:38:25.0637543Z   Downloaded minimal-lexical v0.2.1
2026-09-16T01:38:25.0674268Z   Downloaded http v1.4.2
2026-09-16T01:38:25.0704233Z   Downloaded tower-layer v0.3.3
2026-09-16T01:38:25.0712536Z   Downloaded want v0.3.1
2026-09-16T01:38:25.0720590Z   Downloaded utf8parse v0.2.2
2026-09-16T01:38:25.0729280Z   Downloaded urlencoding v2.1.3
2026-09-16T01:38:25.0737956Z   Downloaded rustls-webpki v0.103.13
2026-09-16T01:38:25.0763329Z   Downloaded tiny-keccak v2.0.2
2026-09-16T01:38:25.0783555Z   Downloaded time-macros v0.2.31
2026-09-16T01:38:25.0803747Z   Downloaded thread_local v1.1.10
2026-09-16T01:38:25.0815550Z   Downloaded thiserror-impl v2.0.18
2026-09-16T01:38:25.0827536Z   Downloaded thiserror v2.0.18
2026-09-16T01:38:25.0879241Z   Downloaded thiserror v1.0.69
2026-09-16T01:38:25.0924198Z   Downloaded zstd-sys v2.0.16+zstd.1.5.7
2026-09-16T01:38:25.1053644Z   Downloaded synstructure v0.13.2
2026-09-16T01:38:25.1062281Z   Downloaded sp1-jit v6.3.1
2026-09-16T01:38:25.1080831Z   Downloaded prettyplease v0.2.37
2026-09-16T01:38:25.1110065Z   Downloaded miniz_oxide v0.8.9
2026-09-16T01:38:25.1130064Z   Downloaded log v0.4.33
2026-09-16T01:38:25.1150326Z   Downloaded indexmap v2.14.0
2026-09-16T01:38:25.1184380Z   Downloaded icu_normalizer_data v2.2.0
2026-09-16T01:38:25.1201744Z   Downloaded icu_normalizer v2.2.0
2026-09-16T01:38:25.1230885Z   Downloaded icu_locale_core v2.2.0
2026-09-16T01:38:25.1285812Z   Downloaded icu_collections v2.2.0
2026-09-16T01:38:25.1334738Z   Downloaded flate2 v1.1.9
2026-09-16T01:38:25.1373865Z   Downloaded derive_more-impl v1.0.0
2026-09-16T01:38:25.1411346Z   Downloaded tokio-macros v2.7.1
2026-09-16T01:38:25.1420400Z   Downloaded tinystr v0.8.3
2026-09-16T01:38:25.1437161Z   Downloaded thousands v0.2.0
2026-09-16T01:38:25.1447899Z   Downloaded thiserror-impl v1.0.69
2026-09-16T01:38:25.1458774Z   Downloaded sync_wrapper v1.0.2
2026-09-16T01:38:25.1465800Z   Downloaded syn-solidity v1.6.1
2026-09-16T01:38:25.1514145Z   Downloaded symlink v0.1.0
2026-09-16T01:38:25.1523748Z   Downloaded substrate-bn-succinct-rs v0.6.0
2026-09-16T01:38:25.1545112Z   Downloaded subenum v1.2.0
2026-09-16T01:38:25.1565625Z   Downloaded strum_macros v0.27.2
2026-09-16T01:38:25.1585194Z   Downloaded slop-multilinear v6.3.1
2026-09-16T01:38:25.1596730Z   Downloaded sharded-slab v0.1.7
2026-09-16T01:38:25.1623260Z   Downloaded sha2 v0.11.0
2026-09-16T01:38:25.1652762Z   Downloaded sha2 v0.10.9
2026-09-16T01:38:25.1673362Z   Downloaded rustls-pki-types v1.15.0
2026-09-16T01:38:25.1693953Z   Downloaded ring v0.17.14
2026-09-16T01:38:25.2024048Z   Downloaded p3-baby-bear v0.4.3-succinct
2026-09-16T01:38:25.2041089Z   Downloaded p256 v0.13.2
2026-09-16T01:38:25.2069468Z   Downloaded indicatif v0.17.11
2026-09-16T01:38:25.2098765Z   Downloaded derive_more v1.0.0
2026-09-16T01:38:25.2174292Z   Downloaded slop-tensor v6.3.1
2026-09-16T01:38:25.2184107Z   Downloaded serde_with v3.21.0
2026-09-16T01:38:25.2286849Z   Downloaded struct-reflection-derive v0.1.0
2026-09-16T01:38:25.2291951Z   Downloaded struct-reflection v0.1.0
2026-09-16T01:38:25.2301746Z   Downloaded zerotrie v0.2.4
2026-09-16T01:38:25.2332469Z   Downloaded zerovec v0.11.6
2026-09-16T01:38:25.2378539Z   Downloaded ssz_types v0.11.0
2026-09-16T01:38:25.2393535Z   Downloaded sp1-recursion-machine v6.3.1
2026-09-16T01:38:25.2413941Z   Downloaded sp1-recursion-gnark-ffi v6.3.1
2026-09-16T01:38:25.2440908Z   Downloaded sp1-recursion-executor v6.3.1
2026-09-16T01:38:25.2453632Z   Downloaded sp1-recursion-compiler v6.3.1
2026-09-16T01:38:25.2473114Z   Downloaded sp1-prover-types v6.3.1
2026-09-16T01:38:25.2488067Z   Downloaded slop-stacked v6.3.1
2026-09-16T01:38:25.2496103Z   Downloaded regex-automata v0.4.16
2026-09-16T01:38:25.2607681Z   Downloaded petgraph v0.7.1
2026-09-16T01:38:25.2749097Z   Downloaded parking_lot_core v0.9.12
2026-09-16T01:38:25.2765836Z   Downloaded memmap2 v0.9.11
2026-09-16T01:38:25.2779462Z   Downloaded icu_provider v2.2.0
2026-09-16T01:38:25.2800216Z   Downloaded icu_properties v2.2.0
2026-09-16T01:38:25.2818890Z   Downloaded ethereum_serde_utils v0.8.1
2026-09-16T01:38:25.2834650Z   Downloaded derive-where v1.6.1
2026-09-16T01:38:25.2865584Z   Downloaded strength_reduce v0.2.4
2026-09-16T01:38:25.2876249Z   Downloaded spin v0.9.9
2026-09-16T01:38:25.2894463Z   Downloaded sp1-verifier v6.3.1
2026-09-16T01:38:25.2916855Z   Downloaded sp1-curves v6.3.1
2026-09-16T01:38:25.2930766Z   Downloaded sp1-core-executor-runner-binary v6.3.1
2026-09-16T01:38:25.2939980Z   Downloaded sp1-core-executor-runner v6.3.1
2026-09-16T01:38:25.2950801Z   Downloaded slop-sumcheck v6.3.1
2026-09-16T01:38:25.2959734Z   Downloaded rustls v0.23.42
2026-09-16T01:38:25.3052256Z   Downloaded fs_extra v1.3.0
2026-09-16T01:38:25.3065896Z   Downloaded dashu-float v0.4.5
2026-09-16T01:38:25.3110434Z   Downloaded sp1-derive v6.3.1
2026-09-16T01:38:25.3118650Z   Downloaded scale-info-derive v2.11.6
2026-09-16T01:38:25.3125913Z   Downloaded ruint v1.19.0
2026-09-16T01:38:25.3175975Z   Downloaded reqwest v0.12.28
2026-09-16T01:38:25.3218109Z   Downloaded regex v1.13.1
2026-09-16T01:38:25.3259991Z   Downloaded rayon v1.12.0
2026-09-16T01:38:25.3334185Z   Downloaded quinn-udp v0.5.15
2026-09-16T01:38:25.3347928Z   Downloaded quinn-proto v0.11.16
2026-09-16T01:38:25.3400665Z   Downloaded primeorder v0.13.6
2026-09-16T01:38:25.3411118Z   Downloaded percent-encoding v2.3.2
2026-09-16T01:38:25.3418142Z   Downloaded pem-rfc7468 v0.7.0
2026-09-16T01:38:25.3433634Z   Downloaded num-order v1.2.0
2026-09-16T01:38:25.3443373Z   Downloaded num-modular v0.6.4
2026-09-16T01:38:25.3459305Z   Downloaded lru v0.16.4
2026-09-16T01:38:25.3468515Z   Downloaded litemap v0.8.2
2026-09-16T01:38:25.3486962Z   Downloaded jobserver v0.1.35
2026-09-16T01:38:25.3502513Z   Downloaded httparse v1.10.1
2026-09-16T01:38:25.3522209Z   Downloaded hmac v0.13.0
2026-09-16T01:38:25.3538607Z   Downloaded ethereum_ssz v0.9.1
2026-09-16T01:38:25.3553969Z   Downloaded aws-sdk-kms v1.112.0
2026-09-16T01:38:25.3916105Z   Downloaded alloy-rpc-types-beacon v1.8.3
2026-09-16T01:38:25.3988555Z   Downloaded socket2 v0.6.5
2026-09-16T01:38:25.4003457Z   Downloaded socket2 v0.5.10
2026-09-16T01:38:25.4017726Z   Downloaded slop-whir v6.3.1
2026-09-16T01:38:25.4027485Z   Downloaded slop-utils v6.3.1
2026-09-16T01:38:25.4033792Z   Downloaded slop-uni-stark v6.3.1
2026-09-16T01:38:25.4039791Z   Downloaded slop-merkle-tree v6.3.1
2026-09-16T01:38:25.4048099Z   Downloaded slop-maybe-rayon v6.3.1
2026-09-16T01:38:25.4053662Z   Downloaded slop-matrix v6.3.1
2026-09-16T01:38:25.4059026Z   Downloaded slop-keccak-air v6.3.1
2026-09-16T01:38:25.4064420Z   Downloaded slop-jagged v6.3.1
2026-09-16T01:38:25.4079679Z   Downloaded slop-futures v6.3.1
2026-09-16T01:38:25.4089208Z   Downloaded slop-fri v6.3.1
2026-09-16T01:38:25.4094888Z   Downloaded slop-dft v6.3.1
2026-09-16T01:38:25.4101031Z   Downloaded slop-commit v6.3.1
2026-09-16T01:38:25.4107609Z   Downloaded slop-basefold-prover v6.3.1
2026-09-16T01:38:25.4116018Z   Downloaded slop-basefold v6.3.1
2026-09-16T01:38:25.4124034Z   Downloaded regex-lite v0.1.9
2026-09-16T01:38:25.4143976Z   Downloaded rayon-core v1.13.0
2026-09-16T01:38:25.4172785Z   Downloaded range-set-blaze v0.1.16
2026-09-16T01:38:25.4215391Z   Downloaded quinn v0.11.11
2026-09-16T01:38:25.4240655Z   Downloaded portable-atomic v1.14.0
2026-09-16T01:38:25.4297725Z   Downloaded pest v2.8.7
2026-09-16T01:38:25.4333293Z   Downloaded num-rational v0.4.2
2026-09-16T01:38:25.4343365Z   Downloaded num-complex v0.4.6
2026-09-16T01:38:25.4354620Z   Downloaded matchit v0.7.3
2026-09-16T01:38:25.4369759Z   Downloaded foldhash v0.1.5
2026-09-16T01:38:25.4379475Z   Downloaded dashu-ratio v0.4.4
2026-09-16T01:38:25.4409684Z   Downloaded bls12_381 v0.8.0
2026-09-16T01:38:25.4449962Z   Downloaded num_enum v0.5.11
2026-09-16T01:38:25.4494383Z   Downloaded nu-ansi-term v0.50.3
2026-09-16T01:38:25.4512985Z   Downloaded mti v1.1.1
2026-09-16T01:38:25.4526082Z   Downloaded ipnet v2.12.0
2026-09-16T01:38:25.4539218Z   Downloaded hyper-rustls v0.27.9
2026-09-16T01:38:25.4550299Z   Downloaded fixedbitset v0.5.7
2026-09-16T01:38:25.4564829Z   Downloaded eyre v0.6.12
2026-09-16T01:38:25.4591803Z   Downloaded blst v0.3.16
2026-09-16T01:38:25.4703857Z   Downloaded simd-adler32 v0.3.10
2026-09-16T01:38:25.4718466Z   Downloaded serde_with_macros v3.21.0
2026-09-16T01:38:25.4733512Z   Downloaded serde_path_to_error v0.1.20
2026-09-16T01:38:25.4746458Z   Downloaded object v0.37.3
2026-09-16T01:38:25.4832079Z   Downloaded num_enum v0.7.6
2026-09-16T01:38:25.4877776Z   Downloaded mime v0.3.17
2026-09-16T01:38:25.4888178Z   Downloaded memfd v0.6.5
2026-09-16T01:38:25.4900445Z   Downloaded lock_api v0.4.14
2026-09-16T01:38:25.4910567Z   Downloaded sp1-prover v6.3.1
2026-09-16T01:38:25.5319017Z   Downloaded hyper-timeout v0.5.2
2026-09-16T01:38:25.5330330Z   Downloaded generic-array v1.1.0
2026-09-16T01:38:25.5343450Z   Downloaded enum-map v2.7.3
2026-09-16T01:38:25.5355579Z   Downloaded displaydoc v0.2.6
2026-09-16T01:38:25.5371381Z   Downloaded dirs-sys v0.4.1
2026-09-16T01:38:25.5381194Z   Downloaded deepsize2 v0.1.0
2026-09-16T01:38:25.5389863Z   Downloaded clap_builder v4.6.2
2026-09-16T01:38:25.5440534Z   Downloaded aws-sdk-sts v1.108.0
2026-09-16T01:38:25.5537421Z   Downloaded aws-lc-rs v1.17.3
2026-09-16T01:38:25.5622296Z   Downloaded alloy-genesis v1.8.3
2026-09-16T01:38:25.5656564Z   Downloaded signal-hook-registry v1.4.8
2026-09-16T01:38:25.5665921Z   Downloaded sha2 v0.9.9
2026-09-16T01:38:25.5685482Z   Downloaded sha1_smol v1.0.1
2026-09-16T01:38:25.5695675Z   Downloaded sha1 v0.10.7
2026-09-16T01:38:25.5707718Z   Downloaded serial_test_derive v3.5.0
2026-09-16T01:38:25.5714324Z   Downloaded serial_test v3.5.0
2026-09-16T01:38:25.5725810Z   Downloaded serdect v0.2.0
2026-09-16T01:38:25.5736606Z   Downloaded serde_arrays v0.2.0
2026-09-16T01:38:25.5748201Z   Downloaded scopeguard v1.2.0
2026-09-16T01:38:25.5757584Z   Downloaded scale-info v2.11.6
2026-09-16T01:38:25.5772807Z   Downloaded proc-macro-crate v1.3.1
2026-09-16T01:38:25.5781123Z   Downloaded potential_utf v0.1.5
2026-09-16T01:38:25.5789404Z   Downloaded ryu v1.0.23
2026-09-16T01:38:25.5815103Z   Downloaded rustls-native-certs v0.8.4
2026-09-16T01:38:25.5825281Z   Downloaded rustc-demangle v0.1.28
2026-09-16T01:38:25.5838384Z   Downloaded prost-types v0.13.5
2026-09-16T01:38:25.5851437Z   Downloaded prost-derive v0.13.5
2026-09-16T01:38:25.5861739Z   Downloaded prost-build v0.13.5
2026-09-16T01:38:25.5887488Z   Downloaded pin-project v1.1.13
2026-09-16T01:38:25.5991358Z   Downloaded pairing v0.23.0
2026-09-16T01:38:25.6000131Z   Downloaded p3-uni-stark v0.4.3-succinct
2026-09-16T01:38:25.6011705Z   Downloaded p3-commit v0.4.3-succinct
2026-09-16T01:38:25.6019937Z   Downloaded p3-air v0.4.3-succinct
2026-09-16T01:38:25.6026091Z   Downloaded outref v0.5.2
2026-09-16T01:38:25.6035294Z   Downloaded indenter v0.3.4
2026-09-16T01:38:25.6044982Z   Downloaded axum v0.7.9
2026-09-16T01:38:25.6104132Z   Downloaded aws-smithy-types v1.6.1
2026-09-16T01:38:25.6142536Z   Downloaded aws-smithy-runtime v1.12.0
2026-09-16T01:38:25.6190753Z   Downloaded aws-sdk-ssooidc v1.105.0
2026-09-16T01:38:25.6252961Z   Downloaded aws-config v1.9.0
2026-09-16T01:38:25.6305575Z   Downloaded alloy-provider v1.8.3
2026-09-16T01:38:25.6354695Z   Downloaded alloy-dyn-abi v1.5.7
2026-09-16T01:38:25.6379064Z   Downloaded aho-corasick v1.1.4
2026-09-16T01:38:25.6419892Z   Downloaded rrs-succinct v0.2.0
2026-09-16T01:38:25.6426855Z   Downloaded reqwest-middleware v0.3.3
2026-09-16T01:38:25.6436718Z   Downloaded rand_core v0.10.1
2026-09-16T01:38:25.6448855Z   Downloaded prost v0.13.5
2026-09-16T01:38:25.6461678Z   Downloaded rayon-scan v0.1.1
2026-09-16T01:38:25.6472548Z   Downloaded rand_pcg v0.10.2
2026-09-16T01:38:25.6483818Z   Downloaded pkg-config v0.3.33
2026-09-16T01:38:25.6495955Z   Downloaded pin-project-internal v1.1.13
2026-09-16T01:38:25.6507951Z   Downloaded httpdate v1.0.3
2026-09-16T01:38:25.6517094Z   Downloaded fastrand v2.4.1
2026-09-16T01:38:25.6527812Z   Downloaded ethereum_hashing v0.7.0
2026-09-16T01:38:25.6536011Z   Downloaded crossbeam-channel v0.5.16
2026-09-16T01:38:25.6567257Z   Downloaded backtrace v0.3.76
2026-09-16T01:38:25.6606677Z   Downloaded aws-sigv4 v1.5.1
2026-09-16T01:38:25.6995087Z   Downloaded aws-sdk-sso v1.103.0
2026-09-16T01:38:25.7045753Z   Downloaded aws-runtime v1.8.1
2026-09-16T01:38:25.7077639Z   Downloaded arc-swap v1.9.2
2026-09-16T01:38:25.7108461Z   Downloaded alloy-rpc-types-eth v1.8.3
2026-09-16T01:38:25.7138054Z   Downloaded parking_lot v0.12.5
2026-09-16T01:38:25.7157447Z   Downloaded opentelemetry v0.23.0
2026-09-16T01:38:25.7187131Z   Downloaded num-iter v0.1.46
2026-09-16T01:38:25.7194899Z   Downloaded md-5 v0.10.6
2026-09-16T01:38:25.7206742Z   Downloaded http-body v1.1.0
2026-09-16T01:38:25.7214506Z   Downloaded borsh v1.8.0
2026-09-16T01:38:25.7272600Z   Downloaded aws-smithy-runtime-api v1.13.0
2026-09-16T01:38:25.7305943Z   Downloaded aws-smithy-http-client v1.2.0
2026-09-16T01:38:25.7339040Z   Downloaded aws-smithy-json v0.63.0
2026-09-16T01:38:25.7357083Z   Downloaded aws-credential-types v1.3.0
2026-09-16T01:38:25.7369773Z   Downloaded alloy-transport v1.8.3
2026-09-16T01:38:25.7385855Z   Downloaded alloy-rpc-types-engine v1.8.3
2026-09-16T01:38:25.7403663Z   Downloaded alloy-rpc-client v1.8.3
2026-09-16T01:38:25.7417958Z   Downloaded num_enum_derive v0.7.6
2026-09-16T01:38:25.7427669Z   Downloaded multimap v0.10.1
2026-09-16T01:38:25.7435782Z   Downloaded is_terminal_polyfill v1.70.2
2026-09-16T01:38:25.7442793Z   Downloaded http-body v0.4.6
2026-09-16T01:38:25.7456126Z   Downloaded enum-map-derive v0.17.0
2026-09-16T01:38:25.7464249Z   Downloaded darling v0.20.11
2026-09-16T01:38:25.7502659Z   Downloaded crash-handler v0.7.0
2026-09-16T01:38:25.7525444Z   Downloaded console v0.15.11
2026-09-16T01:38:25.7548124Z   Downloaded clap v4.6.2
2026-09-16T01:38:25.7622748Z   Downloaded chacha20 v0.10.1
2026-09-16T01:38:25.7641238Z   Downloaded camino v1.2.4
2026-09-16T01:38:25.7657588Z   Downloaded bytemuck v1.25.1
2026-09-16T01:38:25.7682364Z   Downloaded borsh-derive v1.8.0
2026-09-16T01:38:25.7706927Z   Downloaded anstyle-parse v1.0.0
2026-09-16T01:38:25.7719433Z   Downloaded alloy-json-rpc v1.8.3
2026-09-16T01:38:25.7733168Z   Downloaded aws-types v1.4.0
2026-09-16T01:38:25.7746986Z   Downloaded anyhow v1.0.103
2026-09-16T01:38:25.7778002Z   Downloaded p3-interpolation v0.4.3-succinct
2026-09-16T01:38:25.7788725Z   Downloaded p3-fri v0.4.3-succinct
2026-09-16T01:38:25.7793307Z   Downloaded matchers v0.2.0
2026-09-16T01:38:25.7801462Z   Downloaded lru-slab v0.1.2
2026-09-16T01:38:25.7807827Z   Downloaded instant v0.1.13
2026-09-16T01:38:25.7817804Z   Downloaded idna_adapter v1.2.2
2026-09-16T01:38:25.7825110Z   Downloaded crossbeam-utils v0.8.22
2026-09-16T01:38:25.7846789Z   Downloaded backoff v0.4.0
2026-09-16T01:38:25.7862886Z   Downloaded axum-core v0.4.5
2026-09-16T01:38:25.7878578Z   Downloaded aws-smithy-xml v0.61.1
2026-09-16T01:38:25.7895290Z   Downloaded async-trait v0.1.89
2026-09-16T01:38:25.7924037Z   Downloaded ansi_term v0.12.1
2026-09-16T01:38:25.7938284Z   Downloaded alloy-signer-local v1.8.3
2026-09-16T01:38:25.7951167Z   Downloaded alloy-network v1.8.3
2026-09-16T01:38:25.7967454Z   Downloaded alloy-contract v1.8.3
2026-09-16T01:38:25.7982661Z   Downloaded futures-utils-wasm v0.1.0
2026-09-16T01:38:25.7990180Z   Downloaded ethereum_ssz_derive v0.9.1
2026-09-16T01:38:25.7997115Z   Downloaded darling v0.13.4
2026-09-16T01:38:25.8017947Z   Downloaded ctutils v0.4.2
2026-09-16T01:38:25.8033414Z   Downloaded crossbeam-queue v0.3.13
2026-09-16T01:38:25.8043453Z   Downloaded crossbeam-deque v0.8.7
2026-09-16T01:38:25.8054863Z   Downloaded crash-context v0.6.3
2026-09-16T01:38:25.8069773Z   Downloaded cmov v0.5.4
2026-09-16T01:38:25.8083584Z   Downloaded cmake v0.1.58
2026-09-16T01:38:25.8094213Z   Downloaded cargo_metadata v0.18.1
2026-09-16T01:38:25.8107648Z   Downloaded bytes-utils v0.1.4
2026-09-16T01:38:25.8120282Z   Downloaded bitcoin-consensus-encoding v1.1.0
2026-09-16T01:38:25.8135002Z   Downloaded aws-smithy-http v0.64.0
2026-09-16T01:38:25.8152264Z   Downloaded alloy-signer v1.8.3
2026-09-16T01:38:25.8162169Z   Downloaded alloy-network-primitives v1.8.3
2026-09-16T01:38:25.8172310Z   Downloaded alloy-core v1.5.7
2026-09-16T01:38:25.8181001Z   Downloaded alloy-chains v0.2.34
2026-09-16T01:38:25.8200234Z   Downloaded alloy v1.8.3
2026-09-16T01:38:25.8214272Z   Downloaded addr2line v0.25.1
2026-09-16T01:38:25.8228340Z   Downloaded opaque-debug v0.3.1
2026-09-16T01:38:25.8235594Z   Downloaded number_prefix v0.4.0
2026-09-16T01:38:25.8242827Z   Downloaded enum-ordinalize v4.4.1
2026-09-16T01:38:25.8249021Z   Downloaded deepsize_derive2 v0.1.0
2026-09-16T01:38:25.8254499Z   Downloaded crossbeam-epoch v0.9.20
2026-09-16T01:38:25.8273509Z   Downloaded anstyle-query v1.1.5
2026-09-16T01:38:25.8282343Z   Downloaded alloy-rpc-types-any v1.8.3
2026-09-16T01:38:25.8291241Z   Downloaded dirs v5.0.1
2026-09-16T01:38:25.8301255Z   Downloaded dynasmrt v3.2.1
2026-09-16T01:38:25.8312286Z   Downloaded crossbeam v0.8.4
2026-09-16T01:38:25.8320829Z   Downloaded block-buffer v0.9.0
2026-09-16T01:38:25.8326791Z   Downloaded atomic-waker v1.1.2
2026-09-16T01:38:25.8335922Z   Downloaded async-stream v0.3.6
2026-09-16T01:38:25.8352520Z   Downloaded aws-smithy-query v0.61.1
2026-09-16T01:38:25.8358783Z   Downloaded async-scoped v0.9.0
2026-09-16T01:38:25.8368452Z   Downloaded aws-smithy-runtime-api-macros v1.1.0
2026-09-16T01:38:25.8374084Z   Downloaded anstyle v1.0.14
2026-09-16T01:38:25.8385083Z   Downloaded alloy-rpc-types v1.8.3
2026-09-16T01:38:25.8394819Z   Downloaded darling_macro v0.20.11
2026-09-16T01:38:25.8399993Z   Downloaded darling_core v0.20.11
2026-09-16T01:38:25.8440003Z   Downloaded alloy-consensus-any v1.8.3
2026-09-16T01:38:26.0835118Z    Compiling proc-macro2 v1.0.106
2026-09-16T01:38:26.0835450Z    Compiling unicode-ident v1.0.24
2026-09-16T01:38:26.0836033Z    Compiling quote v1.0.46
2026-09-16T01:38:26.0836441Z    Compiling serde_core v1.0.228
2026-09-16T01:38:26.1398574Z    Compiling libc v0.2.186
2026-09-16T01:38:26.5342635Z    Compiling serde v1.0.228
2026-09-16T01:38:26.5432257Z    Compiling autocfg v1.5.1
2026-09-16T01:38:26.7772791Z    Compiling num-traits v0.2.19
2026-09-16T01:38:26.8522574Z    Compiling cfg-if v1.0.4
2026-09-16T01:38:27.0472628Z    Compiling syn v2.0.119
2026-09-16T01:38:27.5474650Z    Compiling once_cell v1.21.4
2026-09-16T01:38:28.4860605Z    Compiling getrandom v0.2.17
2026-09-16T01:38:28.6292793Z    Compiling version_check v0.9.5
2026-09-16T01:38:28.8172752Z    Compiling zerocopy v0.8.54
2026-09-16T01:38:28.8797685Z    Compiling crossbeam-utils v0.8.22
2026-09-16T01:38:28.9892692Z    Compiling num-integer v0.1.46
2026-09-16T01:38:28.9992535Z    Compiling generic-array v0.14.9
2026-09-16T01:38:29.0104166Z    Compiling pin-project-lite v0.2.17
2026-09-16T01:38:29.0702544Z    Compiling rand_core v0.6.4
2026-09-16T01:38:29.0927582Z    Compiling crossbeam-epoch v0.9.20
2026-09-16T01:38:29.1900961Z    Compiling crossbeam-deque v0.8.7
2026-09-16T01:38:29.1982377Z    Compiling rayon-core v1.13.0
2026-09-16T01:38:29.2222574Z    Compiling log v0.4.33
2026-09-16T01:38:29.2669580Z    Compiling syn v1.0.109
2026-09-16T01:38:29.2842902Z    Compiling tracing-core v0.1.36
2026-09-16T01:38:29.3642523Z    Compiling subtle v2.6.1
2026-09-16T01:38:29.4432555Z    Compiling typenum v1.20.1
2026-09-16T01:38:30.0644163Z    Compiling memchr v2.8.3
2026-09-16T01:38:30.2273031Z    Compiling radium v0.7.0
2026-09-16T01:38:30.3312509Z    Compiling num-bigint v0.3.3
2026-09-16T01:38:31.1092669Z    Compiling serde_derive v1.0.228
2026-09-16T01:38:31.1142231Z    Compiling tracing-attributes v0.1.31
2026-09-16T01:38:31.5382689Z    Compiling zeroize_derive v1.5.0
2026-09-16T01:38:31.8575494Z    Compiling zeroize v1.9.0
2026-09-16T01:38:31.9202437Z    Compiling tracing v0.1.44
2026-09-16T01:38:31.9699526Z    Compiling futures-macro v0.3.32
2026-09-16T01:38:32.2352874Z    Compiling addchain v0.2.1
2026-09-16T01:38:32.4560506Z    Compiling const-oid v0.9.6
2026-09-16T01:38:32.7202965Z    Compiling itoa v1.0.18
2026-09-16T01:38:32.8910960Z    Compiling block-buffer v0.10.4
2026-09-16T01:38:32.9686822Z    Compiling crypto-common v0.1.6
2026-09-16T01:38:33.0252977Z    Compiling futures-core v0.3.32
2026-09-16T01:38:33.0983024Z    Compiling ff_derive v0.13.1
2026-09-16T01:38:33.1083298Z    Compiling digest v0.10.7
2026-09-16T01:38:33.2812577Z    Compiling futures-sink v0.3.32
2026-09-16T01:38:33.3542590Z    Compiling either v1.16.0
2026-09-16T01:38:33.8352559Z    Compiling slab v0.4.12
2026-09-16T01:38:33.9258582Z    Compiling bytes v1.12.1
2026-09-16T01:38:33.9586587Z    Compiling futures-channel v0.3.32
2026-09-16T01:38:34.1381786Z    Compiling futures-io v0.3.32
2026-09-16T01:38:34.1513079Z    Compiling futures-task v0.3.32
2026-09-16T01:38:34.2482646Z    Compiling futures-util v0.3.32
2026-09-16T01:38:34.2557818Z    Compiling semver v1.0.28
2026-09-16T01:38:34.4402932Z    Compiling jobserver v0.1.35
2026-09-16T01:38:34.6602380Z    Compiling shlex v2.0.1
2026-09-16T01:38:34.7682034Z    Compiling find-msvc-tools v0.1.9
2026-09-16T01:38:34.7902611Z    Compiling tap v1.0.1
2026-09-16T01:38:34.8472391Z    Compiling byteorder v1.5.0
2026-09-16T01:38:34.9063091Z    Compiling cc v1.2.67
2026-09-16T01:38:35.0042622Z    Compiling wyz v0.5.1
2026-09-16T01:38:35.2782432Z    Compiling rustc_version v0.4.1
2026-09-16T01:38:35.4522566Z    Compiling smallvec v1.15.2
2026-09-16T01:38:35.6582688Z    Compiling funty v2.0.0
2026-09-16T01:38:36.0732561Z    Compiling equivalent v1.0.2
2026-09-16T01:38:36.1203137Z    Compiling cpufeatures v0.2.17
2026-09-16T01:38:36.1592704Z    Compiling bitvec v1.1.1
2026-09-16T01:38:36.5862546Z    Compiling arrayvec v0.7.8
2026-09-16T01:38:36.7432660Z    Compiling errno v0.3.14
2026-09-16T01:38:36.8233765Z    Compiling signal-hook-registry v1.4.8
2026-09-16T01:38:36.9501243Z    Compiling tokio-macros v2.7.1
2026-09-16T01:38:37.1903010Z    Compiling mio v1.2.2
2026-09-16T01:38:37.2303015Z    Compiling socket2 v0.6.5
2026-09-16T01:38:37.4878568Z    Compiling tokio v1.53.0
2026-09-16T01:38:37.7182556Z    Compiling ppv-lite86 v0.2.21
2026-09-16T01:38:37.9184277Z    Compiling ff v0.13.1
2026-09-16T01:38:37.9622597Z    Compiling sha2 v0.10.9
2026-09-16T01:38:37.9872624Z    Compiling rand_chacha v0.3.1
2026-09-16T01:38:38.0382904Z    Compiling unicode-xid v0.2.6
2026-09-16T01:38:38.4402761Z    Compiling rand v0.8.7
2026-09-16T01:38:38.4947928Z    Compiling num-bigint v0.4.8
2026-09-16T01:38:39.7312957Z    Compiling itertools v0.12.1
2026-09-16T01:38:41.0524281Z    Compiling p3-util v0.4.3-succinct
2026-09-16T01:38:41.1703072Z    Compiling thiserror v1.0.69
2026-09-16T01:38:42.1873233Z    Compiling hashbrown v0.17.1
2026-09-16T01:38:42.3132539Z    Compiling rayon v1.12.0
2026-09-16T01:38:42.6102515Z    Compiling indexmap v2.14.0
2026-09-16T01:38:42.6652568Z    Compiling p3-field v0.4.3-succinct
2026-09-16T01:38:42.9402499Z    Compiling thiserror-impl v1.0.69
2026-09-16T01:38:43.1302832Z    Compiling zmij v1.0.23
2026-09-16T01:38:43.2418110Z    Compiling paste v1.0.15
2026-09-16T01:38:43.8542619Z    Compiling allocator-api2 v0.2.21
2026-09-16T01:38:45.0314103Z    Compiling rustversion v1.0.23
2026-09-16T01:38:45.2522718Z    Compiling p3-maybe-rayon v0.4.3-succinct
2026-09-16T01:38:45.3012544Z    Compiling base64ct v1.8.3
2026-09-16T01:38:45.4923647Z    Compiling pem-rfc7468 v0.7.0
2026-09-16T01:38:46.3132869Z    Compiling der v0.7.10
2026-09-16T01:38:46.9436756Z    Compiling heck v0.5.0
2026-09-16T01:38:47.0704175Z    Compiling group v0.13.0
2026-09-16T01:38:47.1803192Z    Compiling spki v0.7.3
2026-09-16T01:38:47.4492521Z    Compiling base16ct v0.2.0
2026-09-16T01:38:47.4709235Z    Compiling pkcs8 v0.10.2
2026-09-16T01:38:47.5902671Z    Compiling serdect v0.2.0
2026-09-16T01:38:47.7362624Z    Compiling p3-matrix v0.4.3-succinct
2026-09-16T01:38:47.9650494Z    Compiling sec1 v0.7.3
2026-09-16T01:38:48.0763433Z    Compiling signature v2.2.0
2026-09-16T01:38:48.1656924Z    Compiling crypto-bigint v0.5.5
2026-09-16T01:38:48.4033132Z    Compiling pin-project-internal v1.1.13
2026-09-16T01:38:48.6722890Z    Compiling hmac v0.12.1
2026-09-16T01:38:48.7552607Z    Compiling rfc6979 v0.4.0
2026-09-16T01:38:49.0182494Z    Compiling elliptic-curve v0.13.8
2026-09-16T01:38:49.0955157Z    Compiling p3-koala-bear v0.4.3-succinct
2026-09-16T01:38:49.1169055Z    Compiling itertools v0.14.0
2026-09-16T01:38:49.1773785Z    Compiling serde_json v1.0.150
2026-09-16T01:38:49.3242572Z    Compiling ecdsa v0.16.9
2026-09-16T01:38:49.8022691Z    Compiling k256 v0.13.4
2026-09-16T01:38:49.8292592Z    Compiling p3-symmetric v0.4.3-succinct
2026-09-16T01:38:49.9591300Z    Compiling hex v0.4.3
2026-09-16T01:38:50.5342550Z    Compiling http v1.4.2
2026-09-16T01:38:51.1832517Z    Compiling dunce v1.0.5
2026-09-16T01:38:51.2247981Z    Compiling keccak v0.1.6
2026-09-16T01:38:52.0152513Z    Compiling sha3 v0.10.9
2026-09-16T01:38:52.0672862Z    Compiling futures-executor v0.3.32
2026-09-16T01:38:52.1302651Z    Compiling strsim v0.11.1
2026-09-16T01:38:52.3212978Z    Compiling fnv v1.0.7
2026-09-16T01:38:52.3462587Z    Compiling futures v0.3.32
2026-09-16T01:38:52.3599013Z    Compiling proc-macro-error-attr2 v2.0.0
2026-09-16T01:38:52.4273234Z    Compiling p3-dft v0.4.3-succinct
2026-09-16T01:38:52.4342993Z    Compiling p3-baby-bear v0.4.3-succinct
2026-09-16T01:38:52.5172998Z    Compiling alloy-rlp-derive v0.3.16
2026-09-16T01:38:52.5313307Z    Compiling proc-macro-error2 v2.0.1
2026-09-16T01:38:52.6032719Z    Compiling derive-where v1.6.1
2026-09-16T01:38:52.6752526Z    Compiling unicode-segmentation v1.13.3
2026-09-16T01:38:52.8872528Z    Compiling alloy-rlp v0.3.12
2026-09-16T01:38:52.9642885Z    Compiling convert_case v0.10.0
2026-09-16T01:38:53.0188575Z    Compiling p3-challenger v0.4.3-succinct
2026-09-16T01:38:53.1442758Z    Compiling tokio-util v0.7.18
2026-09-16T01:38:53.1811052Z    Compiling foldhash v0.2.0
2026-09-16T01:38:53.3348986Z    Compiling ruint-macro v1.2.1
2026-09-16T01:38:53.4818618Z    Compiling hashbrown v0.16.1
2026-09-16T01:38:53.5213134Z    Compiling ruint v1.19.0
2026-09-16T01:38:53.7592730Z    Compiling derive_more-impl v2.1.1
2026-09-16T01:38:54.0146224Z    Compiling getrandom v0.4.3
2026-09-16T01:38:54.1131405Z    Compiling slop-algebra v6.3.1
2026-09-16T01:38:54.2310386Z    Compiling const-hex v1.19.1
2026-09-16T01:38:54.2398071Z    Compiling rustc-hash v2.1.3
2026-09-16T01:38:54.4882918Z    Compiling lazy_static v1.5.0
2026-09-16T01:38:54.5316446Z    Compiling spin v0.9.9
2026-09-16T01:38:54.6152607Z    Compiling p3-mds v0.4.3-succinct
2026-09-16T01:38:54.7403024Z    Compiling blake3 v1.8.5
2026-09-16T01:38:54.7802571Z    Compiling ahash v0.8.12
2026-09-16T01:38:54.8712636Z    Compiling gcd v2.3.0
2026-09-16T01:38:54.9664043Z    Compiling p3-poseidon2 v0.4.3-succinct
2026-09-16T01:38:55.0971466Z    Compiling http-body v1.1.0
2026-09-16T01:38:56.4897834Z    Compiling derive_more v2.1.1
2026-09-16T01:38:56.5583635Z    Compiling alloy-primitives v1.5.7
2026-09-16T01:38:56.6723044Z    Compiling slop-symmetric v6.3.1
2026-09-16T01:38:56.8043042Z    Compiling slop-challenger v6.3.1
2026-09-16T01:38:56.8661061Z    Compiling pin-project v1.1.13
2026-09-16T01:38:56.9142682Z    Compiling thiserror v2.0.18
2026-09-16T01:38:57.0473046Z    Compiling pkg-config v0.3.33
2026-09-16T01:38:57.0572837Z    Compiling percent-encoding v2.3.2
2026-09-16T01:38:57.0652225Z    Compiling regex-syntax v0.8.11
2026-09-16T01:38:57.2193117Z    Compiling ident_case v1.0.1
2026-09-16T01:38:57.3268581Z    Compiling slop-poseidon2 v6.3.1
2026-09-16T01:38:57.4075837Z    Compiling thiserror-impl v2.0.18
2026-09-16T01:38:57.4232610Z    Compiling base64 v0.22.1
2026-09-16T01:38:57.7772997Z    Compiling cpufeatures v0.3.0
2026-09-16T01:38:57.8792349Z    Compiling p3-commit v0.4.3-succinct
2026-09-16T01:38:57.9803093Z    Compiling regex-automata v0.4.16
2026-09-16T01:38:58.3002617Z    Compiling synstructure v0.13.2
2026-09-16T01:38:58.6672661Z    Compiling rustix v1.1.4
2026-09-16T01:38:58.7002418Z    Compiling tower-service v0.3.3
2026-09-16T01:38:58.7912909Z    Compiling http-body-util v0.1.4
2026-09-16T01:38:58.8552441Z    Compiling ring v0.17.14
2026-09-16T01:38:58.9167643Z    Compiling winnow v1.0.4
2026-09-16T01:38:58.9947834Z    Compiling ryu v1.0.23
2026-09-16T01:38:59.1212559Z    Compiling dashu-int v0.4.3
2026-09-16T01:38:59.3372489Z    Compiling zerofrom-derive v0.1.7
2026-09-16T01:38:59.6972753Z    Compiling toml_parser v1.1.2+spec-1.1.0
2026-09-16T01:39:00.0612935Z    Compiling p3-bn254-fr v0.4.3-succinct
2026-09-16T01:39:00.0899297Z    Compiling strum_macros v0.27.2
2026-09-16T01:39:00.4903102Z    Compiling crossbeam-queue v0.3.13
2026-09-16T01:39:00.5692491Z    Compiling crossbeam-channel v0.5.16
2026-09-16T01:39:00.8676314Z    Compiling crc32fast v1.5.0
2026-09-16T01:39:00.9752488Z    Compiling toml_datetime v1.1.1+spec-1.1.0
2026-09-16T01:39:01.1082525Z    Compiling bitflags v2.13.1
2026-09-16T01:39:01.2292675Z    Compiling toml_edit v0.25.13+spec-1.1.0
2026-09-16T01:39:01.4242472Z    Compiling crossbeam v0.8.4
2026-09-16T01:39:01.4582615Z    Compiling zerofrom v0.1.8
2026-09-16T01:39:01.5282765Z    Compiling slop-koala-bear v6.3.1
2026-09-16T01:39:01.9792567Z    Compiling slop-bn254 v6.3.1
2026-09-16T01:39:02.1412522Z    Compiling yoke-derive v0.8.2
2026-09-16T01:39:02.2922616Z    Compiling slop-alloc v6.3.1
2026-09-16T01:39:02.6476135Z    Compiling untrusted v0.9.0
2026-09-16T01:39:02.7062540Z    Compiling stable_deref_trait v1.2.1
2026-09-16T01:39:02.7482557Z    Compiling tower-layer v0.3.3
2026-09-16T01:39:02.7892639Z    Compiling parking_lot_core v0.9.12
2026-09-16T01:39:02.8734362Z    Compiling strength_reduce v0.2.4
2026-09-16T01:39:02.8752585Z    Compiling yoke v0.8.3
2026-09-16T01:39:02.9660516Z    Compiling transpose v0.2.3
2026-09-16T01:39:03.0175534Z    Compiling proc-macro-crate v3.5.0
2026-09-16T01:39:03.2787126Z    Compiling slop-primitives v6.3.1
2026-09-16T01:39:03.3383293Z    Compiling slop-matrix v6.3.1
2026-09-16T01:39:03.3822496Z    Compiling parity-scale-codec v3.7.5
2026-09-16T01:39:03.4472633Z    Compiling const_format_proc_macros v0.2.34
2026-09-16T01:39:04.1879497Z    Compiling slop-futures v6.3.1
2026-09-16T01:39:04.2174464Z    Compiling cmake v0.1.58
2026-09-16T01:39:04.3891238Z    Compiling sync_wrapper v1.0.2
2026-09-16T01:39:04.4307634Z    Compiling fs_extra v1.3.0
2026-09-16T01:39:04.5647010Z    Compiling aws-lc-sys v0.43.0
2026-09-16T01:39:04.7348591Z    Compiling slop-tensor v6.3.1
2026-09-16T01:39:04.8903165Z    Compiling matchers v0.2.0
2026-09-16T01:39:04.9514217Z    Compiling tracing-log v0.2.0
2026-09-16T01:39:04.9641459Z    Compiling form_urlencoded v1.2.2
2026-09-16T01:39:05.0559131Z    Compiling sharded-slab v0.1.7
2026-09-16T01:39:05.2403107Z    Compiling zerovec-derive v0.11.3
2026-09-16T01:39:05.2446594Z    Compiling thread_local v1.1.10
2026-09-16T01:39:05.3992600Z    Compiling num-modular v0.6.4
2026-09-16T01:39:05.8688271Z    Compiling nu-ansi-term v0.50.3
2026-09-16T01:39:05.9502452Z    Compiling zerovec v0.11.6
2026-09-16T01:39:06.0203308Z    Compiling tracing-subscriber v0.3.23
2026-09-16T01:39:07.4480660Z    Compiling num-order v1.2.0
2026-09-16T01:39:11.0012293Z    Compiling tower v0.5.3
2026-09-16T01:39:11.3613767Z    Compiling parity-scale-codec-derive v3.7.5
2026-09-16T01:39:12.2515222Z    Compiling slop-commit v6.3.1
2026-09-16T01:39:12.5429724Z    Compiling derive_more-impl v1.0.0
2026-09-16T01:39:12.9643985Z    Compiling impl-trait-for-tuples v0.2.3
2026-09-16T01:39:13.1477688Z    Compiling bytemuck_derive v1.11.0
2026-09-16T01:39:13.7449792Z    Compiling displaydoc v0.2.6
2026-09-16T01:39:13.8097921Z    Compiling object v0.37.3
2026-09-16T01:39:13.9102717Z    Compiling ansi_term v0.12.1
2026-09-16T01:39:14.0272624Z    Compiling crunchy v0.2.4
2026-09-16T01:39:14.1123197Z    Compiling static_assertions v1.1.0
2026-09-16T01:39:14.1192276Z    Compiling dashu-base v0.4.3
2026-09-16T01:39:14.3541149Z    Compiling tracing-forest v0.1.6
2026-09-16T01:39:14.3858344Z    Compiling bytemuck v1.25.1
2026-09-16T01:39:14.5871652Z    Compiling slop-baby-bear v6.3.1
2026-09-16T01:39:15.2555763Z    Compiling rustls-pki-types v1.15.0
2026-09-16T01:39:15.2870051Z    Compiling deepsize_derive2 v0.1.0
2026-09-16T01:39:15.4943006Z    Compiling struct-reflection-derive v0.1.0
2026-09-16T01:39:15.6872506Z    Compiling hybrid-array v0.4.13
2026-09-16T01:39:16.0592937Z    Compiling num_cpus v1.17.0
2026-09-16T01:39:16.1479047Z    Compiling powerfmt v0.2.0
2026-09-16T01:39:16.2442516Z    Compiling httparse v1.10.1
2026-09-16T01:39:16.2660994Z    Compiling winnow v0.5.40
2026-09-16T01:39:16.2989790Z    Compiling aws-lc-rs v1.17.3
2026-09-16T01:39:16.3738459Z    Compiling toml_datetime v0.6.11
2026-09-16T01:39:16.4158128Z    Compiling deranged v0.5.8
2026-09-16T01:39:16.4912211Z    Compiling linux-raw-sys v0.12.1
2026-09-16T01:39:17.0569845Z    Compiling time-core v0.1.9
2026-09-16T01:39:17.1847522Z    Compiling num-conv v0.2.2
2026-09-16T01:39:17.2442656Z    Compiling eyre v0.6.12
2026-09-16T01:39:17.3215643Z    Compiling time v0.3.53
2026-09-16T01:39:17.4432816Z    Compiling toml_edit v0.19.15
2026-09-16T01:39:19.9352672Z    Compiling slop-multilinear v6.3.1
2026-09-16T01:39:20.1972822Z    Compiling dashu-float v0.4.5
2026-09-16T01:39:20.8173088Z    Compiling slop-utils v6.3.1
2026-09-16T01:39:20.9202800Z    Compiling scale-info-derive v2.11.6
2026-09-16T01:39:21.0442692Z    Compiling p3-merkle-tree v0.4.3-succinct
2026-09-16T01:39:21.1840412Z    Compiling darling_core v0.23.0
2026-09-16T01:39:22.1652674Z    Compiling p3-interpolation v0.4.3-succinct
2026-09-16T01:39:22.2160188Z    Compiling syn-solidity v1.6.1
2026-09-16T01:39:22.2438826Z    Compiling macro-string v0.1.4
2026-09-16T01:39:22.4180268Z    Compiling arrayref v0.3.9
2026-09-16T01:39:22.4542530Z    Compiling atomic-waker v1.1.2
2026-09-16T01:39:22.5172956Z    Compiling constant_time_eq v0.4.2
2026-09-16T01:39:22.6165004Z    Compiling cmov v0.5.4
2026-09-16T01:39:22.7952529Z    Compiling try-lock v0.2.5
2026-09-16T01:39:22.9832155Z    Compiling darling_macro v0.23.0
2026-09-16T01:39:23.0733576Z    Compiling want v0.3.1
2026-09-16T01:39:23.1567028Z    Compiling ctutils v0.4.2
2026-09-16T01:39:23.3052681Z    Compiling h2 v0.4.15
2026-09-16T01:39:23.8139358Z    Compiling alloy-sol-macro-input v1.5.7
2026-09-16T01:39:23.9731885Z    Compiling p3-fri v0.4.3-succinct
2026-09-16T01:39:24.8341091Z    Compiling slop-merkle-tree v6.3.1
2026-09-16T01:39:24.8415464Z    Compiling dashu-ratio v0.4.4
2026-09-16T01:39:25.3552776Z    Compiling proc-macro-crate v1.3.1
2026-09-16T01:39:25.5732729Z    Compiling block-buffer v0.12.1
2026-09-16T01:39:25.5821051Z    Compiling crypto-common v0.2.2
2026-09-16T01:39:25.6596037Z    Compiling tinystr v0.8.3
2026-09-16T01:39:25.8803098Z    Compiling darling_core v0.20.11
2026-09-16T01:39:26.6442698Z    Compiling http v0.2.12
2026-09-16T01:39:28.1312547Z    Compiling bincode v1.3.3
2026-09-16T01:39:28.4062547Z    Compiling sp1-derive v6.3.1
2026-09-16T01:39:28.7692497Z    Compiling vsimd v0.8.0
2026-09-16T01:39:28.9880380Z    Compiling elf v0.7.4
2026-09-16T01:39:29.0642022Z    Compiling outref v0.5.2
2026-09-16T01:39:29.1059758Z    Compiling konst_macro_rules v0.2.19
2026-09-16T01:39:29.2022626Z    Compiling anyhow v1.0.103
2026-09-16T01:39:29.3348610Z    Compiling writeable v0.6.3
2026-09-16T01:39:29.4482802Z    Compiling pastey v0.2.3
2026-09-16T01:39:29.7163055Z    Compiling litemap v0.8.2
2026-09-16T01:39:29.7742541Z    Compiling const-oid v0.10.2
2026-09-16T01:39:29.8392665Z    Compiling httpdate v1.0.3
2026-09-16T01:39:29.9582533Z    Compiling hyper v1.10.1
2026-09-16T01:39:30.0991303Z    Compiling digest v0.11.3
2026-09-16T01:39:30.2142629Z    Compiling icu_locale_core v2.2.0
2026-09-16T01:39:30.2242821Z    Compiling dashu-macros v0.4.2
2026-09-16T01:39:31.9967942Z    Compiling sp1-primitives v6.3.1
2026-09-16T01:39:32.4343763Z    Compiling konst v0.2.20
2026-09-16T01:39:32.5702666Z    Compiling base64-simd v0.8.0
2026-09-16T01:39:32.9132667Z    Compiling darling_macro v0.20.11
2026-09-16T01:39:33.0562710Z    Compiling http-body v0.4.6
2026-09-16T01:39:33.0982496Z    Compiling num_enum_derive v0.5.11
2026-09-16T01:39:33.2302703Z    Compiling slop-basefold v6.3.1
2026-09-16T01:39:33.4046495Z    Compiling hashbrown v0.14.5
2026-09-16T01:39:33.7506862Z    Compiling slop-fri v6.3.1
2026-09-16T01:39:33.7860027Z    Compiling alloy-sol-macro-expander v1.5.7
2026-09-16T01:39:33.9313053Z    Compiling darling v0.23.0
2026-09-16T01:39:33.9382189Z    Compiling atomic v0.6.1
2026-09-16T01:39:33.9612351Z    Compiling zerotrie v0.2.4
2026-09-16T01:39:34.0217883Z    Compiling potential_utf v0.1.5
2026-09-16T01:39:34.1113083Z    Compiling slop-dft v6.3.1
2026-09-16T01:39:34.1952579Z    Compiling dynasm v3.2.1
2026-09-16T01:39:34.2082470Z    Compiling ethereum_serde_utils v0.8.1
2026-09-16T01:39:35.4054702Z    Compiling bytes-utils v0.1.4
2026-09-16T01:39:35.4672432Z    Compiling itertools v0.13.0
2026-09-16T01:39:35.6068478Z    Compiling md-5 v0.10.6
2026-09-16T01:39:35.6672843Z    Compiling auto_impl v1.3.0
2026-09-16T01:39:36.6956192Z    Compiling rustls v0.23.42
2026-09-16T01:39:36.7120956Z    Compiling sha1_smol v1.0.1
2026-09-16T01:39:36.8029095Z    Compiling sp1-jit v6.3.1
2026-09-16T01:39:36.8812541Z    Compiling icu_normalizer_data v2.2.0
2026-09-16T01:39:36.9111955Z    Compiling icu_properties_data v2.2.0
2026-09-16T01:39:36.9932751Z    Compiling tiny-keccak v2.0.2
2026-09-16T01:39:37.0478708Z    Compiling utf8_iter v1.0.4
2026-09-16T01:39:37.0561206Z    Compiling ipnet v2.12.0
2026-09-16T01:39:37.1252780Z    Compiling pin-utils v0.1.0
2026-09-16T01:39:37.1598493Z    Compiling aws-smithy-types v1.6.1
2026-09-16T01:39:37.9626929Z    Compiling hyper-util v0.1.20
2026-09-16T01:39:40.4432913Z    Compiling icu_collections v2.2.0
2026-09-16T01:39:40.9151683Z    Compiling uuid v1.24.0
2026-09-16T01:39:41.0032618Z    Compiling ethereum_ssz v0.9.1
2026-09-16T01:39:41.5312919Z    Compiling alloy-sol-macro v1.5.7
2026-09-16T01:39:41.6702095Z    Compiling slop-basefold-prover v6.3.1
2026-09-16T01:39:41.7696494Z    Compiling icu_provider v2.2.0
2026-09-16T01:39:41.7802523Z    Compiling darling v0.20.11
2026-09-16T01:39:41.8183072Z    Compiling const_format v0.2.36
2026-09-16T01:39:42.2242635Z    Compiling p3-air v0.4.3-succinct
2026-09-16T01:39:42.3552691Z    Compiling clap_derive v4.6.1
2026-09-16T01:39:43.1002535Z    Compiling crc-catalog v2.5.0
2026-09-16T01:39:43.1572401Z    Compiling scopeguard v1.2.0
2026-09-16T01:39:43.3702582Z    Compiling utf8parse v0.2.2
2026-09-16T01:39:43.6012324Z    Compiling byte-slice-cast v1.2.3
2026-09-16T01:39:44.0812692Z    Compiling anstyle-parse v1.0.0
2026-09-16T01:39:44.1822527Z    Compiling lock_api v0.4.14
2026-09-16T01:39:44.3389740Z    Compiling crc v3.4.0
2026-09-16T01:39:44.8672539Z    Compiling slop-stacked v6.3.1
2026-09-16T01:39:44.9242634Z    Compiling alloy-sol-types v1.5.7
2026-09-16T01:39:45.0471256Z    Compiling serde_with_macros v3.21.0
2026-09-16T01:39:45.1128883Z    Compiling slop-sumcheck v6.3.1
2026-09-16T01:39:45.2322449Z    Compiling derive_more v1.0.0
2026-09-16T01:39:45.2742572Z    Compiling strum v0.27.2
2026-09-16T01:39:45.3612433Z    Compiling nybbles v0.4.8
2026-09-16T01:39:45.7123982Z    Compiling aws-smithy-async v1.3.0
2026-09-16T01:39:45.7204508Z    Compiling aws-smithy-runtime-api-macros v1.1.0
2026-09-16T01:39:45.8754932Z    Compiling enum-map-derive v0.17.0
2026-09-16T01:39:45.8862415Z    Compiling anstyle v1.0.14
2026-09-16T01:39:46.0122254Z    Compiling simd-adler32 v0.3.10
2026-09-16T01:39:46.1242569Z    Compiling openssl-probe v0.2.1
2026-09-16T01:39:46.3422535Z    Compiling sp1-core-executor v6.3.1
2026-09-16T01:39:46.3801285Z    Compiling anstyle-query v1.1.5
2026-09-16T01:39:46.4323124Z    Compiling is_terminal_polyfill v1.70.2
2026-09-16T01:39:46.4412986Z    Compiling colorchoice v1.0.5
2026-09-16T01:39:46.4782809Z    Compiling adler2 v2.0.1
2026-09-16T01:39:46.4881348Z    Compiling anstream v1.0.0
2026-09-16T01:39:46.5372559Z    Compiling miniz_oxide v0.8.9
2026-09-16T01:39:46.6803086Z    Compiling rustls-native-certs v0.8.4
2026-09-16T01:39:46.9652639Z    Compiling aws-smithy-runtime-api v1.13.0
2026-09-16T01:39:47.3219026Z    Compiling serde_with v3.21.0
2026-09-16T01:39:47.3479678Z    Compiling alloy-trie v0.9.5
2026-09-16T01:39:49.2072642Z    Compiling scale-info v2.11.6
2026-09-16T01:39:49.9919396Z    Compiling slop-jagged v6.3.1
2026-09-16T01:39:50.4062648Z    Compiling icu_properties v2.2.0
2026-09-16T01:39:50.6292663Z    Compiling icu_normalizer v2.2.0
2026-09-16T01:39:50.9702485Z    Compiling alloy-eip2124 v0.2.0
2026-09-16T01:39:51.5012959Z    Compiling p3-uni-stark v0.4.3-succinct
2026-09-16T01:39:51.6802747Z    Compiling ethereum_ssz_derive v0.9.1
2026-09-16T01:39:51.8122607Z    Compiling primeorder v0.13.6
2026-09-16T01:39:52.0346235Z    Compiling alloy-eip7928 v0.3.7
2026-09-16T01:39:52.0829358Z    Compiling alloy-eip7702 v0.6.3
2026-09-16T01:39:52.1453058Z    Compiling alloy-serde v1.8.3
2026-09-16T01:39:52.6182509Z    Compiling alloy-eip2930 v0.2.3
2026-09-16T01:39:52.9257025Z    Compiling num-rational v0.4.2
2026-09-16T01:39:53.0972482Z    Compiling num-iter v0.1.46
2026-09-16T01:39:53.1540952Z    Compiling num-complex v0.4.6
2026-09-16T01:39:53.3562617Z    Compiling memmap2 v0.9.11
2026-09-16T01:39:53.4802652Z    Compiling foldhash v0.1.5
2026-09-16T01:39:53.4864245Z    Compiling clap_lex v1.1.0
2026-09-16T01:39:53.5492371Z    Compiling twox-hash v2.1.2
2026-09-16T01:39:53.5582301Z    Compiling hashbrown v0.15.5
2026-09-16T01:39:53.6022612Z    Compiling clap_builder v4.6.2
2026-09-16T01:39:53.6142900Z    Compiling ruzstd v0.8.3
2026-09-16T01:39:54.3452872Z    Compiling dynasmrt v3.2.1
2026-09-16T01:39:54.5603350Z    Compiling num v0.4.3
2026-09-16T01:39:54.5878632Z    Compiling alloy-eips v1.8.3
2026-09-16T01:39:54.9786750Z    Compiling p256 v0.13.2
2026-09-16T01:39:55.1942448Z    Compiling slop-uni-stark v6.3.1
2026-09-16T01:39:55.2309178Z    Compiling idna_adapter v1.2.2
2026-09-16T01:39:55.2953135Z    Compiling slop-whir v6.3.1
2026-09-16T01:39:55.4322656Z    Compiling snowbridge-amcl v1.0.2
2026-09-16T01:39:55.7562587Z    Compiling flate2 v1.1.9
2026-09-16T01:39:56.0092701Z    Compiling parking_lot v0.12.5
2026-09-16T01:39:56.6617368Z    Compiling deepsize2 v0.1.0
2026-09-16T01:39:56.7692468Z    Compiling slop-air v6.3.1
2026-09-16T01:39:56.8432537Z    Compiling alloy-tx-macros v1.8.3
2026-09-16T01:39:56.9908320Z    Compiling num_enum v0.5.11
2026-09-16T01:39:57.0392527Z    Compiling dashu v0.4.4
2026-09-16T01:39:57.2122634Z    Compiling memfd v0.6.5
2026-09-16T01:39:57.3200448Z    Compiling struct-reflection v0.1.0
2026-09-16T01:39:57.3943958Z    Compiling subenum v1.2.0
2026-09-16T01:39:57.4074429Z    Compiling rayon-scan v0.1.1
2026-09-16T01:39:57.4551329Z    Compiling generic-array v1.1.0
2026-09-16T01:39:57.6025509Z    Compiling thousands v0.2.0
2026-09-16T01:39:57.6653015Z    Compiling downcast-rs v1.2.1
2026-09-16T01:39:57.7832843Z    Compiling camino v1.2.4
2026-09-16T01:39:57.9049314Z    Compiling indenter v0.3.4
2026-09-16T01:39:58.3602822Z    Compiling rrs-succinct v0.2.0
2026-09-16T01:39:58.4302536Z    Compiling sp1-curves v6.3.1
2026-09-16T01:39:58.4442422Z    Compiling sp1-hypercube v6.3.1
2026-09-16T01:39:58.8073040Z    Compiling alloy-consensus v1.8.3
2026-09-16T01:40:02.0342603Z    Compiling idna v1.1.0
2026-09-16T01:40:02.8089418Z    Compiling clap v4.6.2
2026-09-16T01:40:02.8574999Z    Compiling enum-map v2.7.3
2026-09-16T01:40:02.9701733Z    Compiling webpki-roots v1.0.8
2026-09-16T01:40:03.0368682Z    Compiling slop-maybe-rayon v6.3.1
2026-09-16T01:40:03.0815544Z    Compiling serde_arrays v0.2.0
2026-09-16T01:40:03.0912357Z    Compiling vec_map v0.8.2
2026-09-16T01:40:03.1343057Z    Compiling async-trait v0.1.89
2026-09-16T01:40:03.2891460Z    Compiling fastrand v2.4.1
2026-09-16T01:40:05.6732775Z    Compiling url v2.5.8
2026-09-16T01:40:09.6486784Z    Compiling sp1-core-executor-runner-binary v6.3.1
2026-09-16T01:40:16.7026821Z    Compiling alloy-consensus-any v1.8.3
2026-09-16T01:40:17.0032448Z    Compiling alloy-network-primitives v1.8.3
2026-09-16T01:40:17.9499177Z    Compiling alloy-rpc-types-eth v1.8.3
2026-09-16T01:40:22.5602573Z    Compiling prost-derive v0.13.5
2026-09-16T01:40:23.2004716Z    Compiling aws-smithy-schema v0.2.0
2026-09-16T01:40:24.7349809Z    Compiling crash-context v0.6.3
2026-09-16T01:40:25.0182534Z    Compiling crash-handler v0.7.0
2026-09-16T01:40:26.2353388Z    Compiling cargo-platform v0.1.9
2026-09-16T01:40:26.5938938Z    Compiling cargo_metadata v0.18.1
2026-09-16T01:40:28.8523115Z    Compiling aws-smithy-http v0.64.0
2026-09-16T01:40:28.9374519Z    Compiling aws-credential-types v1.3.0
2026-09-16T01:40:29.5883326Z    Compiling alloy-json-rpc v1.8.3
2026-09-16T01:40:29.7462593Z    Compiling aws-types v1.4.0
2026-09-16T01:40:30.0909652Z    Compiling keccak v0.2.0
2026-09-16T01:40:30.1871031Z    Compiling gimli v0.32.3
2026-09-16T01:40:30.7159591Z    Compiling range-set-blaze v0.1.16
2026-09-16T01:40:30.7813567Z    Compiling futures-utils-wasm v0.1.0
2026-09-16T01:40:30.8239140Z    Compiling sha3 v0.11.0
2026-09-16T01:40:32.2090339Z    Compiling addr2line v0.25.1
2026-09-16T01:40:32.4970812Z    Compiling sp1-core-executor-runner v6.3.1
2026-09-16T01:40:32.8338358Z    Compiling aws-smithy-observability v0.3.0
2026-09-16T01:40:33.0557937Z    Compiling hmac v0.13.0
2026-09-16T01:40:33.1542682Z    Compiling sha2 v0.11.0
2026-09-16T01:40:34.8483898Z    Compiling serde_urlencoded v0.7.1
2026-09-16T01:40:35.0301157Z    Compiling tokio-stream v0.1.18
2026-09-16T01:40:35.3893214Z    Compiling async-stream-impl v0.3.6
2026-09-16T01:40:35.6572578Z    Compiling rustc-demangle v0.1.28
2026-09-16T01:40:36.4852573Z    Compiling prettyplease v0.2.37
2026-09-16T01:40:36.5748935Z    Compiling half v1.8.3
2026-09-16T01:40:36.8712732Z    Compiling gen_ops v0.4.0
2026-09-16T01:40:37.3282701Z    Compiling prost v0.13.5
2026-09-16T01:40:37.9662604Z    Compiling serde_cbor v0.11.2
2026-09-16T01:40:38.8432776Z    Compiling backtrace v0.3.76
2026-09-16T01:40:39.0282715Z    Compiling rustls-webpki v0.103.13
2026-09-16T01:40:41.3112588Z    Compiling async-stream v0.3.6
2026-09-16T01:40:41.8952644Z    Compiling aws-sigv4 v1.5.1
2026-09-16T01:40:44.3722726Z    Compiling tokio-rustls v0.26.4
2026-09-16T01:40:44.5792506Z    Compiling hyper-rustls v0.27.9
2026-09-16T01:40:45.2892779Z    Compiling aws-smithy-http-client v1.2.0
2026-09-16T01:40:54.3568847Z    Compiling aws-smithy-runtime v1.12.0
2026-09-16T01:41:00.3842619Z    Compiling alloy-rpc-types-any v1.8.3
2026-09-16T01:41:00.4470377Z    Compiling alloy-signer v1.8.3
2026-09-16T01:41:00.5992955Z    Compiling p3-keccak-air v0.4.3-succinct
2026-09-16T01:41:00.7552672Z    Compiling sysinfo v0.30.13
2026-09-16T01:41:01.0482527Z    Compiling winnow v0.7.15
2026-09-16T01:41:02.7382871Z    Compiling fixedbitset v0.5.7
2026-09-16T01:41:02.9243010Z    Compiling petgraph v0.7.1
2026-09-16T01:41:03.6092377Z    Compiling alloy-sol-type-parser v1.5.7
2026-09-16T01:41:03.8933802Z    Compiling tempfile v3.27.0
2026-09-16T01:41:04.1302626Z    Compiling slop-keccak-air v6.3.1
2026-09-16T01:41:04.1752429Z    Compiling alloy-network v1.8.3
2026-09-16T01:41:04.5392689Z    Compiling aws-runtime v1.8.1
2026-09-16T01:41:05.7493113Z    Compiling sp1-recursion-executor v6.3.1
2026-09-16T01:41:07.4803313Z    Compiling prost-types v0.13.5
2026-09-16T01:41:07.7232647Z    Compiling aws-smithy-json v0.63.0
2026-09-16T01:41:09.0802792Z    Compiling regex v1.13.1
2026-09-16T01:41:09.3813054Z    Compiling fips204 v0.4.6 (/home/runner/work/_temp/arc-proof-identities/src-a/third_party/fips204)
2026-09-16T01:41:10.0312757Z    Compiling arc-swap v1.9.2
2026-09-16T01:41:10.2192631Z    Compiling indexmap v1.9.3
2026-09-16T01:41:10.2992445Z    Compiling regex-lite v0.1.9
2026-09-16T01:41:10.4583368Z    Compiling mime v0.3.17
2026-09-16T01:41:10.8232690Z    Compiling multimap v0.10.1
2026-09-16T01:41:10.9213035Z    Compiling strsim v0.10.0
2026-09-16T01:41:11.0842618Z    Compiling darling_core v0.13.4
2026-09-16T01:41:12.6243054Z    Compiling prost-build v0.13.5
2026-09-16T01:41:12.6316889Z    Compiling axum-core v0.4.5
2026-09-16T01:41:13.5273596Z    Compiling postfiat-crypto-provider v0.1.0 (/home/runner/work/_temp/arc-proof-identities/src-a/crates/crypto_provider)
2026-09-16T01:41:14.7613348Z    Compiling postfiat-types v0.1.0 (/home/runner/work/_temp/arc-proof-identities/src-a/crates/types)
2026-09-16T01:41:15.4712382Z    Compiling tower-http v0.6.11
2026-09-16T01:41:16.0232726Z    Compiling zstd-sys v2.0.16+zstd.1.5.7
2026-09-16T01:41:16.2002855Z    Compiling serde_path_to_error v0.1.20
2026-09-16T01:41:16.5442439Z    Compiling num_enum_derive v0.7.6
2026-09-16T01:41:17.0862456Z    Compiling unicode-width v0.1.14
2026-09-16T01:41:17.2652691Z    Compiling iana-time-zone v0.1.65
2026-09-16T01:41:17.3852990Z    Compiling matchit v0.7.3
2026-09-16T01:41:17.5404930Z    Compiling base64 v0.13.1
2026-09-16T01:41:17.7162633Z    Compiling hashbrown v0.12.3
2026-09-16T01:41:17.7352725Z    Compiling svgbobdoc v0.3.0
2026-09-16T01:41:17.9672750Z    Compiling axum v0.7.9
2026-09-16T01:41:18.5112461Z    Compiling chrono v0.4.45
2026-09-16T01:41:19.6420585Z    Compiling num_enum v0.7.6
2026-09-16T01:41:22.8492977Z    Compiling reqwest v0.12.28
2026-09-16T01:41:40.3454763Z    Compiling tonic-build v0.12.3
2026-09-16T01:41:41.1061160Z    Compiling darling_macro v0.13.4
2026-09-16T01:41:41.2783637Z    Compiling sp1-recursion-machine v6.3.1
2026-09-16T01:41:47.7552615Z    Compiling alloy-transport v1.8.3
2026-09-16T01:41:49.9523066Z    Compiling ethereum_hashing v0.7.0
2026-09-16T01:41:50.1896706Z    Compiling curve25519-dalek v4.1.3 (https://github.com/sp1-patches/curve25519-dalek?tag=patch-4.1.3-sp1-6.2.0#b251b2a1)
2026-09-16T01:41:50.2952797Z    Compiling digest v0.9.0
2026-09-16T01:41:50.3842649Z    Compiling rustc-hex v2.1.0
2026-09-16T01:41:50.4702750Z    Compiling xmlparser v0.13.6
2026-09-16T01:41:51.2962395Z    Compiling const-default v1.0.0
2026-09-16T01:41:51.3435774Z    Compiling portable-atomic v1.14.0
2026-09-16T01:41:51.5713937Z    Compiling getrandom v0.3.4
2026-09-16T01:41:51.7252905Z    Compiling option-ext v0.2.0
2026-09-16T01:41:51.7752709Z    Compiling urlencoding v2.1.3
2026-09-16T01:41:51.9122830Z    Compiling libm v0.2.16
2026-09-16T01:41:52.0609359Z    Compiling aws-smithy-query v0.61.1
2026-09-16T01:41:52.1952421Z    Compiling dirs-sys v0.4.1
2026-09-16T01:41:52.6112546Z    Compiling rlsf v0.2.2
2026-09-16T01:41:52.8225222Z    Compiling aws-smithy-xml v0.61.1
2026-09-16T01:41:55.9049549Z    Compiling substrate-bn-succinct-rs v0.6.0
2026-09-16T01:41:57.7175813Z    Compiling tree_hash v0.10.0
2026-09-16T01:41:58.0687863Z    Compiling alloy-rpc-client v1.8.3
2026-09-16T01:41:58.9062509Z    Compiling darling v0.13.4
2026-09-16T01:41:58.9481079Z    Compiling sp1-prover-types v6.3.1
2026-09-16T01:41:59.2897528Z    Compiling alloy-chains v0.2.34
2026-09-16T01:42:00.2982623Z    Compiling tower v0.4.13
2026-09-16T01:42:01.1522483Z    Compiling alloy-json-abi v1.5.7
2026-09-16T01:42:01.2469078Z    Compiling alloy-rpc-types v1.8.3
2026-09-16T01:42:01.3662831Z    Compiling dashmap v6.2.1
2026-09-16T01:42:01.7752620Z    Compiling typeid_suffix v1.3.0
2026-09-16T01:42:01.9912510Z    Compiling hyper-timeout v0.5.2
2026-09-16T01:42:02.1225125Z    Compiling rustls-pemfile v2.2.0
2026-09-16T01:42:02.2772953Z    Compiling alloy-core v1.5.7
2026-09-16T01:42:02.3334738Z    Compiling lru v0.16.4
2026-09-16T01:42:02.4652447Z    Compiling pairing v0.23.0
2026-09-16T01:42:02.5182528Z    Compiling itertools v0.10.5
2026-09-16T01:42:03.3943076Z    Compiling block-buffer v0.9.0
2026-09-16T01:42:03.4653069Z    Compiling curve25519-dalek-derive v0.1.1 (https://github.com/sp1-patches/curve25519-dalek?tag=patch-4.1.3-sp1-6.2.0#b251b2a1)
2026-09-16T01:42:03.7908370Z    Compiling sp1-recursion-gnark-ffi v6.3.1
2026-09-16T01:42:03.8483314Z    Compiling socket2 v0.5.10
2026-09-16T01:42:04.4638729Z    Compiling critical-section v1.2.0
2026-09-16T01:42:04.5162447Z    Compiling typeid_prefix v1.2.1
2026-09-16T01:42:04.5476597Z    Compiling opaque-debug v0.3.1
2026-09-16T01:42:04.5913028Z    Compiling linked_list_allocator v0.10.6
2026-09-16T01:42:04.7132313Z    Compiling unicode-width v0.2.2
2026-09-16T01:42:04.7262375Z    Compiling zstd-safe v7.2.4
2026-09-16T01:42:04.8022622Z    Compiling sp1-zkvm v6.3.1
2026-09-16T01:42:04.8792784Z    Compiling console v0.15.11
2026-09-16T01:42:04.8976979Z    Compiling embedded-alloc v0.6.0
2026-09-16T01:42:04.9202830Z    Compiling mti v1.1.1
2026-09-16T01:42:05.0162549Z    Compiling sha2 v0.9.9
2026-09-16T01:42:05.2032856Z    Compiling tonic v0.12.3
2026-09-16T01:42:06.3091777Z    Compiling superstruct v0.7.0
2026-09-16T01:42:06.9759401Z    Compiling bls12_381 v0.8.0
2026-09-16T01:42:08.4852783Z    Compiling alloy-provider v1.8.3
2026-09-16T01:42:12.2700648Z    Compiling alloy v1.8.3
2026-09-16T01:42:12.3386408Z    Compiling alloy-dyn-abi v1.5.7
2026-09-16T01:42:14.9259159Z    Compiling ssz_types v0.11.0
2026-09-16T01:42:15.1072614Z    Compiling sp1-verifier v6.3.1
2026-09-16T01:42:15.4702460Z    Compiling aws-sdk-sts v1.108.0
2026-09-16T01:42:17.0092626Z    Compiling dirs v5.0.1
2026-09-16T01:42:18.6622660Z    Compiling aws-sdk-ssooidc v1.105.0
2026-09-16T01:42:27.2682661Z    Compiling aws-sdk-sso v1.103.0
2026-09-16T01:42:33.5102657Z    Compiling tree_hash_derive v0.10.0
2026-09-16T01:42:33.6025219Z    Compiling sp1-lib v6.3.1
2026-09-16T01:42:33.7642937Z    Compiling async-scoped v0.9.0
2026-09-16T01:42:33.8632247Z    Compiling ed25519 v2.2.3
2026-09-16T01:42:33.8892539Z    Compiling sha1 v0.10.7
2026-09-16T01:42:34.2200466Z    Compiling serial_test_derive v3.5.0
2026-09-16T01:42:34.5622544Z    Compiling number_prefix v0.4.0
2026-09-16T01:42:34.6361335Z    Compiling symlink v0.1.0
2026-09-16T01:42:34.8522567Z    Compiling minimal-lexical v0.2.1
2026-09-16T01:42:35.0182649Z    Compiling nom v7.1.3
2026-09-16T01:42:36.5272569Z    Compiling tracing-appender v0.2.5
2026-09-16T01:42:38.1072862Z    Compiling indicatif v0.17.11
2026-09-16T01:42:39.4802721Z    Compiling serial_test v3.5.0
2026-09-16T01:42:40.7962486Z    Compiling aws-config v1.9.0
2026-09-16T01:42:41.0332610Z    Compiling ed25519-dalek v2.2.0
2026-09-16T01:42:41.3483448Z    Compiling helios-consensus-core v0.11.1 (https://github.com/a16z/helios?tag=0.11.1#204c998a)
2026-09-16T01:42:44.2942587Z    Compiling alloy-contract v1.8.3
2026-09-16T01:42:45.5882922Z    Compiling postfiat-mempool-dag v0.1.0 (/home/runner/work/_temp/arc-proof-identities/src-a/crates/mempool_dag)
2026-09-16T01:42:46.0553056Z    Compiling aws-sdk-kms v1.112.0
2026-09-16T01:42:48.5322516Z    Compiling lru v0.12.5
2026-09-16T01:42:48.6392446Z    Compiling opentelemetry v0.23.0
2026-09-16T01:42:50.5572638Z    Compiling instant v0.1.13
2026-09-16T01:42:50.6132563Z    Compiling backoff v0.4.0
2026-09-16T01:42:50.7273054Z    Compiling postfiat-ordering-fast v0.1.0 (/home/runner/work/_temp/arc-proof-identities/src-a/crates/ordering_fast)
2026-09-16T01:42:56.9422684Z    Compiling alloy-signer-aws v1.8.3
2026-09-16T01:43:02.8288361Z    Compiling zstd v0.13.3
2026-09-16T01:43:03.1371365Z    Compiling sp1-helios-primitives v0.1.0 (https://github.com/succinctlabs/sp1-helios?rev=b9bdddf8221e31d41075d4a97f9a14ca6df13cf0#b9bdddf8)
2026-09-16T01:43:04.4072516Z    Compiling sp1-build v6.3.1
2026-09-16T01:43:04.4712954Z    Compiling eventsource-stream v0.2.3
2026-09-16T01:43:04.9242699Z    Compiling twirp-rs v0.13.0-succinct
2026-09-16T01:43:05.9972632Z    Compiling postfiat-consensus-cobalt v0.1.0 (/home/runner/work/_temp/arc-proof-identities/src-a/crates/consensus_cobalt)
2026-09-16T01:43:08.1582946Z    Compiling postfiat-bridge v0.1.0 (/home/runner/work/_temp/arc-proof-identities/src-a/crates/bridge)
2026-09-16T01:43:14.5532566Z    Compiling reqwest-middleware v0.3.3
2026-09-16T01:43:15.2272645Z    Compiling alloy-signer-local v1.8.3
2026-09-16T01:43:15.4443360Z    Compiling pfusdc-ingress-program v0.1.0 (/home/runner/work/_temp/arc-proof-identities/src-a/programs/pfusdc-ingress)
2026-09-16T01:43:18.0113109Z    Compiling postfiat-pfusdc-proofs v0.1.0 (/home/runner/work/_temp/arc-proof-identities/src-a/crates/pfusdc_proofs)
2026-09-16T01:43:18.3323233Z    Compiling pfusdc-arc-ingress-program v0.1.0 (/home/runner/work/_temp/arc-proof-identities/src-a/programs/pfusdc-arc-ingress)
2026-09-16T01:43:20.4492953Z    Compiling arc-conformance v0.1.0 (/home/runner/work/_temp/arc-proof-identities/src-a/crates/arc-conformance)
2026-09-16T01:44:10.0191074Z    Compiling sp1-core-machine v6.3.1
2026-09-16T01:44:15.3025571Z    Compiling sp1-recursion-compiler v6.3.1
2026-09-16T01:44:16.7754158Z    Compiling sp1-recursion-circuit v6.3.1
2026-09-16T01:44:25.5457898Z    Compiling sp1-prover v6.3.1
2026-09-16T01:44:45.2830515Z    Compiling sp1-sdk v6.3.1
2026-09-16T01:45:43.8004137Z    Compiling pfusdc-tier4-prover v0.1.0 (/home/runner/work/_temp/arc-proof-identities/src-a/tools/pfusdc-tier4-prover)
2026-09-16T01:47:21.4405310Z     Finished `release` profile [optimized] target(s) in 9m 09s
2026-09-16T01:47:21.5543356Z      Running `/home/runner/work/_temp/arc-proof-identities/src-a/tools/pfusdc-tier4-prover/target/release/pfusdc-tier4-prover program-info --output /home/runner/work/_temp/arc-proof-identities/report/program-info.json`
2026-09-16T01:49:02.1212394Z {
2026-09-16T01:49:02.1222289Z   "arc_ingress": {
2026-09-16T01:49:02.1222811Z     "elf_sha256": "7660fcc58677cfec433a5f2337b9fe46fa96374a1e3c4bd6fba625b982d881bc",
2026-09-16T01:49:02.1223541Z     "program_vkey": "0x0050a8b0daed2fa75f44d4102b42204c34668a03d311cb727cc6ca3f8df5cf16"
2026-09-16T01:49:02.1224026Z   },
2026-09-16T01:49:02.1241428Z   "egress": {
2026-09-16T01:49:02.1241892Z     "elf_sha256": "8b0f266a035a432ef3c0e4233672d8a15b913cefd4c85ff07f91f008601bb744",
2026-09-16T01:49:02.1242354Z     "program_vkey": "0x0036cbe7d36bbfe1118a3c544eeba74f3791d2a19bf5ec59b972f72d36416852"
2026-09-16T01:49:02.1242693Z   },
2026-09-16T01:49:02.1242846Z   "ingress": {
2026-09-16T01:49:02.1243138Z     "elf_sha256": "7c581aa42a196bd5df5a1efc2c4569663744d9b597cc1cd2253e839f9ba2f921",
2026-09-16T01:49:02.1243565Z     "program_vkey": "0x0033bd140207b97fb2442eb279cc2ce55714be6fbcd66beb325fe7c3786d4dfc"
2026-09-16T01:49:02.1243881Z   },
2026-09-16T01:49:02.1244070Z   "schema": "postfiat.pfusdc.tier4_program_info.v1",
2026-09-16T01:49:02.1244305Z   "sp1_sdk_version": "6.3.1"
2026-09-16T01:49:02.1244482Z }
2026-09-16T01:49:02.4722719Z true
2026-09-16T01:49:02.5455915Z Node 20 is being deprecated. This workflow is running with Node 24 by default. If you need to temporarily use Node 20, you can set the ACTIONS_ALLOW_USE_UNSECURE_NODE_VERSION=true environment variable. For more information see: https://github.blog/changelog/2025-09-19-deprecation-of-node-20-on-github-actions-runners/
2026-09-16T01:49:02.5457520Z ##[group]Run actions/upload-artifact@ea165f8d65b6e75b540449e92b4886f43607fa02
2026-09-16T01:49:02.5457816Z with:
2026-09-16T01:49:02.5457995Z   name: proof-identities-arc-v2-20260902
2026-09-16T01:49:02.5458265Z   path: /home/runner/work/_temp/arc-proof-identities/report
2026-09-16T01:49:02.5458523Z   if-no-files-found: error
2026-09-16T01:49:02.5458720Z   retention-days: 30
2026-09-16T01:49:02.5458891Z   compression-level: 6
2026-09-16T01:49:02.5459059Z   overwrite: false
2026-09-16T01:49:02.5459227Z   include-hidden-files: false
2026-09-16T01:49:02.5459423Z ##[endgroup]
2026-09-16T01:49:02.7798928Z (node:36684) [DEP0040] DeprecationWarning: The `punycode` module is deprecated. Please use a userland alternative instead.
2026-09-16T01:49:02.7799793Z (Use `node --trace-deprecation ...` to show where the warning was created)
2026-09-16T01:49:02.7848657Z With the provided path, there will be 6 files uploaded
2026-09-16T01:49:02.7852354Z Artifact name is valid!
2026-09-16T01:49:02.7853053Z Root directory input is valid!
2026-09-16T01:49:03.1117408Z Beginning upload of artifact content to blob storage
2026-09-16T01:49:03.3521330Z (node:36684) [DEP0169] DeprecationWarning: `url.parse()` behavior is not standardized and prone to errors that have security implications. Use the WHATWG URL API instead. CVEs are not issued for `url.parse()` vulnerabilities.
2026-09-16T01:49:03.9800579Z Uploaded bytes 2734536
2026-09-16T01:49:04.0409720Z Finished uploading artifact content to blob storage!
2026-09-16T01:49:04.0410941Z SHA256 digest of uploaded artifact zip is d458168da9c4ff8845de4bd02a92843f49bbaf0afc252df1d167aa7ee6d083b5
2026-09-16T01:49:04.0411871Z Finalizing artifact upload
2026-09-16T01:49:04.2566775Z Artifact proof-identities-arc-v2-20260902.zip successfully finalized. Artifact ID 10426318710
2026-09-16T01:49:04.2567868Z Artifact proof-identities-arc-v2-20260902 has been successfully uploaded! Final size is 2734536 bytes. Artifact ID is 10426318710
2026-09-16T01:49:04.2572416Z Artifact download URL: https://github.com/postfiatorg/postfiatl1v2/actions/runs/35044347138/artifacts/10426318710
2026-09-16T01:49:04.2796871Z Node 20 is being deprecated. This workflow is running with Node 24 by default. If you need to temporarily use Node 20, you can set the ACTIONS_ALLOW_USE_UNSECURE_NODE_VERSION=true environment variable. For more information see: https://github.blog/changelog/2025-09-19-deprecation-of-node-20-on-github-actions-runners/
2026-09-16T01:49:04.2797796Z Post job cleanup.
2026-09-16T01:49:04.3485978Z [command]/usr/bin/git version
2026-09-16T01:49:04.3517871Z git version 2.55.0
2026-09-16T01:49:04.3545480Z Temporarily overriding HOME='/home/runner/work/_temp/2ac2174e-1bed-44a5-9f1a-589654ebb601' before making global git config changes
2026-09-16T01:49:04.3546488Z Adding repository directory to the temporary git global config as a safe directory
2026-09-16T01:49:04.3549923Z [command]/usr/bin/git config --global --add safe.directory /home/runner/work/postfiatl1v2/postfiatl1v2
2026-09-16T01:49:04.3578555Z [command]/usr/bin/git config --local --name-only --get-regexp core\.sshCommand
2026-09-16T01:49:04.3604787Z [command]/usr/bin/git submodule foreach --recursive sh -c "git config --local --name-only --get-regexp 'core\.sshCommand' && git config --local --unset-all 'core.sshCommand' || :"
2026-09-16T01:49:04.3844974Z [command]/usr/bin/git config --local --name-only --get-regexp http\.https\:\/\/github\.com\/\.extraheader
2026-09-16T01:49:04.3865801Z http.https://github.com/.extraheader
2026-09-16T01:49:04.3873815Z [command]/usr/bin/git config --local --unset-all http.https://github.com/.extraheader
2026-09-16T01:49:04.3899193Z [command]/usr/bin/git submodule foreach --recursive sh -c "git config --local --name-only --get-regexp 'http\.https\:\/\/github\.com\/\.extraheader' && git config --local --unset-all 'http.https://github.com/.extraheader' || :"
2026-09-16T01:49:04.4208501Z Cleaning up orphan processes
2026-09-16T01:49:04.4502322Z ##[warning]Node.js 20 is deprecated. The following actions target Node.js 20 but are being forced to run on Node.js 24: actions/checkout@11bd71901bbe5b1630ceea73d27597364c9af683, actions/upload-artifact@ea165f8d65b6e75b540449e92b4886f43607fa02. For more information see: https://github.blog/changelog/2025-09-19-deprecation-of-node-20-on-github-actions-runners/
